Part Number,Class,Model,Product Description,Warranty,End-of-Support,links
BR-SLX-9540-24S-AC-F,SRA,24X10GE+24X1GE SWITCH AC PRTSD INTK,SLX 9540-24S Switch AC with Front to Back airflow (Port-side to non-port side airflow). Supports 24x10GE/1GE + 24x1GE ports.,1 Year Warranty,,
BR-SLX-9540-24S-DC-F,SRA,24X10GE+24X1GE SWITCH DC PRTSD INTK,SLX 9540-24S Switch DC with Front to Back airflow (Port-side to non-port side airflow). Supports 24x10GE/1GE + 24x1GE ports.,1 Year Warranty,,
BR-SLX-9540-48S-AC-F,SRA,48X10GE+6X100GE SWITCH AC PRTSD INTK,SLX 9540-48S Switch AC with Front to Back airflow (Port-side to non-port side airflow). Supports 48x10GE/1GE + 6x100GE/40GE. (1+1) redundant power supplies and (4+1) redundant fans included.,1 Year Warranty,,
BR-SLX-9540-48S-AC-R,SRA,48X10GE+6X100GE SWITCH AC PRTSD EXH,SLX 9540-48S Switch AC with Back to Front airflow (Non-port Side to port side airflow). Supports 48x10GE/1GE + 6x100GE/40GE. (1+1) redundant power supplies and (4+1) redundant fans included.,1 Year Warranty,,
BR-SLX-9540-48S-DC-F,SRA,48X10GE+6X100GE SWITCH DC PRTSD INTK,SLX 9540-48S Switch DC with Front to Back airflow (Port-side to non-port side airflow). Supports 48x10GE/1GE + 6x100GE/40GE. (1+1) redundant power supplies and (4+1) redundant fans included.,1 Year Warranty,,
BR-SLX-9540-48S-DC-R,SRA,48X10GE+6X100GE SWITCH DC PRTSD EXH,SLX 9540-48S Switch DC with Back to Front airflow (Non-port Side to port side airflow). Supports 48x10GE/1GE + 6x100GE/40GE. (1+1) redundant power supplies and (4+1) redundant fans included.,1 Year Warranty,,
EN-SLX-9640-24S,SRA,24X10GE+4X100GE ROUTER,Extreme SLX 9640-24S Router. Supports 24x10GE/1GE + 4x100GE/40GE. (24S+4C sku no Power supplies or Fans),1 Year Warranty,,
EN-SLX-9640-24S-12C,SRA,24X10GE+12X100GE ROUTER,Extreme SLX 9640-24S Router. Supports 24x10GE/1GE + 12x100GE/40GE. (All ports 24S+12C sku with no Power supplies or Fans),1 Year Warranty,,
EN-SLX-9640-24S-12C-AC-F,SRA,24X10GE+12X100GE ROUTER AC PRTSD INTK,Extreme SLX 9640-24S Router AC with Front to Back airflow. Supports 24x10GE/1GE + 12x100GE/40GE.(1 Power supply 6 Fans),1 Year Warranty,,
EN-SLX-9640-24S-AC-F,SRA,24X10GE+4X100GE ROUTER AC PRTSD INTK,Extreme SLX 9640-24S Router AC with Front to Back airflow. Supports 24x10GE/1GE + 4x100GE/40GE.(1 Power supply 6 Fans),1 Year Warranty,,
8520-48XT-6C,8000,"8520-48XT Empty chassis, No PS, No Fans","Extreme 8520-48XT Switch with two empty power supply slots, six empty fan slots; Ships with one 4-post rack mount kit; Supports 48x10/1G copper ports and 6x100/40G fiber ports",1 Year Warranty,,
8520-48XT-6C-AC-F,8000,"8520-48XT with two AC PS, six F-B fans","Extreme 8520-48XT Switch with front-back airflow; Ships with two AC power supplies, six fans, one 4-post rack mount kit; Supports 48x10/1G copper ports and 6x100/40G fiber ports",1 Year Warranty,,
8520-48XT-6C-AC-R,8000,"8520-48XT with two AC PS, six B-F fans","Extreme 8520-48XT Switch with back-front airflow; Ships with two AC power supplies, six fans, one 4-post rack mount kit; Supports 48x10/1G copper ports and 6x100/40G fiber ports",1 Year Warranty,,
8520-48XT-6C-DC-R,8000,"8520-48XT with two DC PS, six B-F fans","Extreme 8520-48XT Switch with back-front airflow; Ships with two DC power supplies, six fans, one 4-post rack mount kit; Supports 48x10/1G copper ports and 6x100/40G fiber ports",1 Year Warranty,,
8520-48Y-8C,8000,"8520-48Y Empty chassis, No PS, No Fans","Extreme 8520-48Y Switch with two empty power supply slots, six empty fan slots; Ships with one 4-post rack mount kit; Supports 48x25/10/1G and 8x100/40G ports",1 Year Warranty,,
8520-48Y-8C-AC-F,8000,"8520-48Y with two AC PS, six F-B fans","Extreme 8520-48Y Switch with front-back airflow; Ships with two AC power supplies, six fans, one 4-post rack mount kit; Supports 48x25/10/1G and 8x100/40G ports",1 Year Warranty,,
8520-48Y-8C-AC-R,8000,"8520-48Y with two AC PS, six B-F fans","Extreme 8520-48Y Switch with back-front airflow; Ships with two AC power supplies, six fans, one 4-post rack mount kit; Supports 48x25/10/1G and 8x100/40G ports",1 Year Warranty,,
8520-48Y-8C-DC-R,8000,"8520-48Y with two DC PS, six B-F fans","Extreme 8520-48Y Switch with back-front airflow; Ships with two DC power supplies, six fans, one 4-post rack mount kit; Supports 48x25/10/1G and 8x100/40G ports",1 Year Warranty,,
8720-32C,8000,"8720-32C Empty chassis, No PS, No Fans","Extreme 8720-32C Switch with two empty power supply slots, six empty fan slots, Supports 32x100/40G",1 Year Warranty,,
8720-32C-AC-F,8000,"8720-32C with AC PS, F-B fans","Extreme 8720-32C with Front to Back air flow. Supports 32x40/100G with dual AC power supplies, six fans and a 4-post rack mount kit",1 Year Warranty,,
8720-32C-AC-R,8000,"8720-32C with AC PS, B-F fans","Extreme 8720-32C with Back to Front air flow. Supports 32x40/100G AC with dual power supplies, six fans and a 4-post rack mount kit",1 Year Warranty,,
8720-32C-DC-F,8000,"8720-32C with DC PS, F-B fans","Extreme 8720-32C with Front to Back air flow. Supports 32x40/100G with dual DC power supplies, six fans and a 4-post rack mount kit",1 Year Warranty,,
8720-32C-DC-R,8000,"8720-32C with DC PS, B-F fans","Extreme 8720-32C with Back to Front air flow. Supports 32x40/100G with dual DC power supplies, six fans and a 4-post rack mount kit",1 Year Warranty,,
8730-32D,8000,"8730-32D Empty chassis, No PS, No Fans","Extreme 8730-32D Switch with two empty power supply slots, seven empty fan slots, Supports 32x400/100G",1 Year Warranty,,
8730-32D-AC-F,8000,"8730-32D with AC PS, F-B fans","Extreme 8730-32D with Front to Back air flow. Supports 32x400/100G with two AC power supplies, seven fans and a 4-post rack mount kit",1 Year Warranty,,
8730-32D-AC-R,8000,"8730-32D with AC PS, B-F fans","Extreme 8730-32D with Back to Front air flow. Supports 32x400/100G with two AC power supplies, seven fans and a 4-post rack mount kit",1 Year Warranty,,
8730-32D-DC-F,8000,"8730-32D with DC PS, F-B fans","Extreme 8730-32D with Front to Back air flow. Supports 32x400/100G with two DC power supplies, seven fans and a 4-post rack mount kit",1 Year Warranty,,
8730-32D-DC-R,8000,"8730-32D with DC PS, B-F fans","Extreme 8730-32D with Back to Front air flow. Supports 32x400/100G with two DC power supplies, seven fans and a 4-post rack mount kit",1 Year Warranty,,
8820-40C,8000,"8820-40C Empty chassis, No PS, No Fans","Extreme 8820-40C. Base unit with 40x100GE/40GE QSFP28 ports with 2 unpopulated power supply slots, 6 unpopulated fan slots and a 4-post rack mount kit",1 Year Warranty,,
8820-40C-AC-F,8000,"8820-40C with two AC PS, six F-B fans","Extreme 8820-40C with Front-Back airflow. Base unit with 40x100GE/40GE QSFP28 ports with 2 AC power supplies, 6 fan modules and a 4-post rack mount kit",1 Year Warranty,,
8820-40C-AC-R,8000,"8820-40C with two AC PS, six B-F fans","Extreme 8820-40C with Back-Front airflow. Base unit with 40x100GE/40GE QSFP28 ports with 2 AC power supplies, 6 fan modules and a 4-post rack mount kit",1 Year Warranty,,
8820-40C-DC-F,8000,"8820-40C with two DC PS, six F-B fans","Extreme 8820-40C with Front-Back airflow. Base unit with 40x100GE/40GE QSFP28 ports with 2 DC power supplies, 6 fan modules and a 4-post rack mount kit",1 Year Warranty,,
8820-40C-DC-R,8000,"8820-40C with two DC PS, six B-F fans","Extreme 8820-40C with Back-Front airflow. Base unit with 40x100GE/40GE QSFP28 ports with 2 DC power supplies, 6 fan modules and a 4-post rack mount kit",1 Year Warranty,,
8820-80C,8000,"8820-80C Empty chassis, No PS, No Fans","Extreme 8820-80C. Base unit with 80x100GE/40GE QSFP28 ports with 4 unpopulated power supply slots, 4 unpopulated fan slots and a 4-post rack mount kit",1 Year Warranty,,
8820-80C-AC-F,8000,"8820-80C with four AC PS, four F-B fans","Extreme 8820-80C with Front-Back airflow. Base unit with 80x100GE/40GE QSFP28 ports with 4 AC power supplies, 4 fan modules and a 4-post rack mount kit",1 Year Warranty,,
8820-80C-AC-R,8000,"8820-80C with four AC PS, four B-F fans","Extreme 8820-80C with Back-Front airflow. Base unit with 80x100GE/40GE QSFP28 ports with 4 AC power supplies, 4 fan modules and a 4-post rack mount kit",1 Year Warranty,,
8820-80C-DC-F,8000,"8820-80C with four DC PS, four F-B fans","Extreme 8820-80C with Front-Back airflow. Base unit with 80x100GE/40GE QSFP28 ports with 4 DC power supplies, 4 fan modules and a 4-post rack mount kit",1 Year Warranty,,
8820-80C-DC-R,8000,"8820-80C with four DC PS, four B-F fans","Extreme 8820-80C with Back-Front airflow. Base unit with 80x100GE/40GE QSFP28 ports with 4 DC power supplies, 4 fan modules and a 4-post rack mount kit",1 Year Warranty,,
ISW-24W-4X,Fixed L2,ISW-28 802.3bt 24GBP 4 SFP+ 1RU,"28-Port ISW Industrial Ethernet Switch 24 10/100/1000BASE-T 90W PoE ports, plus 4 10GBASE-X SFP+ ports, 720W PoE, Operating Temp -40C - +75C, dual DC power inputs, fanless, 1RU",5 Year Warranty,,
ISW-4W-4WS-4X,Fixed L2,ISW-12 802.3bt 4GBP 4 Combo 4 SFP+,"12-Port ISW Industrial Ethernet Switch 4 10/100/1000BASE-T 90W PoE ports, 4 combo ports supporting either 4 10/100/1000BASE-T 90W PoE OR 4 1000BASE-X (SFP), plus 4 10GBASE-X SFP+ ports, Oper Temp -40C - +75C, dual DC power inputs, fanless",5 Year Warranty,,
PV-SENSOR-SVR-HDD,AppID,Replacement HDD for PV Sensor Appliance,Replacement HDD for PV Sensor Appliance,1 Year Warranty,10/15/2031,
PSI-1300W-APL,ExtremeCloud IQ Controller,1300W Redundant PS for Appliances,1300W Redundant Power Supply for appliances E3120/E2122/4120C,1 Year Warranty,10/15/2031,
XBR-3250CFM-FAN-F,SRA,SLX FIXED FAN AC PORTSIDE INTAKE,SLX Fixed FAN Front to Back airflow,1 Year Warranty,07/15/2031,
XBR-R000297,SRA,"FRU,SLX FIXED RACKMOUNT KIT","SLX 9140/9240/9540/9640 Fixed Rackmount kit, 4-post mid/flush mount compatible",1 Year Warranty,,
10G-ER-SFP40KM-ET,Optics,10G ER SFP+ 40km Ext.Temp,"10G, ER, SFP+, 40km, LC connector, Single-Mode Ext.Temp",1 Year Warranty,,
XEN-R000294,SRA,"FRU,2 POST MID MOUNT KIT/FLUSH MOUNT KIT",SLX9540/SLX9640/VDX6940/VDX6740T MID-MOUNT RACK KIT for 2 post racks,No Warranty,07/31/2031,
AA1419069-E6,EAN,SFP 1000BASE-BX (LC) -1310NM,SFP 1000BASE-BX (LC) -1310NM,1 Year Warranty,,
AA1419070-E6,EAN,SFP 1000BASE-BX (LC) -1490NM,SFP 1000BASE-BX (LC) -1490NM,1 Year Warranty,,
XN-MiniUSB-RJ45,SRA,Mini-USB to RJ45 connector to DB9 Adaptr,Extreme Mini-USB to RJ45 console cable for VDX/SLX,,,
XEN-SLX9640-FAN-F,SRA,SLX 9640 FAN AC F2B AIRFLOW,SLX 9640 FAN Front to Back airflow,1 Year Warranty,,
XEN-SLX9640-FAN-R,SRA,SLX 9640 FAN AC B2F AIRFLOW,SLX 9640 FAN Back to Front airflow,1 Year Warranty,,
XBR-ACPWR-650-F,SRA,SLX FIXED AC 650W PS PORTSIDE INTAKE,SLX Fixed AC 650W Power Supply Front to Back airflow. Power cords not included.,1 Year Warranty,07/31/2032,
XBR-ACPWR-650-R,SRA,SLX FIXED AC 650W PS PORTSIDE EXHAUST,SLX Fixed AC 650W Power Supply Back to Front airflow. Power cords not included.,1 Year Warranty,07/31/2032,
XBR-DCPWR-650-F,SRA,SLX FIXED DC 650W PS PORTSIDE INTAKE,SLX Fixed DC 650W Power Supply Front to BDCk airflow. Power cords not included.,1 Year Warranty,07/31/2032,
XN-2P-RMKIT-001,Smart OmniEdge Switching,2P RMKIT X465 VSP4900,Optional two post rack mount kit for ExtremeSwitching X465 and VSP4900 models. Includes brackets for front or mid-mount of chassis in a two post rack.,Universal LLW,,
VIM5-2Q,Smart OmniEdge Switching,VIM5 2x40GE QSFP,Versatile Interface Module 5 with two 40GbE (QSFP) ports supported on ExtremeSwitching X465 and VSP4900,Universal LLW,,
VIM5-4X,Smart OmniEdge Switching,VIM5 4x10GE SFP+,Versatile Interface Module 5 with four 10GbE (SFP+) ports supported on ExtremeSwitching X465 and VSP4900,Universal LLW,,
VIM5-4XE,Smart OmniEdge Switching,VIM5 4x10GE SFP+ MACsec LRM,"Versatile Interface Module 5 with four 10GbE (SFP+) ports LRM, MACsec capable supported on ExtremeSwitching X465 and VSP4900",Universal LLW,,
VIM5-4YE,Smart OmniEdge Switching,VIM5 4x25GE SFP28 MACsec,Versatile Interface Module 5 with four 25GbE (SFP28) ports MACsec capable supported on ExtremeSwitching X465 and VSP4900,Universal LLW,,
XN-SSD-001-120,Smart OmniEdge Switching,120GB SSD MODULE,Modular SSD 120GB supported on ExtremeSwitching X465 and VSP4900,1 Year Warranty,,
AH-ACC-PWR-36W-US,AH,AH-ACC-PWR-36W-US,36W power supply for AP550. Includes adaptor for US. Applicable for Canada,1 Year Warranty,,
EIO-03-SP,Smart OmniEdge Wireless,EIO-03-SP,Service Panel for AP560i/AP560h,No Warranty,,
AI-TH06120,AP Accessories,6dBi Indoor Hex Sector 120D Tri-band,6dBi Indoor Hex Sector 120 Degree Tri-band with 6 port RP-SMA,1 Year Warranty,,
AI-TH08055,AP Accessories,6dBi Indoor Hex Sector 55-65D Tri-band,6dBi Indoor Hex Sector 2.4GHz 65 Degrees and 5GHz 55 Degrees Tri-band with 6 port RP-SMA,1 Year Warranty,,
AI-TQ06120,AP Accessories,6dBi Indoor Quad Sector 120D Tri-band,6dBi Indoor Quad Sector 120 Degree Tri-band with 4 port RP-SMA,1 Year Warranty,,
AI-TQ08055,AP Accessories,8dBi Indoor Quad Sector 55-65D Tri-band,8dBi Indoor Quad Sector 2.4GHz 65 Degrees and 5GHz 55 Degrees Tri-band with 4 port RP-SMA,1 Year Warranty,,
AI-TH14035,AP Accessories,13dBi 14dBi Hex Sector 35D Tri-band,13dBi (2.4 GHz) and 14dBi (5 and 6 GHz) Indoor Hex Sector 35 Degree Tri-band with 6 port RP-SMA,1 Year Warranty,,
AIO-TQ06120-N,AP Accessories,6dBi Outdoor Quad Sector 120D Tri-band,6dBi Outdoor Quad Sector 120 Degree Tri-band with 4 port N-Type,1 Year Warranty,,
AIO-TQ08055-N,AP Accessories,8dBi Outdoor Quad Sector 65D Tri-band,8dBi Outdoor Quad Sector 65 Degree Tri-band with 4 port N-Type Connector,1 Year Warranty,,
AIO-TQ14035-N,AP Accessories,13dBi 14dBi Quad Sector 35D Tri-band,13dBi (2.4 GHz) and 14dBi (5 and 6 GHz) Outdoor Quad Sector 35 Degree Tri-band with 4 port N-Type Connector,1 Year Warranty,,
XN-2P-RMKIT-009,4000,2P RMKIT for 4220 and X440-G2 12 prt sw,Spare two post rack mount kit for ExtremeSwitching 4220 and X440-G2 12port switches. Includes brackets for front or mid-mount of chassis in a two post rack.,No Warranty,,
RPS-CBL-1M,4000,1 meter RPS cable for use with ext RPS,1 meter RPS cable for use with 550W & 950W external RPS used with 4220 switches,1 Year Warranty,,
RPS-CBL-1M-2x7,4000,Ext RPS Cable 1 meter 2x7 connector,"External RPS Cable, 1 meter, 14 conductor, 2x7 connector, 12V/150W applications",1 Year Warranty,,
RPS-550W,4000,550W EXT REDUN PWR SUPPLY,550W (370W PoE) external redundant power supply,1 Year Warranty,,
RPS-950W,4000,950W EXT REDUN PWR SUPPLY,950W (740W PoE) external redundant power supply,1 Year Warranty,,
XN-2P-RMKIT-014,5000,2P Rack Mount for 5120 switches,"Two piece rack mount kit for ExtremeSwitching 5120 switches, usable with 2 post or 4 post racks",No Warranty,,
XN-FAN-005-R,5000,5120 Fan module BF Airflow,Fan module with Back to Front Airflow for use with 5120 switches,Universal LLW,,
XN-ACPWR-550W-BF-A,5000,550W AC PSU BF,550 Watt AC Power Supply Module - Back to Front airflow,Universal LLW,,
XN-ACPWR-550W-FB-A,5000,550W AC PSU FB,550 Watt AC Power Supply Module - Front to Back airflow,Universal LLW,,
XN-ACPWR-1100W-FB,5000,1100W AC PSU FB,1100 Watt AC PoE Power Supply Module - Front to Back airflow,Universal LLW,,
XN-ACPWR-1200W-FB,5000,1200W AC PSU FB,1200 Watt AC PoE Power Supply Module - Front to Back airflow,Universal LLW,,
XN-ACPWR-1200W-FB-U,5000,1200W AC PSU FB,1200 Watt AC PoE Power Supply Module - Front to Back airflow,Universal LLW,,
XN-ACPWR-150W-FB,5000,150W AC PSU FB,150 Watt AC PoE Power Supply Module - Front to Back airflow,Universal LLW,,
XN-ACPWR-2000W-FB,5000,2000W AC PSU FB,"2000 Watt AC PoE Power Supply Module - Front to Back airflow. Supported on ExtremeSwitching 5520, 5720, X465 and VSP4900",Universal LLW,,
XN-ACPWR-2000W-FB-A,5000,2000W AC PSU FB,2000 Watt AC PoE Power Supply Module - Front to Back airflow. Supported on ExtremeSwitching 5420,Universal LLW,,
XN-ACPWR-2000W-FB-U,5000,2000W AC PSU FB,2000 Watt AC PoE Power Supply Module - Front to Back airflow,Universal LLW,,
XN-ACPWR-350W-BF,5000,350W AC PSU BF,350 Watt AC Power Supply Module - Back to Front airflow,Universal LLW,,
XN-ACPWR-350W-FB,5000,350W AC PSU FB,"350 Watt AC Power Supply Module - Front to Back airflow for Summit X465, VSP4900, 5520",Universal LLW,,
XN-ACPWR-550W-BF,5000,550W AC PSU BF,550 Watt AC Power Supply Module - Back to Front airflow,Universal LLW,,
XN-ACPWR-550W-FB,5000,550W AC PSU FB,550 Watt AC Power Supply Module - Front to Back airflow,Universal LLW,,
XN-ACPWR-600W-FB,5000,600W AC PSU FB,600 Watt AC PoE Power Supply Module - Front to Back airflow,Universal LLW,,
XN-ACPWR-715W-FB,5000,715W AC PSU FB,"715 Watt AC PoE Power Supply Module - Front to Back airflow for Summit X465, VSP4900, 5520, 5720",Universal LLW,,
XN-ACPWR-920W-FB-U,5000,920W AC PSU FB,920 Watt AC PoE Power Supply Module - Front to Back airflow,Universal LLW,,
XN-DCPWR-550W-BF,5000,550W DC PSU BF,550 Watt DC Power Supply Module - Back to Front airflow,Universal LLW,,
XN-DCPWR-550W-FB,5000,550W DC PSU FB,550 Watt DC Power Supply Module - Front to Back airflow,Universal LLW,,
XN-2P-RMKIT-006,5000,2P Rack Mount Kit for 5320 24/48p switch,Spare two post rack mount kit for ExtremeSwitching 5320 - 24 and 48 ports switches. Includes brackets for front or mid-mount of chassis in a two post rack.,No Warranty,,
XN-2P-RMKIT-007,5000,2P Rack Mount Kit for 5320 16p switch,Spare two post rack mount kit for ExtremeSwitching 5320 - 16 ports switch. Includes brackets for front or mid-mount of chassis in a two post rack.,No Warranty,,
XN-2P-RMKIT-011,5000,2P Rack Mount Kit for 5320 16p switch 1U,Spare 1U height two post rack mount kit for ExtremeSwitching 5320 - 16 ports switch. Includes brackets for front or mid-mount of chassis in a two post rack.,No Warranty,,
XN-2P-RMKIT-012,5000,2P Rack Mount for 5320 16 port Cmpct sw,Two post rack mount kit for ExtremeSwitching 5320 16 port compact switches,No Warranty,,
XN-DIN-MT-002,5000,DIN Rail Mount for 5320 16 port Cmpct sw,DIN Rail mount kit for ExtremeSwitching 5320 16 port compact switches,No Warranty,,
XN-UTMKIT-001,5000,Under tbl mt for 5320 16 port Cmpct sw,Under Table mount kit for ExtremeSwitching 5320 16 port compact switches,No Warranty,,
XN-WMKIT-002,5000,Wall Mount for 5320 16 port Cmpct sw,Wall mount kit for ExtremeSwitching 5320 16 port compact switches,No Warranty,,
XN-2P-RMKIT-008,5000,2P Rack Mount Kit for 5420 4220 4120,"Spare two post rack mount kit for ExtremeSwitching 5420, 4220 and 4120, 24 & 48 port switches. Includes brackets for front or mid-mount of chassis in a two post rack.",,,
XN-FAN-000,5000,5420 Spare Fan Module,Spare Fan Module for 5420M switches,Universal LLW,,
XN-2P-RMKIT-005,5000,2P RMKIT 5520 Kit,Optional two post rack mount kit 5520,No Warranty,,
XN-4P-RMKIT-005,5000,5520 Four Post Rack Mount Kit,Optional four post rack mount kit 5520,No Warranty,,
XN-MICRO-USB-USBA,5000,Micro-USB 2.0 to USB 2.0 Type A male,Micro-USB 2.0 to USB 2.0 Type A male console cable,No Warranty,,
XN-FAN-005-F,5000,5120/5720 Fan module FB Airflow,Fan module with Front to Back Airflow for use with 5120 and 5720,Universal LLW,,
XN-SSD-002-120,5000,120GB SSD Module for 5720,Modular SSD 120GB supported on ExtremeSwitching 5720,1 Year Warranty,,
XN-ACPWR-800W-F,7000,800W AC PSU F-B,"AC 800W PSU, Front to Back Airflow for use in 7520, 7720",Universal LLW,,
XN-ACPWR-800W-R,7000,800W AC PSU B-F,"AC 800W PSU, Back to Front Airflow for use in 7520, 7720",Universal LLW,,
XN-DCPWR-800W-F,7000,800W DC PSU F-B,"DC 800W PSU, Front to Back Airflow for use in 7520, 7720",Universal LLW,,
XN-DCPWR-800W-R,7000,800W DC PSU B-F,"DC 800W PSU, Back to Front Airflow for use in 7520, 7720",Universal LLW,,
XN-ACPWR-2400W-BF,7000,2400W AC PSU B2F,2400W AC Power Supply - Back to Front Airflow,1 Year Warranty,,
XN-ACPWR-2400W-FB,7000,2400W AC PSU F2B,2400W AC Power Supply - Front to Back Airflow,1 Year Warranty,,
XN-DCPWR-2400W-BF,7000,2400W DC PSU B2F,2400W DC Power Supply - Back to Front Airflow,1 Year Warranty,,
XN-DCPWR-2400W-FB,7000,2400W DC PSU F2B,2400W DC Power Supply - Front to Back Airflow,1 Year Warranty,,
XN-FAN-007-BF,7000,7830 Fan B2F Airflow,7830 Fan - Back to Front Airflow,1 Year Warranty,,
XN-FAN-007-FB,7000,7830 Fan F2B Airflow,7830 Fan - Front to Back Airflow,1 Year Warranty,,
ESTS01,Accessories,USB Air In Thermal Sensor,USB thermal sensors used to augment the thermal reporting capabilties of switches which do not have inlet or outlet temperatures,No Warranty,,
XN-RJ45-DB9-CONSOLE-CBL,Accessories,RJ45 to DB9 Console cable 6ft,RJ45 to DB9 console cable 6ft,No Warranty,,
XN-RJ45-USBA-CONSOLE-CBL,Accessories,RJ45 to USBA Console cable 6ft,RJ45 to USB 2.0 Type A male console cable 6ft,No Warranty,,
XN-RJ45-USBC-CONSOLE-CBL,Accessories,RJ45 to USBC Console cable 6ft,RJ45 to USB-C console cable 6ft,No Warranty,,
XN-USB-BT500-ADAPTER,Accessories,Bluetooth 5.0 USB Adapter,Bluetooth 5.0 USB adapter,No Warranty,,
10102,Accessories,"PWR CORD,BRA,10A,NBR14136,C13,ST","PWR CORD,BRA,10A,NBR14136,C13,ST",No Warranty,,
10103,Accessories,"PWR CORD,IND,10A,IS1293,C13,ST","PWR CORD,IND,10A,IS1293,C13,ST",No Warranty,,
10104,Accessories,"PWR CORD,IND,10A,IS1293,C15,ST","PWR CORD,IND,10A,IS1293,C15,ST",No Warranty,,
10105,Accessories,"PWR CORD,ITA,10A,CEI 23-50,C15,ST","PWR CORD,ITA,10A,CEI 23-50,C15,ST",No Warranty,,
10106,Accessories,"PWR CORD,NEMA,10A,C14,C13,ST","PWR CORD,NEMA,10A,C14,C13,ST",No Warranty,,
10109,Accessories,"PWR CORD,NEMA,15A,NEMA 6-15P,C15,ST","PWR CORD,NEMA,15A,NEMA 6-15P,C15,ST",No Warranty,,
10117,Accessories,"PWR CORD,NEMA,15A,NEMA 6-15P,C19,ST","PWR CORD,NEMA,15A,NEMA 6-15P,C19,ST",No Warranty,,
10118,Accessories,"PWR CORD,NEMA,15A,NEMA L6-15P,C15,ST","PWR CORD,NEMA,15A,NEMA L6-15P,C15,ST",No Warranty,,
10119,Accessories,"PWR CORD,CHN,16A,GB2099,C19,ST","PWR CORD,CHN,16A,GB2099,C19,ST",No Warranty,,
10120,Accessories,"PWR CORD,ISR,16A,SI-32,C19,ST","PWR CORD,ISR,16A,SI-32,C19,ST",No Warranty,,
10126,Accessories,"PWR CORD,ITA,16A,CEI 23-50,C19,ST","PWR CORD,ITA,16A,CEI 23-50,C19,ST",No Warranty,,
10127,Accessories,"PWR CORD,ZAF,16A,SANS164-1,C19,ST","PWR CORD,ZAF,16A,SANS164-1,C19,ST",No Warranty,,
10128,Accessories,"PWR CORD,BRA,16A,NBR14136,C19,ST","PWR CORD,BRA,16A,NBR14136,C19,ST",No Warranty,,
10129,Accessories,"PWR CORD,INTL,16A,C20,C19,ST","PWR CORD,INTL,16A,C20,C19,ST",No Warranty,,
10134,Accessories,"PWR CORD,NEMA,20A,NEMA 5-20P,C19,ST","PWR CORD,NEMA,20A,NEMA 5-20P,C19,ST",No Warranty,,
10136,Accessories,"PWR CORD,INTL,10A,C14,C13,ST","PWR CORD,INTL,10A,C14,C13,ST",No Warranty,,
10137,Accessories,"PWR CORD,NEMA,15A,NEMA 6-15P,C13,ST","PWR CORD,NEMA,15A,NEMA 6-15P,C13,ST",No Warranty,,
10138,Accessories,"PWR CORD,NEMA,13A,NEMA 5-15P,C13,ST","PWR CORD,NEMA,13A,NEMA 5-15P,C13,ST",No Warranty,,
10139,Accessories,"PWR CORD,NEMA,20A,NEMA L6-20P,C19,ST","PWR CORD,NEMA,20A,NEMA L6-20P,C19,ST",No Warranty,,
10140,Accessories,"PWR CORD,ISR,10A,SI-32,C15,ST","PWR CORD,ISR,10A,SI-32,C15,ST",No Warranty,,
10141,Accessories,"PWR CORD,ARG,10A,IRAM 2073,C15,ST","PWR CORD,ARG,10A,IRAM 2073,C15,ST",No Warranty,,
10142,Accessories,"PWR CORD,NEMA,15A,NEMA 5-15P,C13,RA","PWR CORD,NEMA,15A,NEMA 5-15P,C13,RA",No Warranty,,
10143,Accessories,"PWR CORD,NEMA/JAPAN,12A,C14,C13,ST","PWR CORD,NEMA/JAPAN,12A,C14,C13,ST",No Warranty,,
10144,Accessories,"PWR CORD,TWN,10A,CNS 10917,C13,ST","PWR CORD,TWN,10A,CNS 10917,C13,ST",No Warranty,,
10145,Accessories,"PWR CORD,TWN,13A,CNS 10917,C15,ST","PWR CORD,TWN,13A,CNS 10917,C15,ST",No Warranty,,
10146,Accessories,"PWR CORD,TWN,15A,CNS 10917,C19,ST","PWR CORD,TWN,15A,CNS 10917,C19,ST",No Warranty,,
XN-FAN-001-F,EAN,SLX/VSP/X695/7520/7720/8520/8720 F2B Fan,"Single Fan module Front to Back Airflow for VSP7400, SLX9150, SLX9250, X695, 7520, 7720, 8520 and 8720",Universal LLW,,
XN-FAN-001-R,EAN,SLX/VSP/X695/7520/7720/8520/8720 B2F Fan,"Single Fan module Back to Front Airflow for VSP7400, SLX9150, SLX9250, X695, 7520, 7720, 8520 and 8720",Universal LLW,,
AA1403169-E6,EAN,"10G-BX 10km SFP+, TX/RX pair AA1403170","10G-BX 10km SFP+, TX/RX pair AA1403170",1 Year Warranty,,
AA1403170-E6,EAN,"10G-BX 10km SFP+, RX/TX pair AA1403169","10G-BX 10km SFP+, RX/TX pair AA1403169",1 Year Warranty,,
XN-4P-RKMT298,EAN,4-Post Rail Kit SLX/VSP/X695/7000/8000,"4-Post rack mount rail kit for SLX9150, SLX9250, VSP7400, X695, 7520, 7720, 8520 and 8720",1 Year Warranty,,
XN-ACPWR-750W-F,EAN,750W AC PSU F2B airflow,"750W AC PSU Front to Back Airflow for VSP7400, SLX9150, SLX9250, X695, 8520 and 8720",Universal LLW,,
XN-ACPWR-750W-R,EAN,750W AC PSU B2F airflow,"750W AC PSU Back to Front Airflow for VSP7400, SLX9150, SLX9250, X695, 8520 and 8720",Universal LLW,,
XN-DCPWR-750W-F,EAN,750W DC PSU F2B airflow,"750W DC PSU Front to Back Airflow for VSP7400, SLX9150, SLX9250, X695, 8520 and 8720",Universal LLW,,
XN-DCPWR-750W-R,EAN,750W DC PSU B2F airflow,"750W DC PSU Back to Front Airflow for VSP7400, SLX9150, SLX9250, X695, 8520 and 8720",Universal LLW,,
XN-WMKIT-003,Fixed L2,2P Wall mount kit for ISW,Spare 2 piece wall mount kit for ISW switches,No Warranty,,
XN-WMKIT-004,Fixed L2,1P Wall mount kit for ISW,Optional 1 piece wall mount kit for ISW switches (168xx) with added ruggedization design for extreme vibration environment.,No Warranty,,
ISW-AC-DC-PS-960W,Fixed L2,ISW AC-DC PS 960W DIN Rail,ISW AC-DC Power Supply 960W Output DIN Rail -30 - 70C,3 Year Warranty,,
40G-AOC-QSFP10M,Optics,40G AOC QSFP+ 10m,"40G, AOC, QSFP+, 10m, MSA P/N: EQPC40A0100C0100.",1 Year Warranty,,
40G-AOC-QSFP20M,Optics,40G AOC QSFP+ 20m,"40G, AOC, QSFP+, 20m, MSA P/N: EQPC40A0200C0100.",1 Year Warranty,,
40G-AOC-QSFP3M,Optics,40G AOC QSFP+ 3m,"40G, AOC, QSFP+, 3m, MSA P/N: EQPC40A0030C0100.",1 Year Warranty,,
40G-AOC-QSFP4SFP10M,Optics,40G AOC QSFP+ to 4xSFP+ 10m,"40G, AOC, QSFP+ to 4xSFP+ Breakout, 10m, MSA P/N: EQPC40A0100C01X4.",1 Year Warranty,,
40G-AOC-QSFP5M,Optics,40G AOC QSFP+ 5m,"40G, AOC, QSFP+, 5m, MSA P/N: EQPC40A0050C0100.",1 Year Warranty,,
40G-DACA-QSFP1M,Optics,40G Active DAC QSFP+ 1m,"40G, Active DAC, QSFP+, 1m, MSA P/N: EQPC40AC010C0100.",1 Year Warranty,,
40G-DACA-QSFP3M,Optics,40G Active DAC QSFP+ 3m,"40G, Active DAC, QSFP+, 3m, MSA P/N: EQPC40AC030C0100.",1 Year Warranty,,
40G-DACA-QSFP4SFP1M,Optics,40G Active DAC QSFP+ to 4xSFP+ 1m,"40G, Active DAC, QSFP+ to 4xSFP+ Breakout, 1m, MSA P/N: EQPC40AC010C01X4.",1 Year Warranty,,
40G-DACA-QSFP4SFP3M,Optics,40G Active DAC QSFP+ to 4xSFP+ 3m,"40G, Active DAC, QSFP+ to 4xSFP+ Breakout, 3m, MSA P/N: EQPC40AC030C01X4.",1 Year Warranty,,
40G-DACA-QSFP4SFP5M,Optics,40G Active DAC QSFP+ to 4xSFP+ 5m,"40G, Active DAC, QSFP+ to 4xSFP+ Breakout, 5m, MSA P/N: EQPC40AC050C01X4.",1 Year Warranty,,
40G-DACA-QSFP5M,Optics,40G Active DAC QSFP+ 5m,"40G, Active DAC, QSFP+, 5m, MSA P/N: EQPC40AC050C0100.",1 Year Warranty,,
40G-DACP-QSFP1M,Optics,40G Passive DAC QSFP+ 1m,"40G, Passive DAC, QSFP+, 1m, MSA P/N: EQPC40PC010C0100.",1 Year Warranty,,
40G-DACP-QSFP3M,Optics,40G Passive DAC QSFP+ 3m,"40G, Passive DAC, QSFP+, 3m, MSA P/N: EQPC40PC030C0100.",1 Year Warranty,,
40G-DACP-QSFP4SFP1M,Optics,40G Passive DAC QSFP+ to 4xSFP+ 1m,"40G, Passive DAC, QSFP+ to 4xSFP+ Breakout, 1m, MSA P/N: EQPC40PC010C01X4.",1 Year Warranty,,
40G-DACP-QSFP4SFP2M,Optics,40G Passive DAC QSFP+ to 4xSFP+ 2m,"40G, Passive DAC, QSFP+ to 4xSFP+ Breakout, 2m, MSA P/N: EQPC40PC020C01X4.",1 Year Warranty,,
40G-DACP-QSFP4SFP3M,Optics,40G Passive DAC QSFP+ to 4xSFP+ 3m,"40G, Passive DAC, QSFP+ to 4xSFP+ Breakout, 3m, MSA P/N: EQPC40PC030C01X4.",1 Year Warranty,,
40G-DACP-QSFP4SFP5M,Optics,40G Passive DAC QSFP+ to 4xSFP+ 5m,"40G, Passive DAC, QSFP+ to 4xSFP+ Breakout, 5m, MSA P/N: EQPC40PC050C01X4.",1 Year Warranty,,
40G-DACP-QSFP5M,Optics,40G Passive DAC QSFP+ 5m,"40G, Passive DAC, QSFP+, 5m, MSA P/N: EQPC40PC050C0100.",1 Year Warranty,,
40G-DACP-QSFPZ5M,Optics,40G Passive DAC QSFP+ 0.5m,"40G, Passive DAC, QSFP+, 0.5m, MSA P/N: EQPC40PCZ50C0100.",1 Year Warranty,,
40G-ESR4-QSFP400M-NT,Optics,40G ESR4 QSFP+ 400m 10G-SR interop.,"40G, ESR4, QSFP+, 400m, 10G-SR interoperable, MPO connector, Multi-Mode, MSA P/N: EQPT404SR4SCM1NT.",1 Year Warranty,,
40G-LR4-QSFP10KM,Optics,40G LR4 QSFP+ 10km,"40G, LR4, QSFP+, 10km, LC connector, Single-Mode, MSA P/N: EQPT404LR4LCL100.",1 Year Warranty,,
40G-PSM4-QSFP10KM,Optics,40G PSM4 QSFP+ 10km,"40G, PSM4, QSFP+, 10km, MPO connector, Single-Mode, MSA P/N: EQPT404PS4LCM100.",1 Year Warranty,,
40G-SR4-QSFP150M,Optics,40G SR4 QSFP+ 150m 10G-SR interoperable,40G SR4 QSFP+ 150m 10G-SR interoperable MPO connector Multi-Mode MSA P/N MSA P/N EQPT404SR4VCM100,1 Year Warranty,,
100G-4WDM-QSFP10KM,Optics,100G 4WDM-10 QSFP28 10km,"100G, 4WDM-10, QSFP28, 10km, LC connector, Single-Mode, MSA P/N: EQPT1H4WM4LCL100.",1 Year Warranty,,
100G-4WDM-QSFP20KM,Optics,100G 4WDM-20 QSFP28 20km,"100G, 4WDM-20, QSFP28, 20km, LC connector, Single-Mode, MSA P/N: EQPT1H4WM4WCL100.",1 Year Warranty,,
100G-4WDM-QSFP40KM,Optics,100G 4WDM-40 QSFP28 40km,"100G, 4WDM-40, QSFP28, 40km, LC connector, Single-Mode, MSA P/N: EQPT1H4WM4ECL100.",1 Year Warranty,,
100G-AOC-QSFP10M-TA,Optics,100G AOC QSFP28 10m TAA,"100G, AOC, QSFP28, 10m, TAA, MSA P/N: EQPC1HA0100C0100.",1 Year Warranty,,
100G-CWDM4-QSFP2KM,Optics,100G CWDM4 QSFP28 2km,"100G, CWDM4, QSFP28, 2km, LC connector, Single-Mode, MSA P/N: EQPT1H4CW4FCL100.",1 Year Warranty,,
100G-DACP-QSFP1M,Optics,100G Passive DAC QSFP28 1m,"100G, Passive DAC, QSFP28, 1m, MSA P/N: EQPC1HPC010C0100.",1 Year Warranty,,
100G-DACP-QSFP3M,Optics,100G Passive DAC QSFP28 3m,"100G, Passive DAC, QSFP28, 3m, MSA P/N: EQPC1HPC030C0100.",1 Year Warranty,,
100G-DACP-QSFP4SFP1M,Optics,100G Passive DAC QSFP28 to 4xSFP28 1m,"100G, Passive DAC, QSFP28 to 4xSFP28 Breakout, 1m, MSA P/N: EQPC1HPC010C01X4.",1 Year Warranty,,
100G-DACP-QSFP4SFP3M,Optics,100G Passive DAC QSFP28 to 4xSFP28 3m,"100G, Passive DAC, QSFP28 to 4xSFP28 Breakout, 3m, MSA P/N: EQPC1HPC030C01X4.",1 Year Warranty,,
100G-DACP-QSFP4SFP5M,Optics,100G Passive DAC QSFP28 to 4xSFP28 5m,"100G, Passive DAC, QSFP28 to 4xSFP28 Breakout, 5m, MSA P/N: EQPC1HPC050C01X4.",1 Year Warranty,,
100G-DACP-QSFP5M,Optics,100G Passive DAC QSFP28 5m,"100G, Passive DAC, QSFP28, 5m, MSA P/N: EQPC1HPC050C0100.",1 Year Warranty,,
100G-DACP-QSFPZ5M,Optics,100G Passive DAC QSFP28 0.5m,100G PASSIVE DAC QSFP28 0.5M MSA EQPT1H8FR1FCL100,1 Year Warranty,,
100G-DR-QSFP500M,Optics,100G DR QSFP28 500M,100G DR QSFP28 500M LC SINGLE MODE MSA EQPT1H8DR1DCL100,1 Year Warranty,,
100G-ER4LT-QSFP40KM,Optics,100G ER4-lite QSFP28 40km,"100G, ER4-lite, QSFP28, 30km (w/o FEC), 40km (w/ FEC), LC connector, Single-Mode, MSA P/N: EQPT1H4ER4ECL1LT.",1 Year Warranty,,
100G-FR-QSFP2KM,Optics,100G FR QSFP28 2KM,100G FR QSFP28 2KM LC CONN SINGLE MODE MSA EQPT1H8FR1FCL100,1 Year Warranty,,
100G-LR-QSFP10KM,Optics,100G LR QSFP 10KM LC SMF,100G LR QSFP 10KM LC CONN SINGLE MODE MSA P/N EQPT1H8LR1LCL100,1 Year Warranty,,
100G-LR4-QSFP10KM,Optics,100G LR4 QSFP28 10km,"100G, LR4, QSFP28, 10km, LC connector, Single-Mode, MSA P/N: EQPT1H4LR4LCL100.",1 Year Warranty,,
100G-PSM4-QSFP10KM,Optics,100G PSM4 QSFP28 10km,"100G, PSM4, QSFP28, 10km, MPO connector, Single-Mode, MSA P/N: EQPT1H4PS4LCM100",1 Year Warranty,,
100G-SR4-QSFP100M,Optics,100G SR4 QSFP28 100m,"100G, SR4, QSFP28, 100m, MPO connector, Multi-Mode, MSA P/N: EQPT1H4SR4UCM100.",1 Year Warranty,,
100G-SR4BD-QSFP100M,Optics,100G BiDi - SR QSFP28 100m,"100G, BiDi - SR, QSFP28, 100m, LC connector, Multi-Mode, MSA P/N: EQPT1H4BD2UCL100",1 Year Warranty,,
100G-SWDM4-QSFP100M,Optics,100G SWDM4 QSFP28 100m,100G SWDM4 QSFP28 100m LC connector Multi-Mode MSA P/N EQPT1H4SW4UCL100.,1 Year Warranty,,
400G-FR4-QSFPDD2KM,Optics,400G FR4 QSFPDD 2KM LC SMF,400G FR4 QSFPDD 2KM LC CONN SINGLE MODE MSA P/N EQDT4H8FR4FCL100,1 Year Warranty,,
400G-LR4-QSFPDD10KM,Optics,400G LR4-10 QSFP 10KM LC SMF,400G LR4-10 QSFP 10KM LC CONN SINGLE MODE MSA P/N EQDT4H8LR4LCL100,1 Year Warranty,,
10051H-TA,Optics,"1000BASE-SX SFP, Hi TAA",1000BASE-SX SFP MMF 220 550 meters LC connector Industrial Temp TAA,1 Year Warranty,,
10052H-TA,Optics,"1000BASE-LX SFP, Hi TAA",1000BASE-LX SFP MMF 220 550 meters SMF 10km LC connector Industrial Temp TAA,1 Year Warranty,,
100M-FX-SFP2KM-I,Optics,100BASE-FX SFP I-temp,"100BASE-FX SFP module, MMF 2km link, LC-connector for Fast Ethernet SFP Port I-temp",1 Year Warranty,,
10301-TA,Optics,SR SFP+ module TAA,10 Gigabit Ethernet SFP+ module 850nm MMF 26-300m link LC connector TAA,1 Year Warranty,,
10302-TA,Optics,LR SFP+ module TAA,10 Gigabit Ethernet SFP+ module 1310nm SMF 10km link LC connector TAA,1 Year Warranty,,
10303-TA,Optics,LRM SFP+ module TAA,LRM SFP+ Module0 Gigabit Ethernet SFP+ module 1310nm MMF 220m link LC connector TAA,1 Year Warranty,,
10G-AOC-SFP10M,Optics,10G AOC SFP+ 10m,"10G, AOC, SFP+, 10m",1 Year Warranty,,
10G-AOC-SFP7M,Optics,10G AOC SFP+ 7m,"10G, AOC, SFP+, 7m",1 Year Warranty,,
10G-DACA-SFP1M,Optics,10G Active DAC SFP+ 1m,"10G, Active DAC, SFP+, 1m",1 Year Warranty,,
10G-DACA-SFP3M,Optics,10G Active DAC SFP+ 3m,"10G, Active DAC, SFP+, 3m",1 Year Warranty,,
10G-DACA-SFP5M,Optics,10G Active DAC SFP+ 5m,"10G, Active DAC, SFP+, 5m",1 Year Warranty,,
10G-DACP-SFP1M-IT,Optics,10G PASSIVE DAC SFP+ 1M INDUST. TEMP,10G PASSIVE DAC SFP+ 1M Industrial Temp,1 Year Warranty,,
10G-DACP-SFPZ5M,Optics,10G PASSIVE DAC SFP+ 0.5M,10G PASSIVE DAC SFP+ 0.5M,1 Year Warranty,,
10G-DACP-SFPZ5M-IT,Optics,10G PASSIVE DAC SFP+ 0.5M INDUST. TEMP,10G PASSIVE DAC SFP+ 0.5M Industrial Temp,1 Year Warranty,,
10G-ER-SFP40KM-IT,Optics,10G ER SFP+ 40KM INDUST. TEMP,"10G, ER, SFP+, 40km, LC connector, Single-Mode Industrial Temp",1 Year Warranty,,
10G-LR-SFP10KM-ET,Optics,10G LR SFP+ 10km Ext.Temp,"10G, LR, SFP+, 10km, LC connector, Single-Mode Ext.Temp",1 Year Warranty,,
10G-LR-SFP10KM-ET8PK,Optics,10G LR SFP+ 10km 8pack Ext.Temp,"10G, LR, SFP+, 10km, LC connector, Single-Mode, 8pack Ext.Temp",1 Year Warranty,,
10G-LR-SFP10KM-IT,Optics,10G LR SFP+ 10KM INDUST. TEMP,"10G, LR, SFP+, 10km, LC connector, Single-Mode Industrial Temp",1 Year Warranty,,
10G-SR-SFP300M-ET,Optics,10G SR SFP+ 300m Ext.Temp,"10G, SR, SFP+, 300m, LC connector, Multi-Mode Ext.Temp",1 Year Warranty,,
10G-SR-SFP300M-ET8PK,Optics,10G SR SFP+ 300m 8pack Ext.Temp,"10G, SR, SFP+, 300m, LC connector, Multi-Mode, 8pack Ext.Temp",1 Year Warranty,,
10G-SR-SFP300M-IT,Optics,10G SR SFP+ 300M INDUST. TEMP,"10G, SR, SFP+, 300m, LC connector, Multi-Mode Industrial Temp",1 Year Warranty,,
10G-USR-SFP100M,Optics,10G USR SFP+ 100m Hight Rx Sens,"10G, USR, SFP+, 100m, Hight Rx Sens, LC connector, Multi-Mode",1 Year Warranty,,
25/10G-LR-SFP10KM,Optics,25G/10G LR SFP28 10KM SM LC,25G/10G LR DUAL RATE SFP28 10KM LC SINGLE MODE MSA ESPT251LR1LCL1DR,1 Year Warranty,,
25/10G-SR-SFP100M,Optics,25G/10G SR SFP28 100M MM LC,25G/10G SR DUAL RATE SFP28 100M LC MULTI MODE MSA ESPT251SR1UCL1DR,1 Year Warranty,,
25G-DACP-SFP1M,Optics,25G Passive DAC SFP28 1m,"25G, Passive DAC, SFP28, 1m, MSA P/N: ESPC25PC010C0100.",1 Year Warranty,,
25G-DACP-SFP3M,Optics,25G Passive DAC SFP28 3m,"25G, Passive DAC, SFP28, 3m, MSA P/N: ESPC25PC030C0100.",1 Year Warranty,,
25G-DACP-SFPZ5M,Optics,25G PASSIVE DAC SFP28 0.5M,25G PASSIVE DAC SFP28 0.5M MSA ESPC25PCZ50C0100,1 Year Warranty,,
25G-ER-SFP40KM,Optics,25G ER SFP28 40km,"25G, ER, SFP28, 40km, LC connector, Single-Mode, MSA P/N: ESPT251ER1ECL100.",1 Year Warranty,,
25G-LR-SFP10KM,Optics,25G LR SFP28 10km,"25G, LR, SFP28, 10km, LC connector, Single-Mode, MSA P/N: ESPT251LR1LCL100.",1 Year Warranty,,
25G-SR-SFP100M,Optics,25G SR SFP28 100m,"25G, SR, SFP28, 100m, LC connector, Multi-Mode, MSA P/N: ESPT251SR1UCL100.",1 Year Warranty,,
20G-DACP-QSFP1SFPDD1M,Optics,20G PASSIVE DAC QSFP TO 1XSFPDD 1M,20G PASSIVE DAC QSFP TO 1XSFPDD 1M BREAKOUT,1 Year Warranty,,
20G-DACP-QSFP1SFPDD3M,Optics,20G PASSIVE DAC QSFP TO 1XSFPDD 3M,20G PASSIVE DAC QSFP TO 1XSFPDD 1M BREAKOUT,1 Year Warranty,,
20G-DACP-QSFP1SFPDD5M,Optics,20G PASSIVE DAC QSFP TO 1XSFPDD 5M,20G PASSIVE DAC QSFP TO 1XSFPDD 1M BREAKOUT,1 Year Warranty,,
20G-DACP-SFPDD1M,Optics,20G Passive DAC SFPDD 1m,20G Passive DAC SFPDD 1m,1 Year Warranty,,
20G-DACP-SFPDD2SFP1M,Optics,20G Passive DAC SFPDD to 2xSFP 1m,20G Passive DAC SFPDD to 2xSFP 1m breakout,1 Year Warranty,,
20G-DACP-SFPDD2SFP3M,Optics,20G Passive DAC SFPDD to 2xSFP 3m,20G Passive DAC SFPDD to 2xSFP 3m breakout,1 Year Warranty,,
20G-DACP-SFPDD2SFP5M,Optics,20G Passive DAC SFPDD to 2xSFP 5m,20G Passive DAC SFPDD to 2xSFP 5m breakout,1 Year Warranty,,
20G-DACP-SFPDD3M,Optics,20G Passive DAC SFPDD 3m,20G Passive DAC SFPDD 3m,1 Year Warranty,,
20G-DACP-SFPDD5M,Optics,20G Passive DAC SFPDD 5m,20G Passive DAC SFPDD 5m,1 Year Warranty,,
20G-DACP-SFPDDZ5M,Optics,SFPDD TO SFPDD 20G DAC 0.5M,SFPDD TO SFPDD 20G DAC 0.5M,1 Year Warranty,,
XN-2P-RKMT300,SRA,2-Post Rail Kit for SLX9740-80C/8820-80C,2-Post Rail Kit for SLX 9740-80C/8820-80C,1 Year Warranty,,
XN-4P-RKMT301,SRA,4-P Rail Kit SLX9740-80C/8820-80C/7830,4-Post Rail Kit for SLX 9740-80C/8820-80C/7830,1 Year Warranty,,
XN-4P-RKMT302,SRA,"4P RKT 9740/8820-40C,7520-48YE,8730,5720",4-Post Rail Kit for SLX 9740-40C/8820-40C/7520-48YE/8730/5720,1 Year Warranty,,
XN-ACPWR-1600W-F,SRA,SLX9740/8820 1600W AC Pwr Supply F2B,"SLX 9740, 8820 Fixed AC 1600W Power Supply Front to Back. Power cords not included.",1 Year Warranty,,
XN-ACPWR-1600W-R,SRA,SLX9740/8820 1600W AC Pwr Supply B2F,"SLX 9740, 8820 Fixed AC 1600W Power Supply Back to Front. Power cords not included.",1 Year Warranty,,
XN-DCPWR-1600W-F,SRA,SLX9740/8820 1600W DC Pwr Supply F2B,"SLX 9740, 8820 Fixed DC 1600W Power Supply Front to Back. Power cords not included.",1 Year Warranty,,
XN-DCPWR-1600W-R,SRA,SLX9740/8820 1600W DC Pwr Supply B2F,"SLX 9740, 8820 Fixed DC 1600W Power Supply Back to Front. Power cords not included.",1 Year Warranty,,
XN-FAN-003-F,SRA,SLX 9740/8820-40C FAN F2B AIRFLOW,"FAN Front to Back airflow for SLX9740-40C, 8820-40C",1 Year Warranty,,
XN-FAN-003-R,SRA,SLX 9740/8820-40C FAN B2F AIRFLOW,"FAN Back to Front airflow for SLX9740-40C, 8820-40C",1 Year Warranty,,
XN-FAN-004-F,SRA,SLX 9740/8820-80C FAN F2B AIRFLOW,"FAN Front to Back airflow for SLX9740-80C, 8820-80C",1 Year Warranty,,
XN-FAN-004-R,SRA,SLX 9740/8820-80C FAN B2F AIRFLOW,"FAN Back to Front airflow for SLX9740-80C, 8820-80C",1 Year Warranty,,
XN-2P-RKMT299,SRA,2-Post NEBS Kit SLX/VSP/X695/7000/8000,"2-Post mounting ear NEBS earthquake kit for SLX9150, SLX9250, SLX 9740-40C, VSP7400, X695, 7520, 7720, 8520, 8720, 8820-40C",1 Year Warranty,,
10965,Smart OmniEdge Switching,LRM/MACsec Adapter,"ExtremeSwitching LRM/MACsec Adapter, two SFP+ network ports (unpopulated), and two host cables with integrated SFP/SFP+ transceivers for host switch connection",1 Year Warranty,,
XN-2P-RMKIT-002,Smart OmniEdge Switching,X435 1RU Rack Mount for 8T-4S & 8P-4S,Rack Mounting Kit to mount a X435 8T-4S or 8P-4S switch in 1RU space. Can also be used to mount RPS-550W and RPS-950W,No Warranty,,
XN-2P-RMKIT-003,Smart OmniEdge Switching,Rack mount kit for single CFF mount,"Rack Mount Kit to mount single compact form factor device in 1RU space. For use with X435-8P-2T-W, RPS-150W-XT",No Warranty,,
XN-2P-RMKIT-004,Smart OmniEdge Switching,"RM Kit 200 series, X430, X435, X440-G2","Rack Mount Kit Spare for 24 and 48 port models of 200 series, X430, X435, X440-G2",No Warranty,,
AH-ACC-ANT-AX-KT,AH,AH-ACC-ANT-AX-KT,AP650X articulated indoor antenna kit (8 x Dual Band 5dBi antennas),1 Year Warranty,,
AH-ACC-BKT-916-KIT,AH,AH-ACC-BKT-916-KIT,"9/16"" ceiling mount brackets for Non-Flat/Protruded ceiling tiles - use with AH-ACC-BKT-AX-TB",No Warranty,,
AH-ACC-BKT-AC-KIT,AH,AH-ACC-BKT-AC-KIT,"15/16"" ceiling mount brackets for Non-Flat/Protruded ceiling tiles - use with AH-ACC-BKT-AX-TB",No Warranty,,
AH-ACC-BKT-ASM,AH,AH-ACC-BKT-ASM,Outdoor AP stainless steel wall bracket assembly,No Warranty,,
AH-ACC-BKT-AX-IL,AH,AH-ACC-BKT-AX-IL,Mounting bracket for Interlude ceilings.,No Warranty,,
AH-ACC-BKT-AX-SL,AH,AH-ACC-BKT-AX-SL,"Mounting bracket for Silhouette 1/8"" and Silhouette 1/4"" ceilings.",No Warranty,,
AH-ACC-BKT-AX-TB,AH,AH-ACC-BKT-AX-TB,"Mounting bracket for Prelude 15/16"" and Suprafine 9/16"" ceilings, supported on AP630, AP650, AP650X, AP305C, AP305CX, AP410C, AP510C, AP510CX",No Warranty,,
AH-ACC-BKT-AX-WL,AH,AH-ACC-BKT-AX-WL,Mounting bracket for direct-to-wall installations.,No Warranty,,
AH-ACC-MRN-KIT,AH,AH-ACC-MRN-KIT,"AP1130 Marine grade accessory kit. All items are marine grade. Includes screw pack, mounting brackets, locking screw for mounting bracket, 1-2.75"" metal hose strap",No Warranty,,
AH-ACC-PLENUM-KIT,AH,AH-ACC-PLENUM-KIT,"AP100 series, AP200 series, AP300 series, AP500 series Plenum Bracket Kit",No Warranty,,
AH-ACC-RBR-FT,AH,AH-ACC-RBR-FT,Rubber feet for AP130/AP200 series/AP550,No Warranty,,
AH-ACC-STRP-MRN,AH,AH-ACC-STRP-MRN,Outdoor Access Point stainless steel strap for 3 inches to 7 inches diameter pole,No Warranty,,
AH-ACC-PW-30W,AH,AH-ACC-PW-30W,"30W power adapter (12VDC, 2.5A) for AP650, AP650X.",1 Year Warranty,,
AI-DP04360S,AP Accessories,AI-DP04360S,Indoor Omni Directional 3.7 dBi 2.4 GHZ and 4.2 dBi 5 GHz external antenna with 5 ports RPSMA for indoor installations,1 Year Warranty,,
AI-DS0305360-RPSMA,AP Accessories,Dual Band Dipole Antenna 3dBi/5dBi,"Dipole, 3.2 dBi (2.4 GHz) and 5.2 dBi (5 GHz) dual band with RP-SMA connector (2 pack)",1 Year Warranty,,
AI-TS06360,AP Accessories,3.5dBi and 5.5dBi Indoor Dipole Tri-band,3.5dBi (2.4 GHz) and 5.5dBi (5 and 6 GHz) Indoor Dipole Tri-band with RP-SMA connector,1 Year Warranty,,
AIO-DD05120-RPSMA,AP Accessories,Dual Band 5 dBi In/Out 120 Deg Sector,"Panel, 120 deg sector, 5dBi/5dBi, dual band, outdoor, 36"" lead with 2 RP-SMA connectors",1 Year Warranty,,
AIO-DD75060-RPSMA,AP Accessories,Dual Band 7.5 dBi In/Out 60 Deg Sector,"Panel, 60 deg sector, 7.5dBi (2.4 GHz) and 7.5dBi (2.4GHz), dual band 36"" lead with 2 RP-SMA connectors, outdoor rated",1 Year Warranty,,
AIO-TS06360-N,AP Accessories,5dBi and 6dBi Outdoor Dipole Tri-band,5dBi (2.4 GHz) and 6dBi (5 and 6 GHz) Outdoor Dipole Tri-band with N-Type connector,1 Year Warranty,,
ACC-3000-ETH-CAP,AP Accessories,ACC-3000-ETH-CAP,"Cable cover for AP3000 or AP3000X to hide Ethernet Port and Ethernet cable. Includes a 7"" Flat Cat5e RJ45 Cable and inline coupler. (5 Pack Kit)",1 Year Warranty,,
ACC-4000-ETH-CAP,AP Accessories,ACC-4000-ETH-CAP,"Cable cover for AP4000 to hide Ethernet Port and Ethernet cable. Includes a 7"" Flat Cat6 RJ45 Cable (5 Pack Kit)",No Warranty,,
ACC-BKT-AX-ADAPT-012,AP Accessories,ACC-BKT-AX-ADAPT-012,Adaptor Bracket for 3rd Party AIR-AP-BRACKET #1 and AIR-AP-BRACKET #2.,No Warranty,,
ACC-BKT-AX-BEAM,AP Accessories,ACC-BKT-AX-BEAM,Beam Mounting for Indoor Access Points,No Warranty,,
ACC-BKT-AX-JB,AP Accessories,ACC-BKT-AX-JB,Junction Box Mounting for Indoor Access Points,No Warranty,,
ACC-BKT-AX-TBW,AP Accessories,ACC-BKT-AX-TBW,Cloud AP Bracket for 1.5 inch wide T-bars varying in thickness from 3.175mm to 6.35mm,No Warranty,,
ACC-BKT-AX-WNGADAPT,AP Accessories,ACC-BKT-AX-WNGADAPT,"Adaptor bracket for Cloud AP to WiNG Mounting Plate (37201), 10 in pack",No Warranty,,
ACC-BKT-AX-WP-DSKSTD,AP Accessories,ACC-BKT-AX-WP-DSKSTD,Desk Mount stand for the AP302W. Includes screws.,No Warranty,,
ACC-BKT-AX-WP-EXT,AP Accessories,ACC-BKT-AX-WP-EXT,Surface Mounted Wallplate Housing Extension,No Warranty,,
ACC-BKT-AX-WP-SPARE,AP Accessories,ACC-BKT-AX-WP-SPARE,AP302W Wallplate in-box accessory (sold as a spare),No Warranty,,
ACC-BKT-TB-NF,AP Accessories,ACC-BKT-TB-NF,"Adaptor bracket AH-ACC-BKT-TB for 15/16"" Wide T-Bars Non-Flat/Protruded ceiling tiles",No Warranty,,
ACC-WIFI-MICRO-USB,AP Accessories,ACC-WIFI-MICRO-USB,Micro-USB to USB Console Adapter Cable for Extreme Wireless Access Points,No Warranty,,
ACC-CAT6-LAN-GSKT,AP Accessories,ACC-CAT6-LAN-GSKT,Outdoor AP CAT6 Gasket enables cable diameter range from 6mm to 9.2mm (Pack of 10 Gaskets),No Warranty,,
ACC-MBO-KT-AX,AP Accessories,ACC-MBO-KT-AX,"Adaptor bracket for Outdoor AP460xxxC for tilting brackets (KT-147407-02, KT-150173-01 or MBO-ART02).",No Warranty,,
EIO-GASKET,AP Accessories,EIO-GASKET,EIO-GASKET Silicone Rubber Kit,1 Year Warranty,,
MBO-ART03,AP Accessories,MBO-ART03,MBO-ART03 2-Axis Rotational Variable Extension Mtg Brkt for Outdoor Access Points,1 Year Warranty,,
37219,Smart OmniEdge Wireless,"PWR 12VDC, 3A, 2.5mm x 5.5mm connector","PWR 12VDC, 3A, 2.5mm x 5.5mm connector. Global AC plugs included",1 Year Warranty,,
AI-DQ04360S,Smart OmniEdge Wireless,AI-DQ04360S,"AI-DQ04360S Dipole Omni Array, 5.5dBi/6dBi, dual band, outdoor with quad feed 36"" leads and RPSMA connectors",1 Year Warranty,,
AIO-DQ15021-N,Smart OmniEdge Wireless,15 dBi In/Out Sector 21 Deg N Type,"15 dBi Indoor/Outdoor Sector 21 Deg, 36 inch cable, N type",1 Year Warranty,,
AIO-DQ15021-RPSMA,Smart OmniEdge Wireless,15 dBi In/Out Sector 21 Deg RPSMA,"15 dBi Indoor/Outdoor Four-port, 2.4GHz and 5GHz, Directional 21 Degree with 36 inch RPSMA cable",1 Year Warranty,,
AO-DD19017N,Smart OmniEdge Wireless,PT to PT 19 DBI 2x2 antenna,PT to PT 5.15-5.875 GHZ 19.5 dBi Dual Polarized Directional Antennna 2x2 5.15-5.875GHz 19.5dBi Az/El 17/17deg,1 Year Warranty,,
EIO-04,Smart OmniEdge Wireless,EIO-04,Underseat Mounting Solution for AP5050U or AP560i w/ Pass-Through,,,
E3120-1,ExtremeCloud IQ Controller,E3120-1 ExtremeCloud IQ Controller,"ExtremeCloud IQ Controller E3120-1 (1300W Edition) - expandable to 5,000 APs/Defenders and 1,000 Switches (Requires Separate Activation Key)",1 Year Warranty,10/15/2031,
E3125,ExtremeCloud IQ Controller,E3125,"ExtremeCloud IQ Controller E3125 - expandable to 5,000 APs/Defenders and 1,000 Switches (Requires Separate Activation Key)",1 Year Warranty,10/15/2031,
1130C,Universal Compute Platform,Extreme UCP 1130C Appliance,Extreme Universal Compute Platform 1130C Appliance,1 Year Warranty,,
3150C,Universal Compute Platform,Extreme UCP 3150C Appliance,Extreme Universal Compute Platform 3150C Appliance,1 Year Warranty,,
3160C,Universal Compute Platform,Extreme UCP 3160C Appliance,Extreme Universal Compute Platform 3160C Appliance,1 Year Warranty,,
2130C,Universal Compute Platform,Extreme UCP 2130C Appliance,Extreme Universal Compute Platform 2130C Appliance,1 Year Warranty,,
5520-VIM-4X,5000,5520-VIM 4x10GE SFP+,"5520 Versatile Interface Module with four 10GbE SFP+ ports, supported on ExtremeSwitching 5520",Universal LLW,,
5520-VIM-4XE,5000,5520-VIM 4x10GE SFP+ MACsec LRM,"5520 Versatile Interface Module with four 10GbE SFP+ ports, LRM, MACsec capable, supported on ExtremeSwitching 5520",Universal LLW,,
5520-VIM-4YE,5000,5520-VIM 4x25GE SFP28 MACsec,"5520 Versatile Interface Module with four 25GbE SFP28 ports, MACsec capable, supported on ExtremeSwitching 5520",Universal LLW,,
5720-VIM-2CE,5000,5720 VIM 2x100G QSFP28,"5720 Versatile Interface Module with 2 100GbE QSFP28 ports, MACsec capable.",Universal LLW,,
5720-VIM-6YE,5000,5720 VIM 6x25G SFP28,"5720 Versatile Interface Module with 6 25GbE SFP28 ports, MACsec capable.",Universal LLW,,
RPS-150W-XT,5000,150W EXT REDUN PWR SUPPLY XT,"150W external redundant power supply, extended temperature",1 Year Warranty,,
7830-VIM-16CE,7000,7830 16x100G VIM,Extreme 7830 Versatile Interface Module (VIM) with 16x(100G|40G|2x50G|4x25G|4x10G) MACsec capable QSFP+ ports,1 Year Warranty,,
7830-VIM-24CE,7000,7830 24x100G VIM,Extreme 7830 Versatile Interface Module (VIM) with 24x(100G|50G|25G|10G) MACsec capable SFP-DD ports,1 Year Warranty,,
7830-VIM-24YE,7000,7830 24x25G VIM,Extreme 7830 Versatile Interface Module (VIM) with 24x(25G|10G) MACsec capable SFP28 ports,1 Year Warranty,,
7830-VIM-8DE,7000,7830 8x400G VIM,Extreme 7830 Versatile Interface Module (VIM) with 8x(400G|100G|2x200G|4x100G|8x50G|8x25G|8x10G) MACsec capable QSFP-DD ports,1 Year Warranty,,
AP460C-CAN,AH,AP460C-CAN,"ExtremeCloud IQ: Tri-radio Outdoor WiFi 6 AP (4x4 5 GHz, 2x2 dual band & 1x1 sensor). Dual 5GHz, 2.5 GE & 1 GE port . Integrated light/power sensors & BLE/Zigbee. AI/ML green mode. Internal OMNI antenna. Domain: Canada",Universal LLW,11/25/2031,
AP460C-EG,AH,AP460C-EG,"ExtremeCloud IQ: Tri-radio Outdoor WiFi 6 AP (4x4 5 GHz, 2x2 dual band & 1x1 sensor). Dual 5GHz, 2.5 GE & 1 GE port . Integrated light/power sensors & BLE/Zigbee. AI/ML green mode. Internal OMNI antenna. Domain: Egypt",Universal LLW,11/25/2031,
AP460C-FCC,AH,AP460C-FCC,"ExtremeCloud IQ: Tri-radio Outdoor WiFi 6 AP (4x4 5 GHz, 2x2 dual band & 1x1 sensor). Dual 5GHz, 2.5 GE & 1 GE port . Integrated light/power sensors & BLE/Zigbee. AI/ML green mode. Internal OMNI antenna.Domain: US",Universal LLW,11/25/2031,
AP460C-IL,AH,AP460C-IL,"ExtremeCloud IQ: Tri-radio Outdoor WiFi 6 AP (4x4 5 GHz, 2x2 dual band & 1x1 sensor). Dual 5GHz, 2.5 GE & 1 GE port . Integrated light/power sensors & BLE/Zigbee. AI/ML green mode. Internal OMNI antenna. Domain: Israel",Universal LLW,11/25/2031,
AP460C-WR,AH,AP460C-WR,"ExtremeCloud IQ: Tri-radio Outdoor WiFi 6 AP (4x4 5 GHz, 2x2 dual band & 1x1 sensor). Dual 5GHz, 2.5 GE & 1 GE port . Integrated light/power sensors & BLE/Zigbee. AI/ML green mode. Internal OMNI antenna. Domain: Rest of World",Universal LLW,11/25/2031,
AP460S12C-CAN,AH,AP460S12C-CAN,"ExtremeCloud IQ: Tri-radio Outdoor WiFi 6 AP (4x4 5 GHz, 2x2 dual band & 1x1 sensor). Dual 5GHz, 2.5 GE & 1 GE port . Integrated light/power sensors & BLE/Zigbee. AI/ML green mode. Internal sector antenna (120°). Domain: Canada",Universal LLW,11/25/2031,
AP460S12C-FCC,AH,AP460S12C-FCC,"ExtremeCloud IQ: Tri-radio Outdoor WiFi 6 AP (4x4 5 GHz, 2x2 dual band & 1x1 sensor). Dual 5GHz, 2.5 GE & 1 GE port . Integrated light/power sensors & BLE/Zigbee. AI/ML green mode. Internal sector antenna (120°). Domain: US",Universal LLW,11/25/2031,
AP460S12C-WR,AH,AP460S12C-WR,"ExtremeCloud IQ: Tri-radio Outdoor WiFi 6 AP (4x4 5 GHz, 2x2 dual band & 1x1 sensor). Dual 5GHz, 2.5 GE & 1 GE port . Integrated light/power sensors & BLE/Zigbee. AI/ML green mode. Internal sector antenna (120°). Domain: Rest of World",Universal LLW,11/25/2031,
AP460S6C-CAN,AH,AP460S6C-CAN,"ExtremeCloud IQ: Tri-radio Outdoor WiFi 6 AP (4x4 5 GHz, 2x2 dual band & 1x1 sensor). Dual 5GHz, 2.5 GE & 1 GE port. Integrated light/power sensors & BLE/Zigbee. AI/ML green mode. Internal sector antenna (60º). Domain: Canada",Universal LLW,11/25/2031,
AP460S6C-FCC,AH,AP460S6C-FCC,"ExtremeCloud IQ: Tri-radio Outdoor WiFi 6 AP (4x4 5 GHz, 2x2 dual band & 1x1 sensor). Dual 5GHz, 2.5 GE & 1 GE port . Integrated light/power sensors & BLE/Zigbee. AI/ML green mode. Internal sector antenna (60º). Domain: US",Universal LLW,11/25/2031,
AP460S6C-WR,AH,AP460S6C-WR,"ExtremeCloud IQ: Tri-radio Outdoor WiFi 6 AP (4x4 5 GHz, 2x2 dual band & 1x1 sensor). Dual 5GHz, 2.5 GE & 1 GE port. Integrated light/power sensors & BLE/Zigbee. AI/ML green mode. Internal sector antenna (60º). Domain: Rest of World",Universal LLW,11/25/2031,
AP410C-CAN-FDX,AH,AP410C-CAN Wi-Fi 6 Indoor AP,"Indoor Tri Radio WiFi 6 AP, 2.4 GHz, 5GHz, & Sensor w/ Dual 5GHz & Multirate Port. Integrated Light, power sensors, BLE/Zigbee. INT antennas. T-Bar, Incl Mt (AH-ACC-BKT-AX-TB) Domain: Canada",Universal LLW,,
AP410C-CAN-LMFDX,AH,AP410C-CAN Wi-Fi 6 Indoor AP,"Indoor Tri Radio WiFi 6 AP, 2.4 GHz, 5GHz, & Sensor w/ Dual 5GHz & Multirate Port. Integrated Light, power sensors, BLE/Zigbee. INT antennas. T-Bar, Incl Mt (ACC-BKT-AX-WNGADAPT-1). Domain: Canada",Universal LLW,,
AP410C-EG-FDX,AH,AP410C-EG Wi-Fi 6 Indoor AP,"Indoor Tri Radio WiFi 6 AP, 2.4 GHz, 5GHz, & Sensor w/ Dual 5GHz & Multirate Port. Integrated Light, power sensors, BLE/Zigbee. INT antennas. T-Bar, Incl Mt (AH-ACC-BKT-AX-TB) Domain: Egypt",Universal LLW,,
AP410C-EG-LMFDX,AH,AP410C-EG Wi-Fi 6 Indoor AP,"Indoor Tri Radio WiFi 6 AP, 2.4 GHz, 5GHz, & Sensor w/ Dual 5GHz & Multirate Port. Integrated Light, power sensors, BLE/Zigbee. INT antennas. T-Bar, Incl Mt (ACC-BKT-AX-WNGADAPT-1). Domain: Egypt",Universal LLW,,
AP410C-FCC-FDX,AH,AP410C-FCC Wi-Fi 6 Indoor AP,"Indoor Tri Radio WiFi 6 AP, 2.4 GHz, 5GHz, & Sensor w/ Dual 5GHz & Multirate Port. Integrated Light, power sensors, BLE/Zigbee. INT antennas. T-Bar, Incl Mt (AH-ACC-BKT-AX-TB) . Domain: US",Universal LLW,,
AP410C-FCC-LMFDX,AH,AP410C-FCC Wi-Fi 6 Indoor AP,"Indoor Tri Radio WiFi 6 AP, 2.4 GHz, 5GHz, & Sensor w/ Dual 5GHz & Multirate Port. Integrated Light, power sensors, BLE/Zigbee. INT antennas. T-Bar, Incl Mt (ACC-BKT-AX-WNGADAPT-1) . Domain: US",Universal LLW,,
AP410C-IL-FDX,AH,AP410C-IL Wi-Fi 6 Indoor AP,"Indoor Tri Radio WiFi 6 AP, 2.4 GHz, 5GHz, & Sensor w/ Dual 5GHz & Multirate Port. Integrated Light, power sensors, BLE/Zigbee. INT antennas. T-Bar, Incl Mt (AH-ACC-BKT-AX-TB) Domain: Israel",Universal LLW,,
AP410C-IL-LMFDX,AH,AP410C-IL Wi-Fi 6 Indoor AP,"Indoor Tri Radio WiFi 6 AP, 2.4 GHz, 5GHz, & Sensor w/ Dual 5GHz & Multirate Port. Integrated Light, power sensors, BLE/Zigbee. INT antennas. T-Bar, Incl Mt (ACC-BKT-AX-WNGADAPT-1). Domain: Israel",Universal LLW,,
AP410C-WR-FDX,AH,AP410C- WR Wi-Fi 6 Indoor AP,"Indoor Tri Radio WiFi 6 AP, 2.4 GHz, 5GHz, & Sensor w/ Dual 5GHz & Multirate Port. Integrated Light, power sensors, BLE/Zigbee. INT antennas. T-Bar, Incl Mt (AH-ACC-BKT-AX-TB) . Domain: Rest of World",Universal LLW,,
AP410C-WR-LMFDX,AH,AP410C- WR Wi-Fi 6 Indoor AP,"Indoor Tri Radio WiFi 6 AP, 2.4 GHz, 5GHz, & Sensor w/ Dual 5GHz & Multirate Port. Integrated Light, power sensors, BLE/Zigbee. INT antennas. T-Bar, Incl Mt (ACC-BKT-AX-WNGADAPT-1). Domain: Rest of World",Universal LLW,,
AP460C-CAN-FDX,AH,AP460C-CAN Wi-Fi 6 Outdoor AP,"Tri-radio Outdoor WiFi 6 AP (4x4 5 GHz, 2x2 dual band & 1x1 sensor). Dual 5GHz, 2.5 GE & 1 GE port . Integrated light/power sensors & BLE/Zigbee. AI/ML green mode. Internal OMNI antenna.Domain: Canada",1 Year Warranty,,
AP460C-EG-FDX,AH,AP460C-EG Wi-Fi 6 Outdoor AP,"Tri-radio Outdoor WiFi 6 AP (4x4 5 GHz, 2x2 dual band & 1x1 sensor). Dual 5GHz, 2.5 GE & 1 GE port . Integrated light/power sensors & BLE/Zigbee. AI/ML green mode. Internal OMNI antenna.Domain: Egypt",1 Year Warranty,,
AP460C-FCC-FDX,AH,AP460C-FCC Wi-Fi 6 Outdoor AP,"Tri-radio Outdoor WiFi 6 AP (4x4 5 GHz, 2x2 dual band & 1x1 sensor). Dual 5GHz, 2.5 GE & 1 GE port . Integrated light/power sensors & BLE/Zigbee. AI/ML green mode. Internal OMNI antenna.Domain: US",1 Year Warranty,,
AP460C-IL-FDX,AH,AP460C-IL Wi-Fi 6 Outdoor AP,"Tri-radio Outdoor WiFi 6 AP (4x4 5 GHz, 2x2 dual band & 1x1 sensor). Dual 5GHz, 2.5 GE & 1 GE port . Integrated light/power sensors & BLE/Zigbee. AI/ML green mode. Internal OMNI antenna.Domain: Israel",1 Year Warranty,,
AP460C-WR-FDX,AH,AP460C-WR Wi-Fi 6 Outdoor AP,"Tri-radio Outdoor WiFi 6 AP (4x4 5 GHz, 2x2 dual band & 1x1 sensor). Dual 5GHz, 2.5 GE & 1 GE port . Integrated light/power sensors & BLE/Zigbee. AI/ML green mode. Internal OMNI antenna.Domain: Rest of World",1 Year Warranty,,
AP4000-1-WW,AP4000 Series,AP4000-1-WW,"Indoor Tri Radio WiFi 6E AP, 2.4 GHz, 5GHz, 6GHz & Multirate Port. Integrated Light, power sensors, AI/ML green mode. INT antennas. T-Bar, Incl Mt (AH-ACC-BKT-AX-TB). Domain: World Sku",Universal LLW,10/15/2031,
AP4000-IL,AP4000 Series,AP4000-IL,"Indoor Tri Radio WiFi 6E AP, 2.4 GHz, 5GHz, 6GHz & Multirate Port. Integrated Light, power sensors, BLE/Zigbee. AI/ML green mode. INT antennas. T-Bar, Incl Mt (AH-ACC-BKT-AX-TB). Domain: Israel",Universal LLW,10/15/2031,
AP4000-WW,AP4000 Series,AP4000-WW,"Indoor Tri Radio WiFi 6E AP, 2.4 GHz, 5GHz, 6GHz & Multirate Port. Integrated Light, power sensors, BLE/Zigbee. AI/ML green mode. INT antennas. T-Bar, Incl Mt (AH-ACC-BKT-AX-TB). Domain: World Sku",Universal LLW,10/15/2031,
AP360e-CAN,Smart OmniEdge Wireless,AP360e-CAN,"Dual Radio 802.11ax - 2x2:2, Dual 5G Outdoor External Antenna Access Point. Domain: Canada",1 Year Warranty (Wing),,
AP360e-FCC,Smart OmniEdge Wireless,AP360e-FCC,"Dual Radio 802.11ax - 2x2:2, Dual 5G Outdoor External Antenna Access Point. Domain: US and Puerto Rico",1 Year Warranty (Wing),,
AP360e-IL,Smart OmniEdge Wireless,AP360e-IL,"Dual Radio 802.11ax - 2x2:2, Dual 5G Outdoor External Antenna Access Point. Domain: Israel",1 Year Warranty (Wing),,
AP360e-WR,Smart OmniEdge Wireless,AP360e-WR,"Dual Radio 802.11ax - 2x2:2, Dual 5G Outdoor External Antenna Access Point. Domain: EMEA, Rest of World",1 Year Warranty (Wing),,
AP360i-CAN,Smart OmniEdge Wireless,AP360i-CAN,"Dual Radio 802.11ax - 2x2:2, Dual 5G Outdoor Internal Antenna Access Point. Domain: Canada",1 Year Warranty (Wing),,
AP360i-FCC,Smart OmniEdge Wireless,AP360i-FCC,"Dual Radio 802.11ax - 2x2:2, Dual 5G Outdoor Internal Antenna Access Point. Domain: US and Puerto Rico",1 Year Warranty (Wing),,
AP360i-WR,Smart OmniEdge Wireless,AP360i-WR,"Dual Radio 802.11ax - 2x2:2, Dual 5G Outdoor Internal Antenna Access Point. Domain: EMEA, Rest of World",1 Year Warranty (Wing),,
AP510CX-WW,AH,AP510CX-WW,"ExtremeCloud IQ: Indoor WiFi6 AP, 4x4 radios, 2.5 GbE & 1 GbE port. Integrated light/power sensors & BLE. AI/ML green mode. External antennas, T-Bar, Incl Mt (AH-ACC-BKT-AX-TB). Includes Connect. All regulatory domains World Sku",Universal LLW,,
AP510e-FCC,Smart OmniEdge Wireless,AP510e-FCC,Dual 5GHz Dual band Sensor radio Dual Radio 802.11ax/ac/abgn 4x44 MIMO Indoor 11ax access point with external antenna ports. Domain US Puerto Rico and Colombia.,Limited Lifetime Warranty (Wing),,
AP510e-FCC-TAA,Smart OmniEdge Wireless,AP510e-FCC-TAA,Dual 5GHz Dual band Sensor radio Dual Radio 802.11ax/ac/abgn 4x44 MIMO Indoor 11ax access point with external antenna ports. Domain US Puerto Rico and Colombia. TAA Compliant.,Limited Lifetime Warranty (Wing),,
AP510e-WR,Smart OmniEdge Wireless,AP510e-WR,Dual 5GHz Dual band Sensor radio Dual Radio 802.11ax/ac/abgn 4x44 MIMO Indoor 11ax access point with external antenna ports. Domain EMEA and Rest Of World.,Limited Lifetime Warranty (Wing),,
AP302W-CAN,300 Series,AP302W-CAN,"ExtremeCloud IQ : Indoor WiFi6 Wallplate, 2x2 radios with Dual 5GHz and 4 GE Ethernet ports with POE Out. Integrated light/power sensors & BLE. AI/ML green mode. Internal antennas. Domain : Canada",Universal LLW,,
AP302W-EG,300 Series,AP302W-EG,"ExtremeCloud IQ : Indoor WiFi6 Wallplate, 2x2 radios with Dual 5GHz and 4 GE Ethernet ports with POE Out. Integrated light/power sensors & BLE. AI/ML green mode. Internal antennas. Domain : Egypt",Universal LLW,,
AP302W-FCC,300 Series,AP302W-FCC,"ExtremeCloud IQ : Indoor WiFi6 Wallplate, 2x2 radios with Dual 5GHz and 4 GE Ethernet ports with POE Out. Integrated light/power sensors & BLE. AI/ML green mode. Internal antennas. Domain : US",Universal LLW,,
AP302W-WR,300 Series,AP302W-WR,"ExtremeCloud IQ : Indoor WiFi6 Wallplate, 2x2 radios with Dual 5GHz and 4 GE Ethernet ports with POE Out. Integrated light/power sensors & BLE. AI/ML green mode. Internal antennas. Domain : EMEA and Rest Of World",Universal LLW,,
AP5010-IL,AP5000 Series,AP5010-IL,"Indoor Tri Radio WiFi 6E AP (4x4:4) 2.4 GHz, 5GHz, 6GHz & Multirate Port, Internal antennas. T-Bar, Incl Mt (AH-ACC-BKT-AX-TB). Domain: Israel",Universal LLW,,
AP5010-WW,AP5000 Series,AP5010-WW,"Indoor Tri Radio WiFi 6E AP (4x4:4) 2.4 GHz, 5GHz, 6GHz & Multirate Port, Internal antennas. T-Bar, Incl Mt (AH-ACC-BKT-AX-TB). Domain: World SKU",Universal LLW,,
AP5050D-WW,AP5000 Series,AP5050D-WW,"Outdoor Internal Directional Antenna Tri Radio WiFi 6E AP (4x4:4), 2.4 GHz, 5GHz, 6GHz & Multirate Port, Directional Antennas: software selectable: 30 degrees or 70 degrees. Mounting sold separately. Domain: World Sku",1 Year Warranty,,
AP5050U-WW,AP5000 Series,AP5050U-WW,"Outdoor Tri Radio WiFi 6E AP (4x4:4) , 2.4 GHz, 5GHz, 6GHz & Multirate Port, Internal Omni antennas. Mounting sold separately, Domain: World Sku",1 Year Warranty,,
5320-24T-4X-XT,5000,5320 24 PORT EXTEMP 24T-4X-XT,"5320 24 port stackable Extended Temperature (0-60C) switch with 24 10/10/1000BaseT ports, 4 1G/10G SFP+ ports. Includes Fans, 1 Fixed AC PSU with option to add external redundant PSU",Universal LLW,,
5320-24T-4X-XT-TAA,5000,5320 24 PORT EXTEMP 24T-4X-XT TAA,5320 24 port stackable Extended Temperature (0-60C) switch with 24 10/10/1000BaseT ports 4 1G/10G SFP+ ports. Includes Fans 1 Fixed AC PSU with option to add external redundant PSU TAA Compliant,Universal LLW,,
AP3000-IL,AP3000 Series,AP3000-IL,"Indoor Dual Radio Wi-Fi 6E AP, 2.4 GHz and 5 GHz or 5GHz and 6GHz, Multi-rate Port, Internal antennas. IoT Radio, Includes AH-ACC-BKT-AX-TB mounting bracket. Domain: World Israel",Universal LLW,,
AP3000-TN,AP3000 Series,AP3000-TN,"Indoor Dual Radio Wi-Fi 6E AP, 2.4 GHz and 5 GHz or 5GHz and 6GHz, Multi-rate Port, Internal antennas. IoT Radio, Includes AH-ACC-BKT-AX-TB mounting bracket. Domain: Tunisia",Universal LLW,,
AP3000-WW,AP3000 Series,AP3000-WW,"Indoor Dual Radio Wi-Fi 6E AP, 2.4 GHz and 5 GHz or 5GHz and 6GHz, Multi-rate Port, Internal antennas. IoT Radio, Includes AH-ACC-BKT-AX-TB mounting bracket. Domain: World SKU",Universal LLW,,
AP3000X-CN,AP3000 Series,AP3000X-CN,"Indoor Dual Radio Wi-Fi 6E AP, 2.4 GHz and 5 GHz or 5GHz, Multi-rate Port, External antennas. IoT Radio. Includes AH-ACC-BKT-AX-TB mounting bracket, 2 AI-DS0305360-RPSMA antennas. Domain: China",Universal LLW,,
AP3000X-WW,AP3000 Series,AP3000X-WW,"Indoor Dual Radio Wi-Fi 6E AP, 2.4 GHz and 5 GHz or 5GHz and 6GHz, Multi-rate Port, External antennas. IoT Radio. Includes AH-ACC-BKT-AX-TB mounting bracket, 2 integral 6 GHz and 2 AI-DS0305360-RPSMA antennas. Domain: World SKU",Universal LLW,,
AP3000X-IL,AP3000 Series,AP3000X-IL,"Indoor Dual Radio Wi-Fi 6E AP, 2.4 GHz and 5 GHz or 5GHz and 6GHz, Multi-rate Port, External antennas. IoT Radio. Includes AH-ACC-BKT-AX-TB mounting bracket, 2 integral 6 GHz and 2 AI-DS0305360-RPSMA antennas. Domain: Israel",Universal LLW,,
4220-8X-TAA,4000,4220 8 PORT SWITCH 8X TAA,4220 8 port stackable switch 8 1G/10G SFP+ ports. Includes Fans 1 Fixed AC PSU TAA Compliant,Universal LLW,,
4220-12T-4X,4000,4220 12 PORT SWITCH 12T-4X,"4220 12 port stackable switch with 12 10/100/1000BaseT ports, 4 1G/10G SFP+ ports. Includes Fans (Silent mode up to 35C), 1 Fixed AC PSU",Universal LLW,,
4220-12T-4X-TAA,4000,4220 12 PORT SWITCH 12T-4X TAA,4220 12 port stackable switch with 12 10/100/1000BaseT ports 4 1G/10G SFP+ ports. Includes Fans (Silent mode up to 35C) 1 Fixed AC PSU TAA Compliant,Universal LLW,,
4220-24T-4X,4000,4220 24 PORT SWITCH 24T-4X,"4220 24 port stackable switch with 24 10/100/1000BaseT ports, 4 1G/10G SFP+ ports. Includes Fans, 1 Fixed AC PSU",Universal LLW,,
4220-24T-4X-TAA,4000,4220 24 PORT SWITCH 24T-4X TAA,4220 24 port stackable switch with 24 10/100/1000BaseT ports 4 1G/10G SFP+ ports. Includes Fans 1 Fixed AC PSU TAA Compliant,Universal LLW,,
4220-48T-4X,4000,4220 48 PORT SWITCH 48T-4X,"4220 48 port stackable switch with 48 10/100/1000BaseT ports, 4 1G/10G SFP+ ports. Includes Fans, 1 Fixed AC PSU",Universal LLW,,
4220-48T-4X-TAA,4000,4220 48 PORT SWITCH 48T-4X TAA,4220 48 port stackable switch with 48 10/100/1000BaseT ports 4 1G/10G SFP+ ports. Includes Fans 1 Fixed AC PSU TAA Compliant,Universal LLW,,
4220-12P-4X,4000,4220 12 PORT POE+ SWITCH 12P-4X,"4220 12 port stackable switch (124W POE) with 12 10/100/1000BaseT 30W POE ports, 4 1G/10G SFP+ ports. Includes Fans (Silent mode up to 35C), 1 Fixed AC PSU",Universal LLW,,
4220-12P-4X-TAA,4000,4220 12 PORT POE+ SWITCH 12P-4X TAA,4220 12 port stackable switch (124W POE) with 12 10/100/1000BaseT 30W POE ports 4 1G/10G SFP+ ports. Includes Fans (Silent mode up to 35C) 1 Fixed AC PSU TAA Compliant,Universal LLW,,
4220-24P-4X,4000,4220 24 PORT POE+ SWITCH 24P-4X,"4220 24 port stackable switch (195W POE) with 24 10/100/1000BaseT 30W POE ports, 4 1G/10G SFP+ ports. Includes Fans, 1 Fixed AC PSU",Universal LLW,,
4220-24P-4X-TAA,4000,4220 24 PORT POE+ SWITCH 24P-4X TAA,4220 24 port stackable switch (195W POE) with 24 10/100/1000BaseT 30W POE ports 4 1G/10G SFP+ ports. Includes Fans 1 Fixed AC PSU TAA Compliant,Universal LLW,,
4220-48P-4X,4000,4220 48 PORT POE+ SWITCH 48P-4X,"4220 48 port stackable switch (370W POE) with 48 10/100/1000BaseT 30W POE ports, 4 1G/10G SFP+ ports. Includes Fans, 1 Fixed AC PSU",Universal LLW,,
4220-48P-4X-TAA,4000,4220 48 PORT POE+ SWITCH 48P-4X TAA,4220 48 port stackable switch (370W POE) with 48 10/100/1000BaseT 30W POE ports 4 1G/10G SFP+ ports. Includes Fans 1 Fixed AC PSU TAA Compliant,Universal LLW,,
4220-4MW-20P-4X,4000,4220 24 PORT MG SWITCH 4MW-20P-4X,"4220 24 port stackable MultiGig switch (370W POE) with 4 1G/2.5G/5GBaseT 90W POE ports, 20 10/100/1000BaseT 30W POE ports, 4 1G/10G SFP+ ports. Includes Fans, 1 Fixed AC PSU with option to add external redundant PSU",Universal LLW,,
4220-4MW-20P-4X-TAA,4000,4220 24 PORT MG SWITCH 4MW-20P-4X TAA,4220 24 port stackable MultiGig switch (370W POE) with 4 1G/2.5G/5GBaseT 90W POE ports 20 10/100/1000BaseT 30W POE ports 4 1G/10G SFP+ ports. Includes Fans 1 Fixed AC PSU with option to add external redundant PSU TAA Compliant,Universal LLW,,
4220-4MW-8P-4X,4000,4220 12 PORT MG SWITCH 4MW-8P-4X,"4220 12 port stackable MultiGig switch (240W POE) with 4 1G/2.5G/5GBaseT 90W POE ports, 8 10/100/1000BaseT 30W POE ports, 4 1G/10G SFP+ ports. Includes Fans (Silent mode up to 35C), 1 Fixed AC PSU",Universal LLW,,
4220-4MW-8P-4X-TAA,4000,4220 12 PORT MG SWITCH 4MW-8P-4X TAA,4220 12 port stackable MultiGig switch (240W POE) with 4 1G/2.5G/5GBaseT 90W POE ports 8 10/100/1000BaseT 30W POE ports 4 1G/10G SFP+ ports. Includes Fans (Silent mode up to 35C) 1 Fixed AC PSU TAA Compliant,Universal LLW,,
4220-8MW-40P-4X,4000,4220 48 PORT MG SWITCH 8MW-40P-4X,"4220 48 port stackable MultiGig switch (740W POE) with 8 1G/2.5G/5GBaseT 90W POE ports, 40 10/100/1000BaseT 30W POE ports, 4 1G/10G SFP+ ports. Includes Fans, 1 Fixed AC PSU with option to add external redundant PSU",Universal LLW,,
4220-8MW-40P-4X-TAA,4000,4220 48 PORT MG SWITCH 8MW-40P-4X TAA,4220 48 port stackable MultiGig switch (740W POE) with 8 1G/2.5G/5GBaseT 90W POE ports 40 10/100/1000BaseT 30W POE ports 4 1G/10G SFP+ ports. Includes Fans 1 Fixed AC PSU with option to add external redundant PSU TAA Compliant,Universal LLW,,
AP5020-EG,AP5000 Series,AP5020-EG WiFi 7 Indoor Access Point,"Indoor Tri Radio WiFi 7 AP, 2.4 GHz, 5GHz, 6GHz & multi-rate port, Internal antennas.T-Bar, Incl Mt (AH-ACC-BKT-AX-TB). Domain: Egypt",Universal LLW,,
AP5020-WW,AP5000 Series,AP5020-WW,"Indoor Tri Radio WiFi 7 AP, 2.4 GHz, 5GHz, 6GHz & Mulitrate Port, Internal antennas.T-Bar, Incl Mt (AH-ACC-BKT-AX-TB). Domain: World Sku",Universal LLW,,
AP5020-WW-TAA,AP5000 Series,AP5020-WW TAA,"Indoor Tri Radio WiFi 7 AP, 2.4 GHz, 5GHz, 6GHz & Mulitrate Port, Internal antennas.T-Bar, Incl Mt (AH-ACC-BKT-AX-TB). Domain: World Sku, TAA compliant",Universal LLW,,
AP4020FX-WW,AP4000 Series,AP4020FX-WW Wi-Fi 7 Indoor Access Point,"Indoor Quad Radio Wi-Fi 7 (2x2:2): 2.4 GHz, 5GHz, 6GHz and dedicated sensor, Multi-Rate Port, Extended Temp, External antennas. T-Bar, Incl Mt (AH-ACC-BKT-AX-TB). Domain: World SKU",Universal LLW,,
AP4020X-WW,AP4000 Series,AP4020X-WW Wi-Fi 7 Indoor Access Point,"Indoor Quad Radio Wi-Fi 7 (2x2:2): 2.4GHz, 5GHz, 6GHz and dedicated sensor, Multi-Rate, Ext ant: 2.4GHz and 5GHz ports, Integral on 6GHz Extended Temp, (4) AI-TS06360 tri band ant incl, T-Bar Incl Mt (AH-ACC-BKT-AX-TB). Domain: World SKU",Universal LLW,,
AP4020-EG,AP4000 Series,AP4020-EG WiFi 7 Indoor Access Point,"Indoor Quad Radio Wi-Fi 7 (2x2:2) 2.4GHz 5GHz 6GHz and dedicated sensor multi-rate port, Internal antennas, T-Bar Incl Mt (AH-ACC-BKT-AX-TB). Domain: Egypt",Universal LLW,,
AP4020-WW,AP4000 Series,AP4020-WW Wi-Fi 7 Indoor Access Point,"Indoor Quad Radio Wi-Fi 7 (2x2:2): 2.4GHz, 5GHz, 6GHz and dedicated sensor, Multi-Rate Port, internal antennas. T-Bar, Incl Mt (AH-ACC-BKT-AX-TB). Domain: World SKU",Universal LLW,,
AP4020-WW-TAA,AP4000 Series,AP4020-WW Wi-Fi 7 Indoor AP TAA,"Indoor Quad Radio Wi-Fi 7 (2x2:2): 2.4GHz, 5GHz, 6GHz and dedicated sensor, Multi-Rate Port, internal antennas. T-Bar, Incl Mt (AH-ACC-BKT-AX-TB). Domain: World SKU TAA Compliant",Universal LLW,,
AP4060X-WW,AP4000 Series,AP4060X-WW Wi-Fi 7 Weatherized AP,"Weatherized Quad Radio Wi-Fi 7 (2x2:2): 2.4GHz, 5GHz, 6GHz and dedicated sensor, Multi-Rate, External antennas, Domain: World SKU",1 Year Warranty,,
AP5020-IL,AP5000 Series,AP5020-IL WiFi 7 Indoor Access Point,"Indoor Tri Radio WiFi 7 AP, 2.4 GHz, 5GHz, 6GHz & Multirate Port, Internal antennas.T-Bar, Incl Mt (AH-ACC-BKT-AX-TB). Domain: Israel",Universal LLW,,
AP4020-IL,AP4000 Series,AP4020-IL Wi-Fi 7 Indoor Access Point,"Indoor Quad Radio Wi-Fi 7 (2x2:2): 2.4GHz, 5GHz, 6GHz and dedicated sensor, Multi-Rate Port, internal antennas. T-Bar, Incl Mt (AH-ACC-BKT-AX-TB). Domain: Israel",Universal LLW,,
4120-24MW-4Y,4000,4120 24 PORT MG 90W POE SWITCH 24MW-4Y,"4120 24 port stackable MultiGig switch with 24 10M/100M/1G/2.5GBaseT 90W POE ports, 2x100G QSFP28 Universal/Stack ports, 4x25G SFP28 ports, fixed fans, 1 internal fixed AC PSU, 1 unpopulated modular PSU slot",Universal LLW,,
4120-24MW-4Y-TAA,4000,4120 24 PORT MG 90W POE SW 24MW-4Y TAA,4120 24 port stackable MultiGig switch with 24 10M/100M/1G/2.5GBaseT 90W POE ports 2x100G QSFP28 Universal/Stack ports 4x25G SFP28 ports fixed fans 1 internal fixed AC PSU 1 unpopulated modular PSU slot TAA Compliant,Universal LLW,,
4120-48MW-4Y,4000,4120 48 PORT MG 90W POE SWITCH 48MW-4Y,"4120 48 port stackable MultiGig switch with 48 10M/100M/1G/2.5GBaseT 90W POE ports, 2x100G QSFP28 Universal/Stack ports, 4x25G SFP28 ports, fixed fans, 1 internal fixed AC PSU, 1 unpopulated modular PSU slot",Universal LLW,,
4120-48MW-4Y-TAA,4000,4120 48 PORT MG 90W POE SW 48MW-4Y TAA,4120 48 port stackable MultiGig switch with 48 10M/100M/1G/2.5GBaseT 90W POE ports 2x100G QSFP28 Universal/Stack ports 4x25G SFP28 ports fixed fans 1 internal fixed AC PSU 1 unpopulated modular PSU slot TAA Compliant,Universal LLW,,
4220-8X,4000,4220 8 PORT SWITCH 8X,"4220 8 port stackable switch 8 1G/10G SFP+ ports. Includes Fans, 1 Fixed AC PSU",Universal LLW,,
5120-24X-4Y,5000,"5120-24X-4Y, No PS, No Fans","ExtremeSwitching 5120, with 24 x 1G/10G SFP+ ports, 4 x 10G/25G SFP28 ports, 4 unpopulated fan slots, 2 unpopulated modular PSU slots",Universal LLW,,
5120-24X-4Y-AC-F,5000,"5120-24X-4Y with 1 AC PS, 4 Fans FB","5120 stackable switch with 24 x 1G/10G SFP+ ports, 4 x 10G/25G SFP28 ports, 4 fans, 1 x 550W AC PSU, 1 unpopulated modular PSU slot, Front to Back airflow",Universal LLW,,
5120-24X-4Y-AC-F-TAA,5000,"5120-24X-4Y with 1 AC PS, 4 Fans TAA","5120 stackable switch with 24 1G/10G SFP+ ports, 4x10G/25G SFP28 ports, 4 fans, 1 550W AC PSU, 1 unpopulated modular PSU slot TAA Compliant",Universal LLW,,
5120-24X-4Y-AC-R,5000,"5120-24X-4Y with 1 AC PS, 4 Fans BF","5120 stackable switch with 24 1G/10G SFP+ ports, 4x10G/25G SFP28 ports, 4 fans, 1 550W AC PSU, 1 unpopulated modular PSU slot, Back to Front airflow",Universal LLW,,
5120-24X-4Y-TAA,5000,"5120-24X-4Y, No PS, No Fans TAA","5120 stackable switch with 24 1G/10G SFP+ ports, 4x10G/25G SFP28 ports, 4 unpopulated fan slots, 2 unpopulated modular PSU slots TAA Compliant",Universal LLW,,
5120-24XT-4Y,5000,"5120-24XT-4Y, No PS, No Fans","ExtremeSwitching 5120, with 24 x 1G/10GBase-T Non-PoE ports, 4 x 10G/25G SFP28 ports, 4 unpopulated fan slots, 2 unpopulated modular PSU slots",Universal LLW,,
5120-24XT-4Y-AC-F,5000,"5120-24XT-4Y with 1 AC PS, 4 Fans FB","5120 stackable switch with 24 x 1G/10GBase-T Non-PoE ports, 4 x 10G/25G SFP28 ports, 4 fans, 1 x 550W AC PSU, 1 unpopulated modular PSU slot, Front to Back airflow",Universal LLW,,
5120-24XT-4Y-AC-F-TAA,5000,"5120-24XT-4Y with 1 AC PS, 4 Fans TAA","5120 stackable switch with 24 1G/10GBase-T Non-PoE ports, 4x10G/25G SFP28 ports, 4 fans, 1 550W AC PSU, 1 unpopulated modular PSU slot TAA Compliant",Universal LLW,,
5120-24XT-4Y-AC-R,5000,"5120-24XT-4Y with 1 AC PS, 4 Fans BF","5120 stackable switch with 24 1G/10GBase-T Non-PoE ports, 4x10G/25G SFP28 ports, 4 fans, 1 550W AC PSU, 1 unpopulated modular PSU slot, Back to Front airflow",Universal LLW,,
5120-24XT-4Y-TAA,5000,"5120-24XT-4Y, No PS, No Fans TAA","5120 stackable switch with 24 1G/10GBase-T Non-PoE ports, 4x10G/25G SFP28 ports, 4 unpopulated fan slots, 2 unpopulated modular PSU slots TAA Compliant",Universal LLW,,
5120-44X-4Y-2C,5000,"5120-44X-4Y-2C, No PS, No Fans","ExtremeSwitching 5120, with 44 x 1G/10G SFP+ ports, 4 x 10G/25G SFP28 ports, 2 x 100G QSFP28 Universal/Stack ports, 6 unpopulated fan slots, 2 unpopulated modular PSU slots",Universal LLW,,
5120-44X-4Y-2C-AC-F,5000,"5120-44X-4Y-2C with 1 AC PS, 6 Fans FB","5120 stackable switch with 44 x 1G/10G SFP+ ports, 4 x 10G/25G SFP28 ports, 2 x 100G QSFP28 Universal/Stack ports, 6 fans, 1 x 550W AC PSU, 1 unpopulated modular PSU slot, Front to Back airflow",Universal LLW,,
5120-44X-4Y-2C-AC-F-TA,5000,"5120-44X-4Y-2C with 1 AC PS, 6 Fans TAA","5120 stackable switch with 44 1G/10G SFP+ ports, 4 10G/25G SFP28 ports, 2x100G QSFP28 Universal/Stack ports, 6 fans, 1 550W AC PSU, 1 unpopulated modular PSU slot TAA Compliant",Universal LLW,,
5120-44X-4Y-2C-AC-R,5000,"5120-44X-4Y-2C with 1 AC PS, 6 Fans BF","5120 stackable switch with 44 1G/10G SFP+ ports, 4 10G/25G SFP28 ports, 2x100G QSFP28 Universal/Stack ports, 6 fans, 1 550W AC PSU, 1 unpopulated modular PSU slot, Back to Front airflow",Universal LLW,,
5120-44X-4Y-2C-TAA,5000,"5120-44X-4Y-2C, No PS, No Fans TAA","5120 stackable switch with 44 1G/10G SFP+ ports, 4 10G/25G SFP28 ports, 2x100G QSFP28 Universal/Stack ports, 6 unpopulated fan slots, 2 unpopulated modular PSU slots TAA Compliant",Universal LLW,,
5320-16P-2MXT-2X,5000,5320 16port PoE+ Switch,"5320 16x10/100/1000Base-T PoE+ ports, 2x1/2.5/5/10GbE Base-T ports, 2x10GbE SFP+ ports, 1 Fixed AC PSU, Fanless",Universal LLW,,
5320-16P-2MXT-2X-TAA,5000,5320 16port PoE+ Switch TAA,"5320 16x10/100/1000Base-T PoE+ ports, 2x1/2.5/5/10GbE Base-T ports, 2x10GbE SFP+ ports, 1 Fixed AC PSU, Fanless TAA Compliant",Universal LLW,,
5320-16P-4XE,5000,5320 16port PoE+ Switch,"ExtremeSwitching 5320 16x10/100/1000BASET FDX/HDX PoE+, 4x10G unpopulated SFP+, MACSec capable, 1x internal fixed PSU, fans",Universal LLW,,
5320-16P-4XE-DC,5000,5320 16port PoE+ Switch DC Power,"ExtremeSwitching 5320 16x10/100/1000BASET FDX/HDX PoE+, 4x10G unpopulated SFP+, MACSec capable, 1x internal fixed DC PSU, fans",Universal LLW,,
5320-16P-4XE-DC-TAA,5000,5320 16port PoE+ Switch DC Power TAA,ExtremeSwitching 5320 16x10/100/1000BASET FDX/HDX PoE+ 4x10G unpopulated SFP+ MACSec capable 1x internal fixed DC PSU fans TAA Compliant,Universal LLW,,
5320-16P-4XE-TAA,5000,5320 16port PoE+ Switch TAA,ExtremeSwitching 5320 16x10/100/1000BASET FDX/HDX PoE+ 4x10G unpopulated SFP+ MACSec capable 1x internal fixed PSU fans TAA Compliant,Universal LLW,,
5320-24P-8XE,5000,5320 24port PoE+ Switch,"ExtremeSwitching 5320 24x10/100/1000BASET FDX/HDX PoE+, 8x10G unpopulated SFP+, MACSec capable, 1x internal fixed PSU, fans",Universal LLW,,
5320-24P-8XE-TAA,5000,5320 24port PoE+ Switch TAA,ExtremeSwitching 5320 24x10/100/1000BASET FDX/HDX PoE+ 8x10G unpopulated SFP+ MACSec capable 1x internal fixed PSU fans TAA Compliant,Universal LLW,,
5320-24T-8XE,5000,5320 24port Data Switch,"ExtremeSwitching 5320 24x10/100/1000BASET FDX/HDX, 8x10G unpopulated SFP+, MACSec capable, 1x internal fixed PSU, fans",Universal LLW,,
5320-24T-8XE-TAA,5000,5320 24port Data Switch TAA,ExtremeSwitching 5320 24x10/100/1000BASET FDX/HDX 8x10G unpopulated SFP+ MACSec capable 1x internal fixed PSU fans TAA Compliant,Universal LLW,,
5320-48P-8XE,5000,5320 48port PoE+ Switch,"ExtremeSwitching 5320 48x10/100/1000BASET FDX/HDX PoE+, 8x10G unpopulated SFP+, MACSec capable, 1x internal fixed PSU, fans",Universal LLW,,
5320-48P-8XE-TAA,5000,5320 48port PoE+ Switch TAA,"ExtremeSwitching 5320 48x10/100/1000BASET FDX/HDX PoE+, 8x10G unpopulated SFP+, MACSec capable, 1x internal fixed PSU, fans, TAA compliant",Universal LLW,,
5320-48T-8XE,5000,5320 48port Data Switch,"ExtremeSwitching 5320 48x10/100/1000BASET FDX/HDX, 8x10G unpopulated SFP+, MACSec capable, 1x internal fixed PSU, fans",Universal LLW,,
5320-48T-8XE-TAA,5000,5320 48port Data Switch TAA,"ExtremeSwitching 5320 48x10/100/1000BASET FDX/HDX, 8x10G unpopulated SFP+, MACSec capable, 1x internal fixed PSU, fans, TAA compliant",Universal LLW,,
5320-24T-24S-4XE-XT,5000,5320 48 PORT EXTEMP 24T-24S-4XE-XT,"5320 48 port stackable Extended Temperature (0-60C) switch with 24 10/10/1000BaseT ports, 24 1G SFP ports, 4 1G/10G SFP+ ports, MACsec capable. Includes Fans, 1 Fixed AC PSU with option to add external redundant PSU",Universal LLW,,
5320-24T-24S-4XE-XT-TA,5000,5320 48 PORT EXTEMP 24T-24S-4XE-XT TAA,5320 48 port stackable Extended Temperature (0-60C) switch with 24 10/10/1000BaseT ports 24 1G SFP ports 4 1G/10G SFP+ ports MACsec capable. Includes Fans 1 Fixed AC PSU with option to add external redundant PSU TAA Compliant,Universal LLW,,
X435-24P-4S,Smart OmniEdge Switching,X435-24P-4S switch incl. rack mount kit,"X435-24P-4S 24 port 10/100/1000BASE-T PoE+ half/full duplex, 4x1/2.5G unpopulated SFP, 1 AC PSU",Universal LLW,,
X435-24T-4S,Smart OmniEdge Switching,X435-24T-4S switch incl. rack mount kit,"X435-24T-4S 24 port 10/100/1000BASE-T half/full duplex, 4x1/2.5G unpopulated SFP, 1 AC PSU, fanless",Universal LLW,,
X435-8P-2T-W,Smart OmniEdge Switching,X435-8P-2T-W switch incl. wall mount kit,"X435-8P-2T-W 8 port 10/100/1000BASE-T PoE+ half/full duplex, 2x1000BASE-T uplinks, POE powered 802.3bt type 4, fanless",Universal LLW,,
X435-8P-4S,Smart OmniEdge Switching,X435-8P-4S switch incl. wall mount kit,"X435-8P-4S 8 port 10/100/1000BASE-T PoE+ half/full duplex, 4x1/2.5G unpopulated SFP, 1 AC PSU, fanless",Universal LLW,,
X435-8T-4S,Smart OmniEdge Switching,X435-8T-4S switch incl. wall mount kit,"X435-8T-4S 8 port 10/100/1000BASE-T half/full duplex, 4x1G/2.5G unpopulated SFP, 1 AC PSU, fanless",Universal LLW,,
AP3000-EG,AP3000 Series,AP3000-EG WiFi 6 Indoor Access Point,"Indoor Dual Radio Wi-Fi 6E AP, 2.4 GHz and 5 GHz or 5GHz and 6GHz, Multi-rate Port, Internal antennas. IoT Radio, Includes AH-ACC-BKT-AX-TB mounting bracket. Domain: Egypt",Universal LLW,,
AP4060-WW,AP4000 Series,AP4060-WW Wi-Fi 7 Weatherized AP,"Weatherized Radio Wi-Fi 7 (2x2:2): 2.4GHz, 5GHz, 6GHz and dedicated sensor, Multi-Rate Port, internal antennas. Domain: World SKU",1 Year Warranty,,
AP5022-WW,AP5000 Series,AP5022-WW WiFi 7 Indoor Access Point,"Indoor Quad Radio Wi-Fi 7 (4x4:4): 2.4 GHz, 5 GHz, 6 GHz & dedicated full time sensor, Dual IOT, Dual 5 GHz, Dual 6 GHz, Multi-Rate Port, Internal antennas. T-Bar, Incl Mt (AH-ACC-BKT-AX-TB). Domain: World SKU",Universal LLW,,
AP5022S6D-WW,AP5000 Series,AP5022S6D-WW WiFi 7 Indoor Access Point,"Indoor Quad Radio Wi-Fi 7 (4x4:4): 2.4 GHz, 5 GHz, 6 GHz & dedicated full time sensor, Dual IOT, Dual 5 GHz, Dual 6 GHz, Multi-Rate Port, Internal 60 Degree directional antennas. T-Bar, Incl Mt (AH-ACC-BKT-AX-TB). Domain: World SKU",Universal LLW,,
AP5060D-WW,AP5000 Series,AP5060D-WW WiFi 7 Weatherized AP,"Weatherized Quad Radio Wi-Fi 7 (4x4:4): 2.4 GHz, 5 GHz, 6 GHz & dedicated full time sensor, Dual IOT, Dual 5 GHz, Dual 6 GHz, Multi-Rate Port, Directional Antennas: 20 or 70 degrees. Mounting sold separately. Domain: World Sku",1 Year Warranty,,
AP5060U-WW,AP5000 Series,AP5060U-WW WiFi 7 Weatherized AP,"Weatherized Quad Radio Wi-Fi 7 (4x4:4): 2.4 GHz, 5 GHz, 6 GHz & dedicated full time sensor, Dual IOT, Dual 5 GHz, Dual 6 GHz, Multi-Rate Port, Internal antennas. Mounting sold separately. Domain: World Sku",1 Year Warranty,,
5420F-16MW-32P-4XE,5000,5420F 16port MR 802.3bt 90w & 32 PoE+,"ExtremeSwitching 5420F 16 100Mb/1Gb/2.5Gb 802.3bt 90W PoE, 32 10/100/1000BASET FDX/HDX PoE+, 2 stacking/SFP-DD, 4 10G un-pop SFP+, MACsec capable, internal fixed PSU, fans & 1 un-pop modular PSU slot.",Universal LLW,,
5420F-16MW-32P-4XE-TAA,5000,5420F 16port MR 802.3bt 90w & 32 PoE+TAA,"ExtremeSwitching 5420F 16 100Mb/1Gb/2.5Gb 802.3bt 90W PoE, 32 10/100/1000BASET FDX/HDX PoE+, 2 stacking/SFP-DD, 4 10G un-pop SFP+, MACsec capable, internal fixed PSU, fans & 1 un-pop modular PSU slot., TAA compliant",Universal LLW,,
5420M-16MW-32P-4YE,5000,5420M 16port MR 802.3bt 90w & 32 PoE+,"ExtremeSwitching 5420M 16 100Mb/1Gb/2.5Gb 802.3bt 90W PoE, 32 10/100/1000BASET FDX/HDX PoE+, 2 stacking/SFP-DD, 4 10/25G un-pop SFP28, MACsec capable, includes fan module, 2 un-pop modular PSU slots.",Universal LLW,,
5420M-16MW-32P-4YE-TAA,5000,5420M 16port MR 802.3bt 90w & 32 PoE+TAA,"ExtremeSwitching 5420M 16 100Mb/1Gb/2.5Gb 802.3bt 90W PoE, 32 10/100/1000BASET FDX/HDX PoE+, 2 stacking/SFP-DD, 4 10/25G un-pop SFP28, MACsec capable, includes fan module, 2 un-pop modular PSU slots., TAA compliant",Universal LLW,,
5420F-16W-32P-4XE,5000,5420F 16port 802.3bt 90w & 32 PoE+,"ExtremeSwitching5420F 16 10/100/1000BASET FDX/HDX 802.3bt 90W PoE, 32 10/100/1000BASET FDX/HDX PoE+, 2 stacking/SFP-DD, 4 10G up-pop SFP+, MACsec, internal fixed PSU, fans & 1 un-pop modular PSU slot.",Universal LLW,,
5420F-16W-32P-4XE-TAA,5000,5420F 16port 802.3bt 90w & 32 PoE+ TAA,"ExtremeSwitching5420F 16 10/100/1000BASET FDX/HDX 802.3bt 90W PoE, 32 10/100/1000BASET FDX/HDX PoE+, 2 stacking/SFP-DD, 4 10G up-pop SFP+, MACsec, internal fixed PSU, fans & 1 un-pop modular PSU slot., TAA compliant",Universal LLW,,
5420F-24P-4XE,5000,5420F 24port PoE+ Switch,"ExtremeSwitching 5420F 24 10/100/1000BASET FDX/HDX PoE+, 2 stacking/SFP-DD, 4 10G unpopulated SFP+, MACsec capable, internal fixed PSU, fans & 1 unpopulated modular PSU slot.",Universal LLW,,
5420F-24P-4XE-TAA,5000,5420F 24port PoE+ Switch TAA,"ExtremeSwitching 5420F 24 10/100/1000BASET FDX/HDX PoE+, 2 stacking/SFP-DD, 4 10G unpopulated SFP+, MACsec capable, internal fixed PSU, fans & 1 unpopulated modular PSU slot., TAA compliant",Universal LLW,,
5420F-24S-4XE,5000,5420F 24port Fiber Switch,"ExtremeSwitching 5420F 24 1000BASE-X SFP, 2 stacking/SFP-DD, 4 10G unpopulated SFP+, MACsec capable, internal fixed PSU, fans & 1 unpopulated modular PSU slot.",Universal LLW,,
5420F-24S-4XE-TAA,5000,5420F 24port Fiber Switch TAA,"ExtremeSwitching 5420F 24 1000BASE-X SFP, 2 stacking/SFP-DD, 4 10G unpopulated SFP+, MACsec capable, internal fixed PSU, fans & 1 unpopulated modular PSU slot., TAA compliant",Universal LLW,,
5420F-24T-4XE,5000,5420F 24port Data Switch,"ExtremeSwitching 5420F 24 10/100/1000BASET FDX/HDX, 2 stacking/SFP-DD, 4 10G unpopulated SFP+, MACsec capable, internal fixed PSU, fans & 1 unpopulated modular PSU slot.",Universal LLW,,
5420F-24T-4XE-TAA,5000,5420F 24port Data Switch TAA,"ExtremeSwitching 5420F 24 10/100/1000BASET FDX/HDX, 2 stacking/SFP-DD, 4 10G unpopulated SFP+, MACsec capable, internal fixed PSU, fans & 1 unpopulated modular PSU slot., TAA compliant",Universal LLW,,
5420M-24T-4YE,5000,5420M 24port Data Switch,"ExtremeSwitching 5420M 24 10/100/1000BASET FDX/HDX, 2 stacking/SFP-DD, 4 10/25G unpopulated SFP28, MACsec capable, includes fan module, 2 unpopulated modular PSU slots.",Universal LLW,,
5420M-24T-4YE-TAA,5000,5420M 24port Data Switch TAA,"ExtremeSwitching 5420M 24 10/100/1000BASET FDX/HDX, 2 stacking/SFP-DD, 4 10/25G unpopulated SFP28, MACsec capable, includes fan module, 2 unpopulated modular PSU slots., TAA compliant",Universal LLW,,
5420M-24W-24S-4YE,5000,"5420M 24prt PoE, 24prt Fiber Switch","ExtremeSwitching 5420M 24 10/100/1000BASET FDX/HDX 802.3bt 90W PoE, 24 100M/1G SFP, 2 stacking/SFP-DD, 4 1G/10G/25G unpopulated SFP28 ports, MACsec capable, includes fan module, 2 unpopulated modular PSU slots.",Universal LLW,,
5420M-24W-24S-4YE-TAA,5000,"5420M 24prt PoE, 24prt Fiber Switch TAA","ExtremeSwitching 5420M 24 10/100/1000BASET FDX/HDX 802.3bt 90W PoE, 24 100M/1G SFP, 2 stacking/SFP-DD, 4 1G/10G/25G unpopulated SFP28 ports, MACsec capable, includes fan module, 2 unpopulated modular PSU slots. TAA Compliant",Universal LLW,,
5420M-24W-4YE,5000,5420M 24port 802.3bt 90w PoE Switch,"ExtremeSwitching 5420M 24 10/100/1000BASET FDX/HDX 802.3bt 90W PoE, 2 stacking/SFP-DD, 4 10/25G unpopulated SFP28, MACsec capable, includes fan module, 2 unpopulated modular PSU slots.",Universal LLW,,
5420M-24W-4YE-TAA,5000,5420M 24port 802.3bt 90w PoE Switch TAA,"ExtremeSwitching 5420M 24 10/100/1000BASET FDX/HDX 802.3bt 90W PoE, 2 stacking/SFP-DD, 4 10/25G unpopulated SFP28, MACsec capable, includes fan module, 2 unpopulated modular PSU slots., TAA compliant",Universal LLW,,
5420F-48P-4XE,5000,5420F 48port PoE+ Switch,"ExtremeSwitching 5420F 48 10/100/1000BASET FDX/HDX PoE+, 2 stacking/SFP-DD, 4 10G unpopulated SFP+, MACsec capable, internal fixed PSU, fans & 1 unpopulated modular PSU slots.",Universal LLW,,
5420F-48P-4XE-TAA,5000,5420F 48port PoE+ Switch TAA,"ExtremeSwitching 5420F 48 10/100/1000BASET FDX/HDX PoE+, 2 stacking/SFP-DD, 4 10G unpopulated SFP+, MACsec capable, internal fixed PSU, fans & 1 unpopulated modular PSU slots., TAA compliant",Universal LLW,,
5420F-48P-4XL,5000,5420F 48port PoE+ Switch w/ LRM,"ExtremeSwitching 5420F 48 10/100/1000BASET FDX/HDX PoE+, 2 stacking/SFP-DD, 4 10G unpopulated SFP+ w/ LRM, MACsec capable, internal fixed PSU, fans & 1 unpopulated modular PSU slot.",Universal LLW,,
5420F-48P-4XL-TAA,5000,5420F 48port PoE+ Switch w/ LRM TAA,"ExtremeSwitching 5420F 48 10/100/1000BASET FDX/HDX PoE+, 2 stacking/SFP-DD, 4 10G unpopulated SFP+ w/ LRM, MACsec capable, internal fixed PSU, fans & 1 unpopulated modular PSU slot., TAA compliant",Universal LLW,,
5420F-48T-4XE,5000,5420F 48port Data Switch,"ExtremeSwitching 5420F 48 10/100/1000BASET FDX/HDX, 2 stacking/SFP-DD, 4 10G unpopulated SFP+, MACsec capable, internal fixed PSU, fans & 1 unpopulated modular PSU slot.",Universal LLW,,
5420F-48T-4XE-TAA,5000,5420F 48port Data Switch TAA,"ExtremeSwitching 5420F 48 10/100/1000BASET FDX/HDX, 2 stacking/SFP-DD, 4 10G unpopulated SFP+, MACsec capable, internal fixed PSU, fans & 1 unpopulated modular PSU slot., TAA compliant",Universal LLW,,
5420M-48T-4YE,5000,5420M 48port Data Switch,"ExtremeSwitching 5420M 48 10/100/1000BASET FDX/HDX, 2 stacking/SFP-DD, 4 10/25G unpopulated SFP28, MACsec capable, includes fan module, 2 unpopulated modular PSU slots.",Universal LLW,,
5420M-48T-4YE-TAA,5000,5420M 48port Data Switch TAA,"ExtremeSwitching 5420M 48 10/100/1000BASET FDX/HDX, 2 stacking/SFP-DD, 4 10/25G unpopulated SFP28, MACsec capable, includes fan module, 2 unpopulated modular PSU slots., TAA compliant",Universal LLW,,
5420M-48W-4YE,5000,5420M 48port 802.3bt 90w PoE Switch,"ExtremeSwitching 5420M 48 10/100/1000BASET FDX/HDX 802.3bt 90W PoE, 2 stacking/SFP-DD, 4 10/25G unpopulated SFP28, MACsec capable, includes fan module, 2 unpopulated modular PSU slots.",Universal LLW,,
5420M-48W-4YE-TAA,5000,5420M 48port 802.3bt 90w PoE Switch TAA,"ExtremeSwitching 5420M 48 10/100/1000BASET FDX/HDX 802.3bt 90W PoE, 2 stacking/SFP-DD, 4 10/25G unpopulated SFP28, MACsec capable, includes fan module, 2 unpopulated modular PSU slots., TAA compliant",Universal LLW,,
5420F-8W-16P-4XE,5000,5420F 8port 802.3bt 90w & 16 PoE+,"ExtremeSwitching5420F 8 10/100/1000BASET FDX/HDX 802.3bt 90W PoE, 16 10/100/1000BASET FDX/HDX PoE+, 2 stacking/SFP-DD, 4 10G un-pop SFP+, MACsec, internal fixed PSU, fans & 1 un-pop modular PSU slot.",Universal LLW,,
5420F-8W-16P-4XE-TAA,5000,5420F 8port 802.3bt 90w & 16 PoE+ TAA,"ExtremeSwitching5420F 8 10/100/1000BASET FDX/HDX 802.3bt 90W PoE, 16 10/100/1000BASET FDX/HDX PoE+, 2 stacking/SFP-DD, 4 10G un-pop SFP+, MACsec, internal fixed PSU, fans & 1 un-pop modular PSU slot., TAA compliant",Universal LLW,,
X465-24MU-24W,Smart OmniEdge Switching,X465-24MU-24W FANS RMKIT,"ExtremeSwitching X465 with 24 100Mb/1/2.5/5Gb 802.3bt Type3 PoE (60W) capable ports and 24 10/100/1000Mb FDX/HDX MACSEC 802.3bt Type4 PoE (90W) capable ports includes fan modules, EXOS Advanced Edge, 1 VIM5 slot, 2 PSU slots, rack mount kit",Universal LLW,07/31/2031,
VSP4900-48P,EAN,VSP 4900 48PRT PoE+ FANS RMKIT,"ExtremeSwitching VSP 4900 with 48 10/100/1000Mb FDX/HDX ports MACSEC capable with 802.3at PoE (30W), includes fan modules, VOSS operating system, 1 unpopulated VIM slot, 2 unpopulated PSU slots, rack mount kit",Universal LLW,,
X465-48P,Smart OmniEdge Switching,X465-48P FANS RMKIT,"ExtremeSwitching X465 with 48 10/100/1000Mb FDX/HDX MACSEC capable ports with 802.3at PoE (30W) includes fan modules, EXOS Advanced Edge, 1 VIM5 slot, 2 PSU slots, rack mount kit",Universal LLW,,
VSP4900-12MXU-12XE,EAN,VSP4900-12MXU-12XE FANS RMKT,"VSP4900 with 12 100Mb/1/2.5/5/10Gb ports with 802.1bt Type3 PoE(60W) and 12 1G/10Gb SFP+ LRM and MACSEC capable ports, includes fan modules, 1 unpopulated VIM5 slot, 2 unpopulated PSU slots, rack mount kit",Universal LLW,,
VSP4900-24S,EAN,VSP4900-24S FANS RMKIT,"VSP4900 with 24 100/1000Mb SFP ports, includes fan modules, 1 unpopulated VIM5 slot, 2 unpopulated PSU slots, rack mount kit",Universal LLW,,
VSP4900-24XE,EAN,VSP4900-24XE FANS RMKIT,"VSP4900 with 24 1/10Gb SFP+ LRM and MACSEC capable ports, includes fan modules, 1 unpopulated VIM5 slot, 2 unpopulated PSU slots, rack mount kit",Universal LLW,,
X465-24MU,Smart OmniEdge Switching,X465-24MU FANS RMKIT,"ExtremeSwitching X465 with 24 100Mb/1/2.5/5Gb ports with 802.3bt Type3 PoE (60W) includes fan modules, EXOS Advanced Edge, 1 VIM5 slot, 2 PSU slots, rack mount kit",Universal LLW,,
X465-24S,Smart OmniEdge Switching,X465-24S FANS RMKIT,"ExtremeSwitching X465 with 24 100/1000Mb SFP ports includes fan modules, EXOS Advanced Edge, 1 VIM5 slot, 2 PSU slots rack mount kit",Universal LLW,,
X465-24W,Smart OmniEdge Switching,X465-24W FANS RMKIT,"ExtremeSwitching X465 with 24 10/100/1000Mb FDX/HDX ports MACSEC capable with 802.3bt Type4 PoE (90W) includes fan modules, EXOS Advanced Edge, 1 VIM5 slot, 2 PSU slots rack mount kit",Universal LLW,,
X465-24XE,Smart OmniEdge Switching,X465-24XE FANS RMKIT,"ExtremeSwitching X465 with 24 100Mb/1Gb/10GBASE-X SFP+ LRM and MACSEC capable ports includes fan modules, EXOS Advanced Edge, 1 VIM5 slot, 2 PSU slots, rack mount kit",Universal LLW,,
X465-48T,Smart OmniEdge Switching,X465-48T FANS RMKIT,"ExtremeSwitching X465 with 48 10/100/1000Mb FDX/HDX MACSEC capable ports includes fan modules, EXOS Advanced Edge, 1 VIM5 slot, 2 PSU slots, rack mount kit",Universal LLW,,
X465-48W,Smart OmniEdge Switching,X465-48W FANS RMKIT,"ExtremeSwitching X465 with 48 10/100/1000Mb FDX/HDX MACSEC capable ports 802.3bt Type4 PoE (90W) includes fan modules, EXOS Advanced Edge, 1 VIM5 slot, 2 PSU slots, rack mount kit",Universal LLW,,
5520-12MW-36W,5000,5520 48port 802.3bt 90w 12port MR,"ExtremeSwitch5520: 12 100Mb/1Gb/2.5Gb/5Gb 802.3bt 90W PoE, 36 10/100/1000BASET FDX/HDX 802.3bt 90W PoE, 2 stacking/QSFP28, 1 un-pop VIM slot, MACsec capable, 3 fan modules, 2 un-pop modular PSU slots.",Universal LLW,,
5520-12MW-36W-TAA,5000,5520 48port 802.3bt 90w 12port MR TAA,"ExtremeSwitch5520: 12 100Mb/1Gb/2.5Gb/5Gb 802.3bt 90W PoE, 36 10/100/1000BASET FDX/HDX 802.3bt 90W PoE, 2 stacking/QSFP28, 1 un-pop VIM slot, MACsec capable, 3 fan modules, 2 un-pop modular PSU slots., TAA compliant",Universal LLW,,
5520-24T,5000,5520 24port Data Switch,ExtremeSwitching 5520 24 10/100/1000BASET FDX/HDX 2 stacking/QSFP28 1 unpopulated VIM slot MACsec capable includes 2 fan modules 2 unpopulated modular PSU slots.,Universal LLW,,
5520-24T-ACDC-BASE,5000,"5520 24port Data Switch, AC/DC","5520 24 10/100/1000BASET FDX/HDX MACsec capable ports, 2 stacking/QSFP28 ports, 1 unpopulated VIM slot, 3 unpopulated modular fan slots, 2 unpopulated modular PSU slots, AC or DC PSU capable.",Universal LLW,,
5520-24T-ACDC-BASE-TAA,5000,"5520 24port Data Switch, AC/DC TAA","5520 24 10/100/1000BASET FDX/HDX MACsec capable ports, 2 stacking/QSFP28 ports, 1 unpopulated VIM slot, 3 unpopulated modular fan slots, 2 unpopulated modular PSU slots, AC or DC PSU capable., TAA compliant",Universal LLW,,
5520-24T-BASE,5000,"5520 24port Data Switch, No Fans","5520 24 10/100/1000BASET FDX/HDX MACsec capable ports, 2 stacking/QSFP28 ports, 1 unpopulated VIM slot, 2 unpopulated modular fan slots, 2 unpopulated modular PSU slots.",Universal LLW,,
5520-24T-BASE-TAA,5000,"5520 24port Data Switch, No Fans TAA","5520 24 10/100/1000BASET FDX/HDX MACsec capable ports, 2 stacking/QSFP28 ports, 1 unpopulated VIM slot, 2 unpopulated modular fan slots, 2 unpopulated modular PSU slots., TAA compliant",Universal LLW,,
5520-24T-TAA,5000,5520 24port Data Switch TAA,"ExtremeSwitching 5520 24 10/100/1000BASET FDX/HDX 2 stacking/QSFP28 1 unpopulated VIM slot MACsec capable includes 2 fan modules 2 unpopulated modular PSU slots., TAA compliant",Universal LLW,,
5520-24W,5000,5520 24port 802.3bt 90w PoE Switch,ExtremeSwitching 5520 24 10/100/1000BASET FDX/HDX 802.3bt 90W PoE 2 stacking/QSFP28 1 unpopulated VIM slot MACsec capable includes 3 fan modules 2 unpopulated modular PSU slots.,Universal LLW,,
5520-24W-TAA,5000,5520 24port 802.3bt 90w PoE Switch TAA,"ExtremeSwitching 5520 24 10/100/1000BASET FDX/HDX 802.3bt 90W PoE 2 stacking/QSFP28 1 unpopulated VIM slot MACsec capable includes 3 fan modules 2 unpopulated modular PSU slots., TAA compliant",Universal LLW,,
5520-24X,5000,5520 24port Fiber Switch,ExtremeSwitching 5520 24 1Gb/10Gb SFP+ ports 2 stacking/QSFP28 1 unpopulated VIM slot includes 2 fan modules 2 unpopulated modular PSU slots.,Universal LLW,,
5520-24X-ACDC-BASE,5000,"5520 24port Fiber Switch, AC/DC","5520 24 1Gb/10Gb SFP+ ports, 2 stacking/QSFP28 ports, 1 unpopulated VIM slot, 3 unpopulated modular fan slots, 2 unpopulated modular PSU slots, AC or DC PSU capabe.",Universal LLW,,
5520-24X-ACDC-BASE-TAA,5000,"5520 24port Fiber Switch, AC/DC TAA","5520 24 1Gb/10Gb SFP+ ports, 2 stacking/QSFP28 ports, 1 unpopulated VIM slot, 3 unpopulated modular fan slots, 2 unpopulated modular PSU slots, AC or DC PSU capabe., TAA compliant",Universal LLW,,
5520-24X-BASE,5000,"5520 24port Fiber Switch, No Fans","5520 24 1Gb/10Gb SFP+ ports, 2 stacking/QSFP28 ports, 1 unpopulated VIM slot, 2 unpopulated modular fan slots, 2 unpopulated modular PSU slots.",Universal LLW,,
5520-24X-BASE-TAA,5000,"5520 24port Fiber Switch, No Fans TAA","5520 24 1Gb/10Gb SFP+ ports, 2 stacking/QSFP28 ports, 1 unpopulated VIM slot, 2 unpopulated modular fan slots, 2 unpopulated modular PSU slots., TAA compliant",Universal LLW,,
5520-24X-TAA,5000,5520 24port Fiber Switch TAA,"ExtremeSwitching 5520 24 1Gb/10Gb SFP+ ports 2 stacking/QSFP28 1 unpopulated VIM slot includes 2 fan modules 2 unpopulated modular PSU slots., TAA compliant",Universal LLW,,
5520-48SE,5000,5520 48port Fiber Switch,ExtremeSwitching 5520 48 1000BASE-X SFP 2 stacking/QSFP28 1 unpopulated VIM slot MACsec capable includes 3 fan modules 2 unpopulated modular PSU slots.,Universal LLW,,
5520-48SE-ACDC-BASE,5000,"5520 48port Fiber Switch, AC/DC","5520 48 1000BASE-X SFP MACsec capable ports, 2 stacking/QSFP28 ports, 1 unpopulated VIM slot, 3 unpopulated modular fan slots, 2 unpopulated modular PSU slots, AC or DC PSU capable.",Universal LLW,,
5520-48SE-ACDC-BASE-TA,5000,"5520 48port Fiber Switch, AC/DC TAA","5520 48 1000BASE-X SFP MACsec capable ports, 2 stacking/QSFP28 ports, 1 unpopulated VIM slot, 3 unpopulated modular fan slots, 2 unpopulated modular PSU slots, AC or DC PSU capable., TAA compliant",Universal LLW,,
5520-48SE-BASE,5000,"5520 48port Fiber Switch, No Fans","5520 48 1000BASE-X SFP MACsec capable ports, 2 stacking/QSFP28 ports, 1 unpopulated VIM slot, 3 unpopulated modular fan slots, 2 unpopulated modular PSU slots.",Universal LLW,,
5520-48SE-BASE-TAA,5000,"5520 48port Fiber Switch, No Fans TAA","5520 48 1000BASE-X SFP MACsec capable ports, 2 stacking/QSFP28 ports, 1 unpopulated VIM slot, 3 unpopulated modular fan slots, 2 unpopulated modular PSU slots., TAA compliant",Universal LLW,,
5520-48SE-TAA,5000,5520 48port Fiber Switch TAA,"ExtremeSwitching 5520 48 1000BASE-X SFP 2 stacking/QSFP28 1 unpopulated VIM slot MACsec capable includes 3 fan modules 2 unpopulated modular PSU slots., TAA compliant",Universal LLW,,
5520-48T,5000,5520 48port Data Switch,ExtremeSwitching 5520 48 10/100/1000BASET FDX/HDX 2 stacking/QSFP28 1 unpopulated VIM slot MACsec capable includes 3 fan modules 2 unpopulated modular PSU slots.,Universal LLW,,
5520-48T-ACDC-BASE,5000,"5520 48port Data Switch, AC/DC","5520 48 10/100/1000BASET FDX/HDX MACsec capable ports, 2 stacking/QSFP28 ports, 1 unpopulated VIM slot, 3 unpopulated modular fan slots, 2 unpopulated modular PSU slots, AC or DC PSU capable.",Universal LLW,,
5520-48T-ACDC-BASE-TAA,5000,"5520 48port Data Switch, AC/DC TAA","5520 48 10/100/1000BASET FDX/HDX MACsec capable ports, 2 stacking/QSFP28 ports, 1 unpopulated VIM slot, 3 unpopulated modular fan slots, 2 unpopulated modular PSU slots, AC or DC PSU capable., TAA compliant",Universal LLW,,
5520-48T-BASE,5000,"5520 48port Data Switch, No Fans","5520 48 10/100/1000BASET FDX/HDX MACsec capable ports, 2 stacking/QSFP28 ports, 1 unpopulated VIM slot, 3 unpopulated modular fan slots, 2 unpopulated modular PSU slots.",Universal LLW,,
5520-48T-BASE-TAA,5000,"5520 48port Data Switch, No Fans TAA","5520 48 10/100/1000BASET FDX/HDX MACsec capable ports, 2 stacking/QSFP28 ports, 1 unpopulated VIM slot, 3 unpopulated modular fan slots, 2 unpopulated modular PSU slots., TAA compliant",Universal LLW,,
5520-48T-TAA,5000,5520 48port Data Switch TAA,"ExtremeSwitching 5520 48 10/100/1000BASET FDX/HDX 2 stacking/QSFP28 1 unpopulated VIM slot MACsec capable includes 3 fan modules 2 unpopulated modular PSU slots., TAA compliant",Universal LLW,,
5520-48W,5000,5520 48port 802.3bt 90w PoE Switch,ExtremeSwitching 5520 48 10/100/1000BASET FDX/HDX 802.3bt 90W PoE 2 stacking/QSFP28 1 unpopulated VIM slot MACsec capable includes 3 fan modules 2 unpopulated modular PSU slots.,Universal LLW,,
5520-48W-TAA,5000,5520 48port 802.3bt 90w PoE Switch TAA,"ExtremeSwitching 5520 48 10/100/1000BASET FDX/HDX 802.3bt 90W PoE 2 stacking/QSFP28 1 unpopulated VIM slot MACsec capable includes 3 fan modules 2 unpopulated modular PSU slots., TAA compliant",Universal LLW,,
VSP7400-32C,EAN,VSP 7432CQ,"VSP 7400, 32 x 100Gbps QSFP28 ports, 8-core CPU, 16GB RAM, 128GB SSD, 4-post rack mount kit No PSU No Fans",Universal LLW,07/31/2031,
VSP7400-48Y-8C,EAN,VSP 7400-48Y-8C,"VSP 7400, 48 x 10/25Gbps SFP28 ports, 8 x 100Gbps QSFP28 ports, 8-core CPU, 16GB RAM, 128GB SSD, 4-post rack mount kit, No PSU No Fans",Universal LLW,07/31/2031,
5720-24MW,5000,5720 24port MR (5G) 90W PoE Switch,"ExtremeSwitching 5720 24 100Mb/1Gb/2.5Gb/5Gb 802.3bt 90W PoE, 2 stacking/QSFP28, 1 unpopulated VIM slot, MACsec capable, includes fan modules, 2 unpopulated modular PSU slots.",Universal LLW,,
5720-24MW-TAA,5000,5720 24port MR (5G) 90W PoE Switch TAA,ExtremeSwitching 5720 24 100Mb/1Gb/2.5Gb/5Gb 802.3bt 90W PoE 2 stacking/QSFP28 1 unpopulated VIM slot MACsec capable includes fan modules 2 unpopulated modular PSU slots. TAA Compliant,Universal LLW,,
5720-24MXW,5000,5720 24port MR (10G) 90W PoE Switch,"ExtremeSwitching 5720 24 100Mb/1Gb/2.5Gb/5Gb/10Gb 802.3bt 90W PoE, 2 stacking/QSFP28, 1 unpopulated VIM slot, MACsec capable, includes fan modules, 2 unpopulated modular PSU slots.",Universal LLW,,
5720-24MXW-TAA,5000,5720 24port MR (10G) 90W PoE Switch TAA,ExtremeSwitching 5720 24 100Mb/1Gb/2.5Gb/5Gb/10Gb 802.3bt 90W PoE 2 stacking/QSFP28 1 unpopulated VIM slot MACsec capable includes fan modules 2 unpopulated modular PSU slots. TAA Compliant,Universal LLW,,
5720-48MW,5000,5720 48port MR (5G) 90W PoE Switch,"ExtremeSwitching 5720 48 100Mb/1Gb/2.5Gb/5Gb 802.3bt 90W PoE, 2 stacking/QSFP28, 1 unpopulated VIM slot, MACsec capable, includes fan modules, 2 unpopulated modular PSU slots.",Universal LLW,,
5720-48MW-TAA,5000,5720 48port MR (5G) 90W PoE Switch TAA,ExtremeSwitching 5720 48 100Mb/1Gb/2.5Gb/5Gb 802.3bt 90W PoE 2 stacking/QSFP28 1 unpopulated VIM slot MACsec capable includes fan modules 2 unpopulated modular PSU slots. TAA Compliant,Universal LLW,,
5720-48MXW,5000,5720 48port MR (10G) 90W PoE Switch,"ExtremeSwitching 5720 48 100Mb/1Gb/2.5Gb/5Gb/10Gb 802.3bt 90W PoE, 2 stacking/QSFP28, 1 unpopulated VIM slot, MACsec capable, includes fan modules, 2 unpopulated modular PSU slots.",Universal LLW,,
5720-48MXW-TAA,5000,5720 48port MR (10G) 90W PoE Switch TAA,ExtremeSwitching 5720 48 100Mb/1Gb/2.5Gb/5Gb/10Gb 802.3bt 90W PoE 2 stacking/QSFP28 1 unpopulated VIM slot MACsec capable includes fan modules 2 unpopulated modular PSU slots. TAA Compliant,Universal LLW,,
7520-48XT-6C,7000,"7520-48XT Empty chassis, No PS, No Fans","Extreme 7520-48XT Switch with two empty power supply slots, six empty fan slots; Ships with one 4-post rack mount kit; Supports 48x10/1G copper ports and 6x100/40G fiber ports",Universal LLW,,
7520-48XT-6C-AC-F,7000,"7520-48XT with two AC PS, six F-B fans","Extreme 7520-48XT Switch with front-back airflow; Ships with two AC power supplies, six fans, one 4-post rack mount kit; Supports 48x10/1G copper ports and 6x100/40G fiber ports",Universal LLW,,
7520-48XT-6C-AC-R,7000,"7520-48XT with two AC PS, six B-F fans","Extreme 7520-48XT Switch with back-front airflow; Ships with two AC power supplies, six fans, one 4-post rack mount kit; Supports 48x10/1G copper ports and 6x100/40G fiber ports",Universal LLW,,
7520-48Y-8C,7000,"7520-48Y Empty chassis, No PS, No Fans","Extreme 7520-48Y Switch with two empty power supply slots, six empty fan slots; Ships with one 4-post rack mount kit; Supports 48x25/10/1G and 8x100/40G ports",Universal LLW,,
7520-48Y-8C-AC-F,7000,"7520-48Y with two AC PS, six F-B fans","Extreme 7520-48Y Switch with front-back airflow; Ships with two AC power supplies, six fans, one 4-post rack mount kit; Supports 48x25/10/1G and 8x100/40G ports",Universal LLW,,
7520-48Y-8C-AC-R,7000,"7520-48Y with two AC PS, six B-F fans","Extreme 7520-48Y Switch with back-front airflow; Ships with two AC power supplies, six fans, one 4-post rack mount kit; Supports 48x25/10/1G and 8x100/40G ports",Universal LLW,,
7520-48YE-8CE,7000,"7520-48YE Empty chassis, No PS, No Fans","Extreme 7520-48YE Switch with two empty power supply slots, six empty fan slots; Ships with one 4-post rack mount kit; Supports 48x25/10G with MACsec and 8x100/40G ports with MACsec",Universal LLW,,
7520-48YE-8CE-AC-F,7000,"7520-48YE with two AC PS, six F-B fans","Extreme 7520-48YE Switch with front-back airflow; Ships with two AC power supplies, six fans, one 4-post rack mount kit; Supports 48x25/10G with MACsec and 8x100/40G ports with MACsec",Universal LLW,,
7520-48YE-8CE-AC-R,7000,"7520-48YE with two AC PS, six B-F fans","Extreme 7520-48YE Switch with back-front airflow; Ships with two AC power supplies, six fans, one 4-post rack mount kit; Supports 48x25/10G with MACsec and 8x100/40G ports with MACsec",Universal LLW,,
7720-32C,7000,"7720-32C Empty chassis, No PS, No Fans","Extreme 7720-32C Switch with two empty power supply slots, six empty fan slots; Ships with a 4-post rack mount kit; Supports 32x100/40G",Universal LLW,,
7720-32C-AC-F,7000,"7720-32C with two AC PS, six F-B fans","Extreme 7720-32C with Front to Back air flow. Supports 32x40/100G with dual AC power supplies, six fans and a 4-post rack mount kit",Universal LLW,,
7720-32C-AC-R,7000,"7720-32C with two AC PS, six B-F fans","Extreme 7720-32C with Back to Front air flow. Supports 32x40/100G AC with dual power supplies, six fans and a 4-post rack mount kit",Universal LLW,,
7830-32CE-8DE,7000,"7830 base chassis, No PSU, No Fans","Extreme 7830 switch with 32x(100G|40G|2x50G|4x25G|4x10G) and 8x(400G|100G|2x200G|4x100G|8x50G|8x25G|8x10G) MACsec capable ports, two empty power supply slots, four empty fan slots; Ships with one 4-post rack mount kit",1 Year Warranty,,
XN-ACPWR-1600W-BF-A,8000,1600W AC PSU BF,1600W AC Power Supply - Back to Front Airflow,1 Year Warranty,,
XN-ACPWR-1600W-FB-A,8000,1600W AC PSU FB,1600W AC Power Supply - Front to Back Airflow,1 Year Warranty,,
XN-DCPWR-1600W-BF-A,8000,1600W DC PSU BF,1600W DC Power Supply - Back to Front Airflow,1 Year Warranty,,
XN-DCPWR-1600W-FB-A,8000,1600W DC PSU FB,1600W DC Power Supply - Front to Back Airflow,1 Year Warranty,,
XN-FAN-006-BF,8000,8730 Fan BF Airflow,8730 Fan Back to Front Airflow,1 Year Warranty,,
XN-FAN-006-FB,8000,8730 Fan FB Airflow,8730 Fan Front to Back Airflow,1 Year Warranty,,
40G-LR4-QSFP10KM-TA,Optics,40G LR4 QSFP+ 10km TAA,40G LR4 QSFP+ 10km LC connector Single-Mode MSA P/N EQPT404LR4LCL100. TAA,1 Year Warranty,,
400G-AOC-QSFPDD10M,Optics,400G AOC QSFPDD 10M,400G AOC QSFPDD 10 METER MSA P/N EQDC4HAC100C0100,1 Year Warranty,,
400G-AOC-QSFPDD20M,Optics,400G AOC QSFPDD 20M,400G AOC QSFPDD 20 METER MSA P/N EQDC4HAC200C0100,1 Year Warranty,,
400G-AOC-QSFPDD5M,Optics,400G AOC QSFPDD 5M,400G AOC QSFPDD 5 METER MSA P/N EQDC4HAC050C0100,1 Year Warranty,,
400G-DACP-QSFPDD1M,Optics,400G DACP QSFPDD 1M,400G PASSIVE DAC QSFPDD 1 METER MSA P/N EQDC4HPC010C0100,1 Year Warranty,,
400G-DACP-QSFPDD2M,Optics,400G DACP QSFPDD 2M,400G DACP QSFPDD 2 METER MSA P/N EQDC4HPC020C0100,1 Year Warranty,,
400G-DACP-QSFPDD2Z5M,Optics,400G DACP QSFPDD 2.5M,400G DACP QSFPDD 2.5 METER MSA P/N EQDC4HPCZ20C0100,1 Year Warranty,,
400G-DACP-QSFPDD3M,Optics,400G DACP QSFPDD 3M,400G PASSIVE DAC QSFPDD 3 METER MSA P/N EQDC4HPC030C0100,1 Year Warranty,,
400G-DR4-QSFPDD500M,Optics,400G DR4 QSFPDD 500M MPO-12 SMF,400G DR4 QSFPDD 500M MPO-12 SINGLE MODE MSA P/N EQDT4H8DR4DCM100,1 Year Warranty,,
400G-DR4X-QSFPDD2KM,Optics,400G DR4+ 4x100G FR QSFPDD 2KM MPO-12 SM,400G DR4+ 4x100G FR QSFPDD 2KM MPO-12 SINGLE MODE MSA P/N EQDT4H8DR4FCM100,1 Year Warranty,,
400G-LR4P-QSFPDD10KM,Optics,4x100G LR4 QSFPDD 10KM MPO-12 SMF,4x100G LR4 QSFPDD 10KM MPO-12 SINGLE MODE MSA P/N EQDT4H8LR4LCM100,1 Year Warranty,,
400G-SR8-QSFPDD100M,Optics,400G SR8 QSFPDD 100M MPO-16 MMF,400G SR8 QSFPDD 100M MPO-16 MULTI MODE MSA P/N EQDT4H8SR8UCM100,1 Year Warranty,,
100G-DR-SFPDD500M,Optics,100G DR SFPDD 500M,100G DR SFPDD 500M LC CONN SINGLE MODE MSA P/N ESDT1H8DR1DCL100,1 Year Warranty,,
100G-FR-SFPDD2KM,Optics,100G FR SFPDD 2KM,100G FR SFPDD 2KM LC CONN SINGLE MODE MSA P/N ESDT1H8FR1FCL100,1 Year Warranty,,
100G-LR-SFPDD10KM,Optics,100G LR SFPDD 10KM,100G LR SFPDD 10KM LC CONN SINGLE MODE MSA P/N ESDT1H8LR1LCL100,1 Year Warranty,,
8520-48XT-6C-DC-F,8000,"8520-48XT with two DC PS, six F-B fans","Extreme 8520-48XT Switch with front-back airflow; Ships with two DC power supplies, six fans, one 4-post rack mount kit; Supports 48x10/1G copper ports and 6x100/40G fiber ports",1 Year Warranty,,
8520-48Y-8C-DC-F,8000,"8520-48Y with two DC PS, six F-B fans","Extreme 8520-48Y Switch with front-back airflow; Ships with two DC power supplies, six fans, one 4-post rack mount kit; Supports 48x25/10/1G and 8x100/40G ports",1 Year Warranty,,
16801,Fixed L2,"ISW 4-10/100P,2-10/100T,2-SFP",4-port POE+ 10/100 2-Port 10/100 w/ 2-port SFP Operating Temperature -40C - +75C,5 Year Warranty,,
16802,Fixed L2,"ISW 8-10/100P,4-SFP",8-port POE+ 10/100 w/ 4-port SFP Operating Temperature -40C - +75C,5 Year Warranty,,
16803,Fixed L2,"ISW 4GBP,2GBT,2-SFP","4-port POE+ Gigabit, 2-port Gigabit w/ 2-port SFP Operating Temperature -40C - +75C",5 Year Warranty,,
16804,Fixed L2,"ISW 8GBP,4-SFP",8-port POE+ Gigabit w/ 4-port SFP Operating Temperature -40C - +75C,5 Year Warranty,,
PD-3501G-ENT,WiNG Wireless,SINGLE PORT 802.3AF MIDSPAN DEVICE,SINGLE PORT 802.3AF MIDSPAN DEVICE,1 Year Warranty,,
10941,Summit,1100W AC PSU FB,"1100 Watt AC PoE Power Supply module with Front-to-Back airflow for Summit X465, X450-G2, X460-G2, VSP4900, 5520",Limited Lifetime Warranty with express Advanced Hardware Replacement,07/31/2031,
STK-CAB-2M,Fixed L3,2M STACKING CABLE - LIMITED SUPPORT,2M STACKING CABLE - LIMITED SUPPORT,No Warranty,,
STK-RPS-150CH2,Fixed L3,2-SLOT MODULAR SHELF FOR 150W RPS,2-SLOT MODULAR SHELF FOR 150W RPS,1 Year Warranty,,
STK-RPS-150CH8,Fixed L3,8-SLOT MODULAR SHELF FOR 150W PS,8-SLOT MODULAR SHELF FOR 150W PS,1 Year Warranty,,
STK-RPS-150PS,Fixed L3,150W NON-POE REDUNDANT POWER SUPPLY,150W NON-POE REDUNDANT POWER SUPPLY,Limited Lifetime Warranty with express Advanced Hardware Replacement-2,,
STK-RPS-1005CH3,Fixed L3,3-SLOT MODULAR SHELF FOR 1005W PS,3-SLOT MODULAR SHELF FOR 1005W PS,1 Year Warranty,,
STK-RPS-1005PS,Fixed L3,1005W 802.3AT POE REDUNDANT POWER SUPPLY,1005W 802.3AT POE REDUNDANT POWER SUPPLY,Limited Lifetime Warranty with express Advanced Hardware Replacement-2,,
10307,Optics,10m SFP+ Cable,"10 Gigabit Ethernet SFP+ passive cable assembly, 10m length.",1 Year Warranty,,
ML-2452-PNA5-01R,WiNG Wireless,Antenna 25G5dBDIR,"Panel, 120 deg sector, 4.5dBi/ 5dBi, dual band, outdoor, 4” lead with standard N-type connector",1 Month Warranty (Wing),,
25-90262-01R,WiNG Wireless,Adapter RPSMAF-NF,RP-SMA-Female to N-Female adapter,1 Month Warranty (Wing),,
10951,Summit,715W PoE AC PSU FB,"715W AC PoE Power Supply Module with front to back airflow for Summit X465, X450-G2, X460-G2, VSP4900, 5520",Limited Lifetime Warranty with express Advanced Hardware Replacement,,
25-85392-01R,WiNG Wireless,Adapter RPSMAM-NF,RP-SMA (Male) To Type N (Female) Adapter,1 Month Warranty (Wing),,
ML-2452-LAK1-02R,WiNG Wireless,DUAL BAND LIGHTNING ARRESTOR,DUAL BAND LIGHTNING ARRESTOR,1 Month Warranty (Wing),,
ML-2452-PTA2M2-036,WiNG Wireless,ANT: 2 PORT DUAL BAND PATCH ANTENNA,"Patch, 4dBi (2.4 GHz) and 5dBi (5 GHz) dual band with 2 RP-SMA connectors",1 Month Warranty (Wing),,
PD-9001GR-ENT,WiNG Wireless,SINGLE PORT 802.3AT COMPLIANT MIDSPAN,SINGLE PORT 802.3AT COMPLIANT MIDSPAN,1 Year Warranty,,
PD-9501GO-ENT,WiNG Wireless,SINGLE PORT 802.3AT PLUS OUTDOOR MIDSPAN,SINGLE PORT 802.3AT PLUS OUTDOOR MIDSPAN,1 Year Warranty,,
PD-MBKOUT,WiNG Wireless,MOUNTING BRACKET FOR OUTDOOR MIDSPANS,MOUNTING BRACKET FOR OUTDOOR MIDSPANS,1 Year Warranty,,
ADP-06-00,WAN Edge,Ipe30so/ax switched cordless AC/DC PS,Ipe30so/ax Series switched AC/DC power supply (cordless),1 Year Warranty,,
CBL-01-RO,WAN Edge,"Router cable ipe30, ipe40V2, ipe420","Router cable ipe30so/ax, ipe40so/ax V2, ipe420ax Series",No Warranty,,
COS-01-AR,WAN Edge,ipe30(ax)/ipe40(ax)/420ax Series ARG PC,ipe30(ax)/ipe40(ax)/420ax Series Argentina standard power cable,No Warranty,,
COS-01-AU,WAN Edge,ipe30(ax)/ipe40(ax)/420ax Series AUS PC,ipe30(ax)/ipe40(ax)/420ax Series Australian standard power cable,No Warranty,,
COS-01-BR,WAN Edge,ipe30(ax)/ipe40(ax)/420ax Series BR PC,ipe30(ax)/ipe40(ax)/420ax Series Brazilian standard power cable,No Warranty,,
COS-01-CH,WAN Edge,ipe30(ax)/ipe40(ax)/420ax Series CH PC,ipe30(ax)/ipe40(ax)/420ax Series Swiss standard power cable,No Warranty,,
COS-01-CN,WAN Edge,ipe30(ax)/ipe40(ax)/420ax Series CN PC,ipe30(ax)/ipe40(ax)/420ax Series Chinese standard power cable,No Warranty,,
COS-01-DK,WAN Edge,ipe30(ax)/ipe40(ax)/420ax Series DK PC,ipe30(ax)/ipe40(ax)/420ax Series Danish standard power cable,No Warranty,,
COS-01-EU,WAN Edge,ipe30(ax)/ipe40(ax)/420ax Series EU PC,ipe30(ax)/ipe40(ax)/420ax Series European standard power cable,No Warranty,,
COS-01-IL,WAN Edge,ipe30(ax)/ipe40(ax)/420ax Series IL PC,ipe30(ax)/ipe40(ax)/420ax Series Israëlian standard power cable,No Warranty,,
COS-01-IN,WAN Edge,ipe30(ax)/ipe40(ax)/420ax Serie IN/SA PC,ipe30(ax)/ipe40(ax)/420ax Series India/S. Africa standard power cable,No Warranty,,
COS-01-IT,WAN Edge,ipe30(ax)/ipe40(ax)/420ax Series IT PC,ipe30(ax)/ipe40(ax)/420ax Series Italian standard power cable,No Warranty,,
COS-01-JP,WAN Edge,ipe30(ax)/ipe40(ax)/420ax Series JP PC,ipe30(ax)/ipe40(ax)/420ax Series Japanese standard power cable,No Warranty,,
COS-01-UK,WAN Edge,ipe30(ax)/ipe40(ax)/420ax Series UK PC,ipe30(ax)/ipe40(ax)/420ax Series United Kingdom standard power cable,No Warranty,,
COS-01-US,WAN Edge,ipe30(ax)/ipe40(ax)/420ax Serie US/CA PC,ipe30(ax)/ipe40(ax)/420ax Series USA/Canada standard power cable,No Warranty,,
COS-02-AR,WAN Edge,ipe2000ax/4000ax Series ARG PC,ipe2000ax/4000ax Series Argentina standard power cables,No Warranty,,
COS-02-AU,WAN Edge,ipe2000ax/4000ax Series AUS PC,ipe2000ax/4000ax Series Australian standard power cables,No Warranty,,
COS-02-BR,WAN Edge,ipe2000ax/4000ax Series BR PC,ipe2000ax/4000ax Series Brazilian standard power cables,No Warranty,,
COS-02-CH,WAN Edge,ipe2000ax/4000ax Series CH PC,ipe2000ax/4000ax Series Swiss standard power cables,No Warranty,,
COS-02-CN,WAN Edge,ipe2000ax/4000ax Series CN PC,ipe2000ax/4000ax Series Chinese standard power cables,No Warranty,,
COS-02-DK,WAN Edge,ipe2000ax/4000ax Series DK PC,ipe2000ax/4000ax Series Denmark standard power cables,No Warranty,,
COS-02-EU,WAN Edge,ipe2000ax/4000ax Series EU PC,ipe2000ax/4000ax Series European standard power cables,No Warranty,,
COS-02-IL,WAN Edge,ipe2000ax/4000ax Series IL PC,ipe2000ax/4000ax Series Israëlian standard power cables,No Warranty,,
COS-02-IN,WAN Edge,ipe2000ax/4000ax Series IN/SA PC,ipe2000ax/4000ax Series India/S. Africa standard power cables,No Warranty,,
COS-02-IT,WAN Edge,ipe2000ax/4000ax Series IT PC,ipe2000ax/4000ax Series Italian standard power cables,No Warranty,,
COS-02-JP,WAN Edge,ipe2000ax/4000ax Series JP PC,ipe2000ax/4000ax Series Japanese standard power cables,No Warranty,,
COS-02-UK,WAN Edge,ipe2000ax/4000ax Series UK PC,ipe2000ax/4000ax Series United Kingdom standard power cables,No Warranty,,
COS-02-US,WAN Edge,ipe2000ax/4000ax Serie USA/CA PC,ipe2000ax/4000ax Series USA/Canada standard power cables,No Warranty,,
ETH-05-02,WAN Edge,2M cat5E UTP straight ETH cable,2 meters cat5E UTP straight Ethernet cable,No Warranty,,
MEC-04-1U,WAN Edge,1U rail kit mt. ipe2000ax/4000ax 19-26in,1U rail kit mount (19 to 26 inch) for ipe2000ax/4000ax Series,No Warranty,,
SSD-03-xx,WAN Edge,ssd Mass Storage for ipe-420ax,ssd Mass Storage for ipe-420ax,No Warranty,,
SSD-04-xx,WAN Edge,ssd Boot Storage for ipe-420ax,ssd Boot Storage for ipe-420ax,No Warranty,,
10033,Accessories,"PWR CORD,EUR,10A,CEE7/7,C13,ST","PWR CORD,EUR,10A,CEE7/7,C13,ST",No Warranty,,
10034,Accessories,"PWR CORD,GBR,10A,BS1363,C13,ST","PWR CORD,GBR,10A,BS1363,C13,ST",No Warranty,,
10035,Accessories,"PWR CORD,ZAF,10A,SANS164-1,C13,ST","PWR CORD,ZAF,10A,SANS164-1,C13,ST",No Warranty,,
10036,Accessories,"PWR CORD,AUS,10A,AS 3112 3,C13,ST","PWR CORD,AUS,10A,AS 3112 3,C13,ST",No Warranty,,
10037,Accessories,"PWR CORD,CHE,10A,SEV 1011,C13,ST","PWR CORD,CHE,10A,SEV 1011,C13,ST",No Warranty,,
10038,Accessories,"PWR CORD,ITA,10A,CEI 23-50,C13,ST","PWR CORD,ITA,10A,CEI 23-50,C13,ST",No Warranty,,
10039,Accessories,"PWR CORD,CHN,10A,GB2099,C13,ST","PWR CORD,CHN,10A,GB2099,C13,ST",1 Year Warranty,,
10041,Accessories,"PWR CORD,NEMA,10A,NEMA 5-15P,C13,RA","PWR CORD,NEMA,10A,NEMA 5-15P,C13,RA",1 Year Warranty,,
10042,Accessories,"PWR CORD,JPN,12A,JIS C 8303,C13,RA","PWR CORD,JPN,12A,JIS C 8303,C13,RA",No Warranty,,
10043,Accessories,"PWR CORD,EUR,10A,CEE7/7,C13,RA","PWR CORD,EUR,10A,CEE7/7,C13,RA",No Warranty,,
10044,Accessories,"PWR CORD,GBR,10A,BS1363,C13,RA","PWR CORD,GBR,10A,BS1363,C13,RA",No Warranty,,
10045,Accessories,"PWR CORD,ZAF,10A,SANS 164-1,C13,RA","PWR CORD,ZAF,10A,SANS 164-1,C13,Right Angle",No Warranty,,
10046,Accessories,"PWR CORD,AUS,10A,AS/NZS4417,C13,RA","PWR CORD,AUS,10A,AS/NZS4417,C13,RA",No Warranty,,
10047,Accessories,"PWR CORD,CHE,10A,SEV 1011,C13,RA","PWR CORD,CHE,10A,SEV 1011,C13,RA",No Warranty,,
10048,Accessories,"PWR CORD,ITA,10A,CEI 23-50,C13,RA","PWR CORD,ITA,10A,CEI 23-50,C13,RA",No Warranty,,
10049,Accessories,"PWR CORD,CHN,10A,GB2099,C13,RA","PWR CORD,CHN,10A,GB2099,C13,RA",No Warranty,,
10061,Accessories,"PWR CORD,NEMA,10A,NEMA 5-15P,C13,ST","PWR CORD,NEMA,10A,NEMA 5-15P,C13,ST",1 Year Warranty,,
10062,Accessories,"PWR CORD,JPN,12A,JIS C 8303,C13,ST","PWR CORD,JPN,12A,JIS C 8303,C13,ST",1 Year Warranty,,
10080,Accessories,"PWR CORD,NEMA,16A,NEMA 6-20P,C19,ST","PWR CORD,NEMA,16A,NEMA 6-20P,C19,ST",No Warranty,,
10081,Accessories,"PWR CORD,EUR,16A,CEE7/7,C19,ST","PWR CORD,EUR,16A,CEE7/7,C19,ST",No Warranty,,
10084,Accessories,"PWR CORD,AUS,15A,AS 3112 3,C19,ST","PWR CORD,AUS,15A,AS 3112 3,C19,ST",No Warranty,,
10087,Accessories,"PWR CORD,GBR,13A,BS1363,C19,ST","PWR CORD,GBR,13A,BS1363,C19,ST",No Warranty,,
10088,Accessories,"PWR CORD,NEMA,10A,NEMA L6-15P,C13,RA","PWR CORD,NEMA,10A,NEMA L6-15P,C13,RA",No Warranty,,
10089,Accessories,"PWR CORD,AUS,10A,AS 3112 3,C15,ST","PWR CORD,AUS,10A,AS 3112 3,C15,ST",No Warranty,,
10090,Accessories,"PWR CORD,CHN,10A,GB2099,C15,ST","PWR CORD,CHN,10A,GB2099,C15,ST",No Warranty,,
10092,Accessories,"PWR CORD,ZAF,10A,SANS164-1,C15,ST","PWR CORD,ZAF,10A,SANS164-1,C15,ST",No Warranty,,
10093,Accessories,"PWR CORD,DNK,10A,AFSNIT 107-2-D1,C15,ST","PWR CORD,DNK,10A,AFSNIT 107-2-D1,C15,ST",No Warranty,,
10094,Accessories,"PWR CORD,EUR,10A,CEE7/7,C15,ST","PWR CORD,EUR,10A,CEE7/7,C15,ST",No Warranty,,
10095,Accessories,"PWR CORD,BRA,10A,NBR14136,C15,ST","PWR CORD,BRA,10A,NBR14136,C15,ST",No Warranty,,
10096,Accessories,"PWR CORD,GBR,10A,BS1363,C15,ST","PWR CORD,GBR,10A,BS1363,C15,ST",No Warranty,,
10097,Accessories,"PWR CORD,CHE,10A,SEV 1011,C15,ST","PWR CORD,CHE,10A,SEV 1011,C15,ST",No Warranty,,
10098,Accessories,"PWR CORD,JPN,12A,JIS C 8303,C15,ST","PWR CORD,JPN,12A,JIS C 8303,C15,ST",No Warranty,,
10099,Accessories,"PWR CORD,NEMA,15A,NEMA 5-15P,C15,ST","PWR CORD,NEMA,15A,NEMA 5-15P,C15,ST",No Warranty,,
10100,Accessories,"PWR CORD,NEMA,15A,C14,C15,ST","PWR CORD,NEMA,15A,C14,C15,ST",No Warranty,,
9380010-3M,Cables/Connectivity,"CBL ASSY, LC TO LC DPLX, 10GB MM FBR, 3M",,No Warranty,,
9380014-5M,Cables/Connectivity,"CBL, MPO- 4 LC DPLX,PLENUM,10 GB MM, 5M",,No Warranty,,
9380527-3M,Cables/Connectivity,"CBL ASSY, LC TO SC DPLX, 62.5 MM FBR, 3M",,No Warranty,,
9380528-3M,Cables/Connectivity,"CBL ASSY, LC TO ST DPLX, 62.5 MM FBR, 3M",,No Warranty,,
9380530-3M,Cables/Connectivity,"CBL ASSY, LC TO SC DPLX, SM FBR, 3M",,No Warranty,,
9380531-3M,Cables/Connectivity,"CBL ASSY, LC TO ST DPLX, SM FBR, 3M",,No Warranty,,
9380532-3M,Cables/Connectivity,"CBL ASSY, LC TO LC DPLX, SM FBR, 3M",,No Warranty,,
16572,FastPath Switches,Rack mount kit for dual CFF mount,"Rack Mount Kit to mount dual compact form factor device side-by-side in 1RU space. For use with X435-8P-2T-W, RPS-150W-XT, 12 port 200-Series switches (210 and/or 220)",Limited Lifetime Warranty-B,,
16573,FastPath Switches,4220 X435 and 200-Series Wall Mount Kit,"Hardware kit for wall mounting 12 port 4220 series switch, 12 port 200-Series switch (either 210 or 220) or an 8 port X435 series switch",Limited Lifetime Warranty-B,,
I-MGBIC-LC03,Fixed L2,"KM 1000BASE-LX, MM",,1 Year Warranty,,
16805,Fixed L2,POE INJ-75W-24,24VDC GbE PoE injector with 60/75W output Operating Temperature -40C - +75C,3 Year Warranty,,
16806,Fixed L2,POE INJ-30W-24,24VDC GbE PoE injector with 30W output Operating Temperature -40C - +75C,3 Year Warranty,,
16807,Fixed L2,IS AC-DC PS 240W,IS AC-DC Power Supply 240W Output DIN Rail -25 - 70C,3 Year Warranty,,
16920,Fixed L2,IS AC-DC PS 480W,IS AC-DC Power Supply 480W Output DIN Rail -25 - 70C,3 Year Warranty,,
MGBIC-02,Modular Interfaces,"1000BASE-T, RJ45 MINI GBIC",,1 Year Warranty,,
MGBIC-BX40-D,Modular Interfaces,1000BASE-BX40-D SFP,,1 Year Warranty,,
MGBIC-BX40-U,Modular Interfaces,1000BASE-BX40-U BIDIRECTIONAL SFP,,1 Year Warranty,,
MGBIC-LC03,Modular Interfaces,MINI GBIC 1000BASE-FX W/ 1 LC MM PT -2KM,,1 Year Warranty,,
10GB-BX10-D,Modular Interfaces,"10 GB, SINGLE FIBER SM, -D 10 KM",,1 Year Warranty,,
10GB-BX10-U,Modular Interfaces,"10 GB, SINGLE FIBER SM, -U 10 KM",,1 Year Warranty,,
10GB-BX40-D,Modular Interfaces,"10 GB, SINGLE FIBER SM, -D 40 KM",,1 Year Warranty,,
10GB-BX40-U,Modular Interfaces,"10 GB, SINGLE FIBER SM, -U 40 KM",,1 Year Warranty,,
QSFP-SFPP-ADPT,Modular Interfaces,"10GB, QSFP+-SFP+ ADAPTOR",,1 Year Warranty,,
10327,Optics,"MPO to 4xLC breakout patch cable, SM 10m","MPO to 4 x LC breakout patch cable, Single-Mode 10m",1 Year Warranty,,
10332,Optics,"MPO-4xLC patch cable, OM4, 5m","MPO to 4xLC breakout patch cable, OM4 MMF, 5m",1 Year Warranty,,
10335,Optics,40Gb ER4 QSFP+,"40Gb ER4, 40Km SMF, QSFP+, LC",1 Year Warranty,,
10405,Optics,100Gb QSFP28 PSM4,"100Gb, PSM4, 2km SMF, QSFP28, MPO",1 Year Warranty,,
10434,Optics,100Gb AOC QSFP28 5m,"100Gb, QSFP28-QSFP28 Active optical cable, 5m",1 Year Warranty,,
10437,Optics,100Gb AOC QSFP28 20m,"100Gb, QSFP28-QSFP28 Active optical cable, 20m",1 Year Warranty,,
10506,Optics,QSFP28 - SFP28 Adapter,QSFP28 - SFP28 Slot Adapter,1 Year Warranty,,
10051H,Optics,"1000BASE-SX SFP, Hi","1000BASE-SX SFP, MMF 220 & 550 meters, LC connector, Industrial Temp",1 Year Warranty,,
10052H,Optics,"1000BASE-LX SFP, Hi","1000BASE-LX SFP, MMF 220 & 550 meters, SMF 10km, LC connector, Industrial Temp",1 Year Warranty,,
10053H,Optics,"1000BASE-ZX SFP, Hi","1000BASE-ZX SFP, SMF 70km, LC connector, Industrial Temp",1 Year Warranty,,
10056H,Optics,"1000BASE-BX-D BiDi SFP, Hi","1000BASE-BX-D SFP, 1490-nm TX/1310-nm RX wavelength, Industrial Temp",1 Year Warranty,,
10057H,Optics,"1000BASE-BX-U BiDi SFP, Hi","1000BASE-BX-U SFP, 1310-nm TX/1490-nm RX wavelength, Industrial Temp",1 Year Warranty,,
10060H,Optics,"100LX/1000LX SFP, Hi","Dual-speed 100 LX / 1000 LX SFP, LC connector, Industrial Temp",1 Year Warranty,,
10063,Optics,100FX mini-GBIC Module,"Mini-GBIC, SFP, 100FX MMF, LC connector",1 Year Warranty,,
10065,Optics,10/100/1000BASE-T SFP,"10/100/1000BASE-T SFP module, CAT5 cable 100m link, RJ45-connector for Giga Bit Ethernet SFP Port.",1 Year Warranty,,
10066,Optics,100BASE-LX10 SFP,"100BASE-LX10 SFP module, SMF 10km link, LC-connector for Fast Ethernet SFP Port.",1 Year Warranty,,
10067,Optics,100BASE-FX SFP,"100BASE-FX SFP module, MMF 2km link, LC-connector for Fast Ethernet SFP Port. I-temp",1 Year Warranty,,
10070H,Optics,"10/100/1000BASE-T SFP, Hi","10/100/1000BASE-T SFP module, CAT5 cable 100m link, RJ45-connector for Giga Bit Ethernet SFP Port, Industrial Temp",1 Year Warranty,,
10071H,Optics,"1000BASE-SX SFP 10 Pack, Hi",10-pack of 10051H - 1000BASE-SX SFP Industrial Temp,1 Year Warranty,,
10072H,Optics,"1000BASE-LX SFP 10 Pack, Hi",10-pack of 10052H - 1000BASE-LX SFP Industrial Temp,1 Year Warranty,,
10301,Optics,SR SFP+ module,"10 Gigabit Ethernet SFP+ module, 850nm, MMF 26-300m link, LC connector",1 Year Warranty,,
10302,Optics,LR SFP+ module,"10 Gigabit Ethernet SFP+ module, 1310nm, SMF 10km link, LC connector",1 Year Warranty,,
10303,Optics,LRM SFP+ module,"LRM SFP+ Module0 Gigabit Ethernet SFP+ module, 1310nm, MMF 220m link, LC connector",1 Year Warranty,,
10304,Optics,1m SFP+ Cable,"10 Gigabit Ethernet SFP+ passive cable assembly, 1m length.",1 Year Warranty,,
10305,Optics,3m SFP+ Cable,"10 Gigabit Ethernet SFP+ passive cable assembly, 3m length.",1 Year Warranty,,
10306,Optics,5m SFP+ Cable,"10 Gigabit Ethernet SFP+ passive cable assembly, 5m length.",1 Year Warranty,,
10309,Optics,ER SFP+ module,"10 Gigabit Ethernet SFP+ module, 1550nm, SMF 40km link, LC connector",1 Year Warranty,,
10338,Optics,10Gb SFP+ 10GBASE-T,"10Gb SFP+, 10GBASE-T RJ45, 30m with Cat6a",1 Year Warranty,,
10502,Optics,25Gb SFP28 SR Lite-FEC MMF,"25Gb SR, Lite-FEC 50m OM3 / 70m OM4, RS-FEC 70m OM3 / 100m OM4 MMF LC",1 Year Warranty,,
10503,Optics,25Gb SFP28 ESR MMF,25Gb SFP28 ESR extended range 200m OM3 / 300m OM4 MMF LC,1 Year Warranty,,
10522,Optics,25Gb DAC SFP28-SFP28 5m,"25Gb SFP28-SFP28 , Passive Copper Direct Attach Cable, 5m",1 Year Warranty,,
16105,Summit,"Stacking Cable, 5.0M","SummitStack Stacking cable, 5.0M (not supported for UniStack)",Limited Lifetime Warranty with express Advanced Hardware Replacement,,
16106,Summit,"Stacking Cable, 0.5M","SummitStack/UniStack Stacking cable, 0.5M",Limited Lifetime Warranty with express Advanced Hardware Replacement,,
16107,Summit,"Stacking Cable, 1.5M","SummitStack/UniStack Stacking cable, 1.5M",1 Year Warranty,,
16108,Summit,"Stacking Cable, 3.0M","SummitStack/UniStack Stacking cable, 3.0M",Limited Lifetime Warranty with express Advanced Hardware Replacement,,
17026,Summit,"Stacking Cable 128G/64G, 1.0M","Conversion cable for SummitStack256 and SummitStack128, 1.0M",Limited Lifetime Warranty with express Advanced Hardware Replacement,,
17030,Summit,"Stacking Cable 64G, 1.0M","SummitStack128 Stacking Cable, 1.0M",Limited Lifetime Warranty with express Advanced Hardware Replacement,,
17038,Summit,"Stacking Cable 64G/20G, 1.0M","Conversion cable for SummitStack128 and SummitStack, 1.0M",Limited Lifetime Warranty with express Advanced Hardware Replacement,,
17115,Summit,"FAN ASSY,1x2,29.2CFM,12,FB","X870, X690, X590, 5520 Fan Module, Front-to-back airflow",Universal LLW,,
17116,Summit,"FAN ASSY,1x2,29.2CFM,12,BF","X870, X690, X590, 5520 Fan Module, Back-to-Front airflow",Universal LLW,,
30702,IdentiFi Wireless,WS-AI-DQ05120 5DBI 120DEG SECTOR,"Indoor, 2.3-2.7/4.9-6.1GHz, 4-feed, 5dBi, 120 degree sector antenna with standard RPSMA-type plug connector",1 Year Warranty,,
30711,IdentiFi Wireless,WS-AO-DQ05120N 5DBI 120DEG SECTOR,"Outdoor, 2.3-2.7/4.9-6.1GHz, 4-feed, 5dBi, 120 degree sector antenna with standard N-type plug connector",1 Year Warranty,,
30515,IdentiFi Wireless,WS-MB-WALLEXT01,Wall mounting bracket extension for indoor and outdoor directional service antennas,1 Year Warranty,,
37201,WiNG Wireless,Mounting Plate for Indoor APs,Mounting Plate for Indoor APs,1 Month Warranty (Wing),,
BRKT-000147A-01,WiNG Wireless,BEAM CLIP for Mounting Plate,BEAM CLIP for Mounting Plate,1 Month Warranty (Wing),,
KT-135628-01,WiNG Wireless,UNIVERSAL MOUNTING KIT FOR EWLAN APS,UNIVERSAL MOUNTING KIT FOR EWLAN AP'S,1 Month Warranty (Wing),,
KT-147407-02,WiNG Wireless,OUTDOOR HDW KIT SS HARSH ENVIRONMENTS,OUTDOOR MOUNTING HARDWARE KIT FOR OUTDOOR ACCESS POINTS- STAINLESS STEEL FOR HARSH ENVIRONMENTS,1 Month Warranty (Wing),,
KT-150173-01,WiNG Wireless,OUTDOOR AP 12 IN EXT ARM FOR MNTG KIT,OUTDOOR AP 12 IN EXT ARM FOR MNTG KIT,1 Month Warranty (Wing),,
KT-158767-01,WiNG Wireless,KIT: AP7161 VEHICLE MOUNT,KIT: AP7161 VEHICLE MOUNT,1 Month Warranty (Wing),,
30512,WiNG Wireless,WS-PSI12V-MR2 12V PWR SPLY,Multi region 12V Indoor External Power Supply,1 Year Warranty (Wing),,
PD-9001GO-ENT,WiNG Wireless,OUTDOOR 802.3AT POE SINGLE PORT MIDSPAN,OUTDOOR 802.3AT POE SINGLE PORT MIDSPAN,1 Year Warranty,,
30724,WiNG Wireless,WS-AO-DQ04360N 4DBI OMNI,"Outdoor, 2.4-2.5/5.15-5.875GHz, 4dBi, Omni antenna with standard N-type plug connector",1 Year Warranty,,
ML-2452-VMM3M3-036,WiNG Wireless,ANT: 3 DUAL BAND ELEMENTS VMM ANTENNA,ANT: 3 DUAL BAND ELEMENTS VMM ANTENNA,1 Month Warranty (Wing),,
30516,WiNG Wireless,WS-MBI-WALL04 Wall Mtg Brkt,Indoor wall mounting bracket for AP3916ic,1 Year Warranty,,
30518,WiNG Wireless,WS-MBI-DCMTR01,"Drop Ceiling Multi-T Rail Bracket. Accommodates 9/16"", 15/16"" and 1.5"" wide T-bars",1 Year Warranty,,
30520,WiNG Wireless,WS-MBO-POLE01 POLE MTG BRKT,Outdoor Pole mounting bracket for AP3917i/e or AP 7662 i/e,1 Year Warranty,,
32216,WiNG Wireless,WS-MBV-VMM Vehicle Bracket,Vehicle Mounted Modem Bracket,1 Year Warranty,,
37211,WiNG Wireless,WS-MBI-DCFLUSH,"Drop Ceiling Flat Tile & Tbar Bracket. Accommodates 9/16"", 15/16"" and 1.5"" wide T-bars",1 Month Warranty (Wing),,
37215,WiNG Wireless,"PWR 12VDC, 2A, 2.5mm x 5.5mm connector","PWR 12VDC, 2A, 2.5mm x 5.5mm connector. Global AC plugs included",1 Month Warranty (Wing),,
ML-2452-APA2-01,WiNG Wireless,"Dipole Omni, 3.2/4.9 dBi, BLK","Dipole, 3.2dBi (2.4 GHz) and 4.9dBi (5 GHz) dual band with RP-SMA connector, color: black",1 Month Warranty (Wing),,
ML-2452-APA2-02,WiNG Wireless,"Dipole Omni, 3.2/4.9 dBi, White","Dipole, 3.2dBi (2.4 GHz) and 4.9dBi (5 GHz) dual band with RP-SMA connector, color: white",1 Month Warranty (Wing),,
ML-2452-PTA4M4-036,WiNG Wireless,"ANTENNA, PATCH,4 DUAL ELEMENT INDOOR","ANTENNA, PATCH,4 DUAL ELEMENT INDOOR",1 Month Warranty (Wing),,
ML-2452-SEC6M4-036,WiNG Wireless,"ANT WIDE BEAM DIR,36IN CBL, RPSMA-MALE","Polarized Panel, Azimuth 100° Elevation Beamwidth 80 deg, 6.92dBi/ 7.3dBi, dual band, indoor 32"" leads, 4 port RP-SMA plug connectors",1 Month Warranty (Wing),,
ML-2452-HPA5-036,WiNG Wireless,Antenna outdoor 2G5G3dB Omni,"Dipole, 3.9dBi (2.4 GHz) and 5.7dBi (5 GHz) dual band with RP-SMA connector, outdoor rated, color: white",1 Month Warranty (Wing),,
ML-2452-HPA6-01,WiNG Wireless,ANT:DUAL BAND 6 DBI ANTENNA,ANT:DUAL BAND 6 DBI ANTENNA,1 Month Warranty (Wing),,
ML-2452-HPAG4A6-01,WiNG Wireless,"ANT:DP,4.0DBI @2.4GHZ,7.0DBI @ 5GHZ","Dipole, 4dBi (2.4 GHz) and 7.3dBi (5 GHz) dual band with standard N-type connector, outdoor rated, color: white",1 Month Warranty (Wing),,
ML-2452-HPAG5A8-01,WiNG Wireless,"ANT:DP,4.5DBI @2.4GHZ,7.5DBI @5GHZ Ntype","Dipole, 4.7dBi (2.4 GHz) and 8dBi (5 GHz) dual band with N type connector",1 Month Warranty (Wing),,
ML-2452-SEC6M4-N36,WiNG Wireless,"ANT WIDE BEAM DIR,36IN CBL, N-MALE CONN",DUAL POLARIZED DUAL BAND WIDE BEAM DIRECTIONAL ANTENNA WITH 36 INCH CABLE AND N-MALE CONNECTOR,1 Month Warranty (Wing),,
XSW-DCV2-LR-L-A-D,WAN Edge,XSDWAN SUB FOR 10GBPS APPL 2200AX-F,"ExtremeCloud SD-WAN Enterprise XaaS for Large DC V2 up to 10Gbps (for version 23.2 and above only, 2Gbps for prior versions) LR Appl IPE-2200AX-F (Deploy)",1 Year Warranty,10/31/2031,
XSW-DCV2-LR-L-A-D-NR,WAN Edge,XSDWAN 10GBPS LR APPL 2200AX-F Spec Purc,ExtremeCloud SD-WAN Enterprise XaaS for Large DC V2 up to 10Gbps LR Appl IPE-2200AX-F Deploy Special Purchase,1 Year Warranty,10/31/2031,
XSW-DCV2-M-A-D,WAN Edge,XSDWAN SUB FOR 2GBPS APPL 2200AX-T,"ExtremeCloud SD-WAN Enterprise XaaS for Medium DC V2 up to 2Gbps (for version 23.2 and above only, 1Gbps for prior versions) Appl IPE-2200AX-T (Deploy)",1 Year Warranty,10/31/2031,
XSW-DCV2-M-A-D-NR,WAN Edge,XSDWAN 2GBPS APPL 2200AX-T Spec Purch,ExtremeCloud SD-WAN Enterprise XaaS for Medium DC V2 up to 2Gbps Appl IPE-2200AX-T Deploy Special Purchase,1 Year Warranty,10/31/2031,
XSW-DCV2-SR-L-A-D,WAN Edge,XSDWAN SUB FOR 10GBPS APPL 2200AX-F,"ExtremeCloud SD-WAN Enterprise XaaS for Large DC V2 up to 10Gbps (for version 23.2 and above only, 2Gbps for prior versions) SR Appl IPE-2200AX-F (Deploy)",1 Year Warranty,10/31/2031,
XSW-DCV2-SR-L-A-D-NR,WAN Edge,XSDWAN 10GBPS SR APPL 2200AX-F Spec Purc,ExtremeCloud SD-WAN Enterprise XaaS for Large DC V2 up to 10Gbps SR Appl IPE-2200AX-F Deploy Special Purchase,1 Year Warranty,10/31/2031,
XSW-MSP-DCV2-LR-L-A,WAN Edge,MSP XSDWAN DC 10GBPS LR APPL 2200AX-F,MSP ExtremeCloud SDWAN Large DC V2 up to 10Gbps LR Appl IPE-2200AX-F,1 Year Warranty,,
XSW-MSP-DCV2-M-A,WAN Edge,MSP XSDWAN DC 2GBPS APPL 2200AX-T,MSP ExtremeCloud SDWAN Medium DC V2 up to 2Gbps Appl IPE-2200AX-T,1 Year Warranty,,
XSW-MSP-DCV2-SR-L-A,WAN Edge,MSP XSDWAN DC 10GBPS SR APPL 2200AX-F,MSP ExtremeCloud SDWAN Large DC V2 up to 10Gbps SR Appl IPE-2200AX-F,1 Year Warranty,,
SDW-EP1-2200AXF-A,WAN Edge,SDWAN TIER L APPL 2200ax-F,SDWAN Large Tier Appliance ipe-2200ax-F,1 Year Warranty,,
SDW-EP1-2200AXT-A,WAN Edge,SDWAN TIER L APPL 2200axT,SDWAN Large Tier Appliance ipe-2200ax-T,1 Year Warranty,,
SDW-EP1-OS1-2200AXF-A,WAN Edge,SDWAN TIER L APPL 2200ax-F OS ONE,SDWAN Large Tier Appliance ipe-2200ax-F with OS ONE,1 Year Warranty,,
SDW-EP1-OS1-2200AXT-A,WAN Edge,SDWAN TIER L APPL 2200axT OS ONE,SDWAN Large Tier Appliance ipe-2200ax-T with OS ONE,1 Year Warranty,,
XSW-BR-M-A-D,WAN Edge,XSDWAN SUB FOR 750MBPS APPL 40axV2,"ExtremeCloud SD-WAN Enterprise XaaS for Medium Branch up to 750Mbps (for version 23.2 and above only, 250Mbps for prior versions) Appl ipe-40axV2 (Deploy)",1 Year Warranty,10/31/2031,
XSW-BR-M-A-D-NR,WAN Edge,XSDWAN 750MBPS APPL 40axV2 Spec Purch,ExtremeCloud SD-WAN Enterprise XaaS for Medium Branch up to 750Mbps Appl ipe-40axV2 Deploy Special Purchase,1 Year Warranty,10/31/2031,
XSW-DC-S-A-D,WAN Edge,XSDWAN SUB FOR 1GBPS APPL 420ax,"ExtremeCloud SD-WAN Enterprise XaaS for Small DC up to 1Gbps (for version 23.2 and above only, 500Mbps for prior versions) Appl ipe-420ax (Deploy)",1 Year Warranty,10/31/2031,
XSW-DC-S-A-D-NR,WAN Edge,XSDWAN SUB FOR 1GBPS APPL 420ax,ExtremeCloud SD-WAN Enterprise XaaS for Small DC up to 1Gbps Appl ipe-420ax Deploy Special Purchase,1 Year Warranty,10/31/2031,
XSW-MSP-BR-M-A,WAN Edge,MSP XSDWAN BRANCH 750MBPS APPL 40axV2,MSP ExtremeCloud SDWAN Medium Branch up to 750Mbps Appl ipe-40axV2,1 Year Warranty,,
XSW-MSP-DC-S-A,WAN Edge,MSP XSDWAN DC 1GBPS APPL 420ax,MSP ExtremeCloud SDWAN Small DC up to 1Gbps Appl ipe-420ax,1 Year Warranty,,
SDW-EP1-40AXV2-A,WAN Edge,SDWAN TIER M APPL 40axV2,SDWAN Medium Tier Appliance ipe-40axV2,1 Year Warranty,,
SDW-EP1-420AX-A,WAN Edge,SDWAN TIER M APPL 420axV2,SDWAN Medium Tier Appliance ipe-420axV2,1 Year Warranty,,
SDW-EP1-OS1-40AXV2-A,WAN Edge,SDWAN TIER M APPL 40axV2 OS ONE,SDWAN Medium Tier Appliance ipe-40axV2 with OS ONE,1 Year Warranty,,
SDW-EP1-OS1-420AX-A,WAN Edge,SDWAN TIER M APPL 420axV2 OS ONE,SDWAN Medium Tier Appliance ipe-420axV2 with OS ONE,1 Year Warranty,,
XSW-BR-S-A-D,WAN Edge,XSDWAN SUB FOR 500MBPS APPL 30ax,"ExtremeCloud SD-WAN Enterprise XaaS for Small Branch up to 500Mbps (for version 23.2 and above only, 100Mbps for prior versions) Appl ipe-30ax (Deploy)",1 Year Warranty,10/31/2031,
XSW-BR-S-A-D-NR,WAN Edge,XSDWAN 500MBPS APPL 30ax Spec Purch,ExtremeCloud SD-WAN Enterprise XaaS for Small Branch up to 500Mbps Appl ipe-30ax Deploy Special Purchase,1 Year Warranty,10/31/2031,
XSW-BR-XS-A-D,WAN Edge,XSDWAN SUB FOR 250MBPS APPL 30so,"ExtremeCloud SD-WAN Enterprise XaaS for XSmall Branch up to 250Mbps (for version 23.2 and above only, 50Mbps for prior versions) Appl ipe-30so (Deploy)",1 Year Warranty,10/31/2031,
XSW-BR-XS-A-D-NR,WAN Edge,XSDWAN 250MBPS APPL 30so Spec Purch,ExtremeCloud SD-WAN Enterprise XaaS for XSmall Branch up to 250Mbps Appl ipe-30so Deploy Special Purchase,1 Year Warranty,10/31/2031,
SDW-EP1-30AX-A,WAN Edge,SDWAN TIER S APPL 30ax,SDWAN Small Tier Appliance ipe-30ax,1 Year Warranty,,
SDW-EP1-30SO-A,WAN Edge,SDWAN TIER S APPL 30so,SDWAN Small Tier Appliance ipe-30so,1 Year Warranty,,
X465-24MU-24W-B1,Smart OmniEdge Switching,X465-24MU-24W with 1100W PSU Bundle,ExtremeSwitching X465-24MU-24W Bundle includes X465-24MU-24W and one 1100W AC PSU FB (10941),Universal LLW,07/31/2031,
X465-24W-B2,Smart OmniEdge Switching,X465-24W with 2000W PSU Bundle,ExtremeSwitching X465-24W Bundle includes X465-24W and one 2000W AC PSU FB (XN-ACPWR-2000W-F),Universal LLW,07/31/2031,
VSP4900-48P-B1,EAN,VSP4900-48P with 1100W PSU Bundle,VSP4900-48P Bundle includes VSP4900-48P and one 1100W AC PSU FB (10941),Universal LLW,,
VSP4900-48P-B1-4X,EAN,"VSP4900-48P-B1, VIM5-4X Bundle","VSP4900-48P Bundle includes one VSP4900-48P, one 1100W AC PSU FB (10941) and one VIM5-4X",Universal LLW,,
VSP4900-48P-B1-4XE,EAN,"VSP4900-48P-B1, VIM5-4XE Bundle","VSP4900-48P Bundle includes one VSP4900-48P, one 1100W AC PSU FB (10941) and one VIM5-4XE",Universal LLW,,
X465-48P-B1,Smart OmniEdge Switching,X465-48P with 1100W PSU Bundle,ExtremeSwitching X465-48P Bundle includes X465-48P and one 1100W AC PSU FB (10941),Universal LLW,,
VSP4900-12MXU-12XE-B1,EAN,VSP4900-12MXU-12XE with 1100W PSU Bundle,VSP4900-12MXU-12XE Bundle includes VSP4900-12MXU-12XE and one 1100W AC PSU FB (10941),Universal LLW,,
VSP4900-24S-B3,EAN,VSP4900-24S with 350W PSU Bundle,VSP4900-24S Bundle includes VSP4900-24S and one 350W AC PSU FB (10953),Universal LLW,,
VSP4900-24XE-B3,EAN,VSP4900-24XE with 350W PSU Bundle,VSP4900-24XE Bundle includes VSP4900-24XE and one 350W AC PSU FB (10953),Universal LLW,,
X465-24MU-B1,Smart OmniEdge Switching,X465-24MU with 1100W PSU Bundle,ExtremeSwitching X465-24MU Bundle includes X465-24MU and one 1100W AC PSU FB (10941),Universal LLW,,
X465-24S-B3,Smart OmniEdge Switching,X465-24S with 350W PSU Bundle,ExtremeSwitching X465-24S Bundle includes X465-24S and one 350W AC PSU FB (10953),Universal LLW,,
X465-24W-B1,Smart OmniEdge Switching,X465-24W with 1100W PSU Bundle,ExtremeSwitching X465-24W Bundle includes X465-24W and one 1100W AC PSU FB (10941),Universal LLW,,
X465-24XE-B3,Smart OmniEdge Switching,X465-24XE with 350W PSU Bundle,ExtremeSwitching X465-24XE Bundle includes X465-24XE and one 350W AC PSU FB (10953),Universal LLW,,
X465-48T-B3,Smart OmniEdge Switching,X465-48T with 350W PSU Bundle,ExtremeSwitching X465-48T Bundle includes X465-48T and one 350W AC PSU FB (10953),Universal LLW,,
X465-48W-B1,Smart OmniEdge Switching,X465-48W with 1100W PSU Bundle,ExtremeSwitching X465-48W Bundle includes X465-48W and one 1100W AC PSU FB (10941),Universal LLW,,
VSP7400-32C-AC-F,EAN,VSP 7432CQ-F,"VSP 7400 , 32 x 100Gbps QSFP28 ports, 8-core CPU, 16GB RAM, 128GB SSD, Single 750W AC PSU, six fans, 4-post rack mount kit, Front to Back Airflow",Universal LLW,07/31/2031,
VSP7400-32C-AC-R,EAN,VSP 7432CQ-R,"VSP 7400, 32 x 100Gbps QSFP28 ports, 8-core CPU, 16GB RAM, 128GB SSD, Single 750W AC PSU, six fans, 4-post rack mount kit, Back to Front Airflow",Universal LLW,07/31/2031,
VSP7400-48Y-8C-AC-F,EAN,VSP 7400-48Y-8C-AC-F,"VSP 7400, 48 x 10/25Gbps SFP28 ports, 8 x 100Gbps QSFP28 ports, 8-core CPU, 16GB RAM, 128GB SSD, Single 750W AC PSU, six fans, 4-post rack mount kit, Front to Back Airflow",Universal LLW,07/31/2031,
VSP7400-48Y-8C-AC-R,EAN,VSP 7400-48Y-8C-AC-R,"VSP 7400, 48 x 10/25Gbps SFP28 ports, 8 x 100Gbps QSFP28 ports, 8-core CPU, 16GB RAM, 128GB SSD, Single 750W AC PSU, six fans, 4-post rack mount kit, Back to Front Airflow",Universal LLW,07/31/2031,
7830-32CE-8DE-AC-F,7000,"7830 chassis, Two AC PSU, Four F2B Fans","Extreme 7830 switch with 32x(100G|40G|2x50G|4x25G|4x10G) and 8x(400G|100G|2x200G|4x100G|8x50G|8x25G|8x10G) MACsec capable ports, front to back airflow; Ships with two AC power supplies, four fans and one 4-post rack mount kit",1 Year Warranty,,
7830-32CE-8DE-AC-R,7000,"7830 chassis, Two AC PSU, Four B2F Fans","Extreme 7830 switch with 32x(100G|40G|2x50G|4x25G|4x10G) and 8x(400G|100G|2x200G|4x100G|8x50G|8x25G|8x10G) MACsec capable ports, back to front airflow; Ships with two AC power supplies, four fans and one 4-post rack mount kit",1 Year Warranty,,
ACC-BKT-MNT-FDX,AP Accessories,Indoor AP Mounting Bundle,"Mounting Bundle: AH-ACC-BKT-916-KIT (9/16"" ceiling mount brackets for Non-Flat/Protruded ceiling tiles, use with AH-ACC-BKT-AX-TB) and ACC-BKT-TB-NF (Adaptor bracket AH-ACC-BKT-AX-TB for 15/16"" Wide T-Bars Non-Flat/Protruded ceiling tiles)",,,
AP4020FX-WW-TAA,AP4000 Series,AP4020FX-WW Wi-Fi 7 Indoor AP TAA,"Indoor Quad Radio Wi-Fi 7 (2x2:2): 2.4 GHz, 5GHz, 6GHz and dedicated sensor, Multi-Rate Port, Extended Temp, External antennas. T-Bar, Incl Mt (AH-ACC-BKT-AX-TB). Domain: World SKU TAA Compliant",Universal LLW,,
AP4020X-WW-TAA,AP4000 Series,AP4020X-WW Wi-Fi 7 Indoor AP TAA,"Indoor Quad Radio Wi-Fi 7 (2x2:2): 2.4GHz, 5GHz, 6GHz & dedicated sensor, Multi-Rate, Ext ant: 2.4GHz & 5GHz ports, Integral 6GHz, Ext Temp, (4) AI-TS06360 tri band ant incl, T-Bar Incl Mt (AH-ACC-BKT-AX-TB). Domain World SKU TAA Compliant",Universal LLW,,
AP4060-WW-TAA,AP4000 Series,AP4060-WW Wi-Fi 7 Weatherized AP TAA,"Weatherized Quad Radio Wi-Fi 7 (2x2:2): 2.4GHz, 5GHz, 6GHz and dedicated sensor, Multi-Rate Port, internal antennas. Domain: World SKU TAA Compliant",1 Year Warranty,,
AP4060X-WW-TAA,AP4000 Series,AP4060X-WW Wi-Fi 7 Weatherized AP TAA,"Weatherized Quad Radio Wi-Fi 7 (2x2:2): 2.4GHz, 5GHz, 6GHz and dedicated sensor, Multi-Rate, External antennas, Domain: World SKU TAA Compliant",1 Year Warranty,,
AP4060X-EG,AP4000 Series,AP4060X-EG WiFi 7 Weatherized AP,"Weatherized Quad Radio Wi-Fi 7 (2x2:2): 2.4GHz, 5GHz, 6GHz and dedicated sensor, multi-rate port, External antennas, Domain: Egypt",1 Year Warranty,,
AP4060-IL,AP4000 Series,AP4060-IL Wi-Fi 7 Outdoor Access Point,"Weatherized Quad Radio Wi-Fi 7 (2x2:2): 2.4GHz, 5GHz, 6GHz and dedicated sensor, Multi-Rate Port, internal antennas. Domain: Israel",1 Year Warranty,,
AP5022FX-WW,AP5000 Series,AP5022FX-WW WiFi 7 Indoor Access Point,"Indoor Quad Radio Wi-Fi 7 (4x4:4): 2.4 GHz, 5 GHz, 6 GHz & dedicated full time sensor, Dual IOT, Dual 5 GHz, Dual 6 GHz, Multi-Rate Port, Extended Temp, External antennas. T-Bar, Incl Mt (AH-ACC-BKT-AX-TB). Domain: World SKU",Universal LLW,,
AP5022-WW-TAA,AP5000 Series,AP5022-WW WiFi 7 Indoor Access Point TAA,"Indoor Quad Radio Wi-Fi 7 (4x4:4): 2.4 GHz, 5 GHz, 6 GHz & dedicated full time sensor, Dual IOT, Dual 5 GHz, Dual 6 GHz, Multi-Rate Port, Internal antennas. T-Bar, Incl Mt (AH-ACC-BKT-AX-TB). Domain: World SKU TAA Compliant",Universal LLW,,
AP3020W-EG,AP3000 Series,AP3020W-EG WiFi 7 Indoor Access Point,"Indoor Dual Radio Wi-Fi 7 (2x2:2) Wallplate: 2.4 GHz and 5 GHz or 5GHz and 6GHz, Multi-rate Port, Internal antennas. Dual IoT Radio, Includes ACC-BKT-WP-AP3020W mounting bracket. Domain: Egypt",Universal LLW,,
AP3020W-IL,AP3000 Series,AP3020W-IL WiFi 7 Indoor Access Point,"Indoor Dual Radio Wi-Fi 7 (2x2:2) Wallplate: 2.4 GHz and 5 GHz or 5GHz and 6GHz, Multi-rate Port, Internal antennas. Dual IoT Radio, Includes ACC-BKT-WP-AP3020W mounting bracket. Domain: Israel",Universal LLW,,
AP3020W-WW,AP3000 Series,AP3020W-WW WiFi 7 Indoor Access Point,"Indoor Dual Radio Wi-Fi 7 (2x2:2) Wallplate: 2.4 GHz and 5 GHz or 5GHz and 6GHz, Multi-rate Port, Internal antennas. Dual IoT Radio, Includes ACC-BKT-WP-AP3020W mounting bracket. Domain: World SKU",Universal LLW,,
AP3020W-WW-TAA,AP3000 Series,AP3020W-WW-TAA WiFi 7 Indoor AP,"Indoor Dual Radio Wi-Fi 7 (2x2:2) Wallplate: 2.4 GHz and 5 GHz or 5GHz and 6GHz, Multi-rate Port, Internal antennas. Dual IoT Radio, Includes ACC-BKT-WP-AP3020W mounting bracket. Domain: World SKU, TAA Compliant",Universal LLW,,
AP3020X-IL,AP3000 Series,AP3020X-IL WiFi 7 Indoor Access Point,"Indoor Dual Radio Wi-Fi 7 (2x2:2): 2.4 GHz & 5 GHz or 5GHz & 6GHz, Dual 5 GHz, Dual IOT, Multi-rate Port, External antennas. Integral on 6 GHz. Includes 2 AI-DS0305360-RPSMA & AH-ACC-BKT-AX-TB mounting bracket. Domain: Israel",Universal LLW,,
AP3020X-WW,AP3000 Series,AP3020X-WW WiFi 7 Indoor Access Point,"Indoor Dual Radio Wi-Fi 7 (2x2:2): 2.4 GHz & 5 GHz or 5GHz & 6GHz, Dual 5 GHz, Dual IOT, Multi-rate Port, External antennas. Integral on 6 GHz. Includes 2 AI-DS0305360-RPSMA & AH-ACC-BKT-AX-TB mounting bracket. Domain: TAA Compliant",Universal LLW,,
AP3020X-WW-TAA,AP3000 Series,AP3020X-WW-TAA WiFi 7 Indoor AP,"Indoor Dual Radio Wi-Fi 7 (2x2:2): 2.4 GHz & 5 GHz or 5GHz & 6GHz, Dual 5 GHz, Dual IOT, Multi-rate Port, External antennas. Integral on 6 GHz. Includes 2 AI-DS0305360-RPSMA & AH-ACC-BKT-AX-TB mounting bracket. Domain: World Sku",Universal LLW,,
AP3020-EG,AP3000 Series,AP3020-EG WiFi 7 Indoor Access Point,"Indoor Dual Radio Wi-Fi 7 (2x2:2): 2.4 GHz and 5 GHz or 5GHz and 6GHz or Dual 5 GHz or 2.4 GHz and 6 GHz, Multi-rate Port, Internal antennas. Dual IoT Radio, Includes AH-ACC-BKT-AX-TB mounting bracket. Domain: Egypt",Universal LLW,,
AP3020-IL,AP3000 Series,AP3020-IL WiFi 7 Indoor Access Point,"Indoor Dual Radio Wi-Fi 7 (2x2:2): 2.4 GHz and 5 GHz or 5GHz and 6GHz or Dual 5 GHz, or 2.4 GHz and 6 GHz Multi-rate Port, Internal antennas. Dual IoT Radio, Includes AH-ACC-BKT-AX-TB mounting bracket. Domain: Israel",Universal LLW,,
AP3020-WW,AP3000 Series,AP3020-WW WiFi 7 Indoor Access Point,"Indoor Dual Radio Wi-Fi 7 (2x2:2): 2.4 GHz and 5 GHz or 5GHz and 6GHz or Dual 5 GHz or 2.4 GHz and 6 GHz, Multi-rate Port, Internal antennas. Dual IoT Radio, Includes AH-ACC-BKT-AX-TB mounting bracket. Domain: World SKU",Universal LLW,,
AP3020-WW-TAA,AP3000 Series,AP3020-WW-TAA WiFi 7 Indoor AP,"Indoor Dual Radio Wi-Fi 7 (2x2:2): 2.4 GHz and 5 GHz or 5GHz and 6GHz or Dual 5 GHz, or 2.4 GHz and 6 GHz, Multi-rate Port, Internal antennas. Dual IoT Radio, Includes AH-ACC-BKT-AX-TB mounting bracket. Domain: TAA Compliant",Universal LLW,,
AP3060-EG,AP3000 Series,AP3060-EG WiFi 7 Outdoor Access Point,"Outdoor Dual Radio Wi-Fi 7 AP, 2.4 GHz and 5 GHz or 5GHz and 6GHz OR Dual 5 GHz, Multi-rate Port, Internal antennas. IoT Radio, Includes AH-ACC-BKT-AX-TB mounting bracket. Domain: Egypt",1 Year Warranty,,
AP3060-IL,AP3000 Series,AP3060-IL WiFi 7 Outdoor Access Point,"Outdoor Dual Radio Wi-Fi 7 AP, 2.4 GHz and 5 GHz or 5GHz and 6GHz OR Dual 5 GHz, Multi-rate Port, Internal antennas. IoT Radio, Includes AH-ACC-BKT-AX-TB mounting bracket. Domain: Israel",1 Year Warranty,,
AP3060-WW,AP3000 Series,AP3060-WW WiFi 7 Outdoor Access Point,"Outdoor Dual Radio Wi-Fi 7 AP, 2.4 GHz and 5 GHz or 5GHz and 6GHz OR Dual 5 GHz, Multi-rate Port, Internal antennas. IoT Radio, Includes AH-ACC-BKT-AX-TB mounting bracket. Domain: World SKU",1 Year Warranty,,
AP3060-WW-TAA,AP3000 Series,AP3060-WW-TAA WiFi 7 Outdoor AP,"Outdoor Dual Radio Wi-Fi 7 AP, 2.4 GHz and 5 GHz or 5GHz and 6GHz OR Dual 5 GHz, Multi-rate Port, Internal antennas. IoT Radio, Includes AH-ACC-BKT-AX-TB mounting bracket. Domain: World SKU TAA Compliant",Universal LLW,,
AIO-HE17020,AP Accessories,High Gain Directional antenna,17dBi (5 and 6 GHz) Indoor 8-port Directional 20 Degree with detachable 1 meter 8-port RP-SMA cable. Mount included,1 Year Warranty,,
ACC-ODS-CAT6A-LAN-GSKT,AP Accessories,ODS Gland CAT6A LAN Cable Gasket,"CAT6A LAN Cable Gasket used in the ODS gland used initially in the OAPs (AP4060, AP4060X, AP5060D, and AP5060U). 5 set with 2 Glands",1 Year Warranty,,
AI-TP05360,AP Accessories,5dBi Omni 4 Tri-band & 1 IoT-ports,5dBi Indoor Omni Ceiling antenna with 4 Tri-band and 1 IoT 1 meter RP-SMA cables.,1 Year Warranty,,
AIO-HQ17020,AP Accessories,17dBi Indoor Quad 20D 5GHz and 6GHz,17dBi (5 and 6 GHz) Indoor Quad Directional 20 Degree with detachable 1 meter 4-port RP-SMA cable. Mount included.,1 Year Warranty,,
AIO-HQ17020-N,AP Accessories,17dBi Outdoor Quad 20D 5GHz and 6GHz,17dBi (5 and 6 GHz) Outdoor Quad Directional 20 Degree with detachable 1 meter 4-port N-type cable. Mount included.,1 Year Warranty,,
ACC-CBL-BRKOUT-12RPSMA,AP Accessories,12 RPSMA Port Breakout antenna cable,"12 RPSMA Port Breakout antenna cable for AP5022FX using LMR-100 cable and 9"" long. May be installed on a pole/wall.",1 Year Warranty,,
10G-ZR-SFP80KM-IT,Optics,10G ZR SFP+ 80KM INDUST. TEMP,"10G, ZR, SFP+, 80km, LC connector, Single-Mode Industrial Temp",1 Year Warranty,,
NX-5500-ADP-128,WiNG Wireless,"LICENSE,128X AP LICENSE PACK FOR NX-5500","LICENSE,128X AP LICENSE PACK FOR NX-5500",Software Warranty,07/15/2029,
NX-5500-ADP-16,WiNG Wireless,"LICENSE,16X AP LICENSE PACK FOR NX-5500","LICENSE,16X AP LICENSE PACK FOR NX-5500",Software Warranty,07/15/2029,
NX-5500-ADP-64,WiNG Wireless,"LICENSE,64X AP LICENSE PACK FOR NX-5500","LICENSE,64X AP LICENSE PACK FOR NX-5500",Software Warranty,07/15/2029,
NX-7500-ADP-1024,WiNG Wireless,"LICENSE,NX 7500 - 1024 PACK ADAPTIVE AP","LICENSE,NX 7500 - 1024 PACK ADAPTIVE AP",Software Warranty,07/15/2029,
NX-7500-ADP-256,WiNG Wireless,"LICENSE,NX 7500 - 256 PACK ADAPTIVE AP","LICENSE,NX 7500 - 256 PACK ADAPTIVE AP",Software Warranty,07/15/2029,
NX-7500-ADP-64,WiNG Wireless,"LICENSE,NX 7500 - 64 PACK ADAPTIVE AP","LICENSE,NX 7500 - 64 PACK ADAPTIVE AP",Software Warranty,07/15/2029,
NX-7500-ADP-8,WiNG Wireless,"LICENSE,NX 7500 - 8 PACK ADAPTIVE AP","LICENSE,NX 7500 - 8 PACK ADAPTIVE AP",Software Warranty,07/15/2029,
NX-7500-ADSEC-LIC,WiNG Wireless,"LICENSE,NX 7500 ADVANCED SECURITY","LICENSE,NX 7500 ADVANCED SECURITY",Software Warranty,07/15/2029,
17133,Summit,X670/X670-G2/X690/X695 MPLS Feature Pk,ExtremeXOS MPLS Feature Pack License for X670/X670-G2/X690/X695 series switches,Software Warranty,,
17135,Summit,X670 Multimedia(AVB) Feature Pck,ExtremeXOS Audio Video Bridging Feature Pack for Summit X670 series switches,Software Warranty,,
17136,Summit,X670-G2 Timing 1588 PTP,ExtremeXOS Network Timing Feature Pack for Summit X670-G2 - enables 1588v2 PTP (Precision Time Protocol),Software Warranty,07/31/2029,
17131,Summit,Summit X670 Series Core License,"ExtremeXOS Core License, Summit X670 Series",Software Warranty,,
NX-9000-1024LIC-WR,WiNG Wireless,LICENSE:1024 ADP AP FOR NX 9000,LICENSE:1024 ADP AP FOR NX 9000,Software Warranty,10/29/2026,
NX-9000-128LIC-WR,WiNG Wireless,LICENSE:128 ADP AP FOR NX 9000,LICENSE:128 ADP AP FOR NX 9000,Software Warranty,10/29/2026,
NX-9000-8LIC-WR,WiNG Wireless,"LICENSE,8 PACK FOR NX 95XX","LICENSE,8 PACK FOR NX 95XX",Software Warranty,10/29/2026,
NX-9000-ADVSEC-LIC,WiNG Wireless,LICENSE:ADVANCED SECURITY FOR NX 9000,LICENSE:ADVANCED SECURITY FOR NX 9000,Software Warranty,10/29/2026,
16523,Summit,X440 Multimedia(AVB) Feature Pck,ExtremeXOS Audio Video Bridging Feature Pack for Summit X440 series switches,Software Warranty,,
16521,Summit,Summit X440 Adv. Edge License,ExtremeXOS Advanced Edge License for Summit X440 series switches,Software Warranty,,
16542,Summit,Dual 10GbE Upgrade License,License that converts the two non-stack 1GbE SFP ports to be 10GbE SFP+,Software Warranty,,
16543,Summit,Quad 10GbE Upgrade License,License that converts four 1GbE SFP ports to be 10GbE SFP+,Software Warranty,,
16546,Summit,Quad 10GbE Lic from Dual 10GbE Lic,License that upgrades an already licensed Dual 10GbE switch to a Quad 10GbE switch,Software Warranty,,
16169,Summit,SX450-G2 Multimedia(AVB) Pck,ExtremeXOS Audio Video Bridging Feature Pack for Summit X450-G2 series switches,Software Warranty,,
16190,Summit,SX450-G2 Edge to Adv Edge Lic,ExtremeXOS Advanced Edge License upgrade for Summit X450-G2 series switches,Software Warranty,,
16191,Summit,X450-G2 Core Lic from Edge Lic,ExtremeXOS Advanced Core License upgrade from Edge License for ExtremeSwitching X450-G2 series switches,Software Warranty,,
16192,Summit,X450-G2 Core Lic from Adv Edge,ExtremeXOS Advanced Core License upgrade from Advanced Edge License for ExtremeSwitching X450-G2 series switches,Software Warranty,,
11011,Summit,Direct Attach Feature Pack,"Direct Attach Feature Pack for Summit X450a/X460/X460-G2/X480, X650, X670/X670-G2, X770 and BlackDiamond 8800, X Series",Software Warranty,,
16424,Summit,MPLS Feature Pack - X460/-G2,ExtremeXOS MPLS Feature Pack for Summit X460 & X460-G2 Series Switches,Software Warranty,,
16426,Summit,Multimedia(AVB) Pck - X460/-G2,ExtremeXOS Audio Video Bridging Feature Pack for Summit X460 & X460-G2 series switches,Software Warranty,,
16421,Summit,Advanced Edge Lic - X460/-G2,ExtremeXOS Advanced Edge License for Summit X460 & X460-G2 Series Switches,Software Warranty,,
16422,Summit,Core Lic from Edge Lic - X460/-G,ExtremeXOS Advanced Core License upgrade from Edge License for Summit X460 & X460-G2 Series Switches,Software Warranty,,
16423,Summit,Core Lic from Adv Edge - X460/-G,ExtremeXOS Advanced Core License upgrade from Advanced Edge License for Summit X460 & X460-G2 series switches,Software Warranty,,
16755,Summit,Summit X460-G2 Ntwrk Timing 1588,ExtremeXOS Network Timing Feature Pack for Summit X460-G2 that enables 1588v2 PTP (Precision Time Protocol) Boundary Clock,Software Warranty,,
10328,Summit,3rd Party Optics Lic X480/X460,ExtremeXOS 3rd Party Optics (40ExtremeXOS 3rd Party Optics (40G and 100G) Feature-Pack for X460-G2 & X480,No Warranty,,
17433,Summit,X620 Multimedia(AVB) FeaturePck,ExtremeXOS AVB (Audio Video Bridging) Feature Pack for X620,Software Warranty,05/31/2030,
17431,Summit,X620 Edge to Adv Edge License,ExtremeXOS Advanced Edge License for X620,Software Warranty,05/31/2030,
AD-FERS-P-1,WiNG Wireless,"LICENSE:RADIOSHARE, ADV FORENSICS 1 AP","LICENSE:RADIOSHARE, ADV FORENSICS 1 AP",Software Warranty,,
AD-FESN-P-1,WiNG Wireless,LICENSE: ADV FORENSICS FOR ONE SENSOR-AD,LICENSE: ADV FORENSICS FOR ONE SENSOR-AD,Software Warranty,,
AD-FLRS-P-1,WiNG Wireless,"LICENSE,RS WIPS FOR 1 SENSOR-ADSP","LICENSE,RS WIPS FOR 1 SENSOR-ADSP",Software Warranty,,
AD-FLRS-P-100,WiNG Wireless,"LICENSE,RS WIPS FOR 100 SENSOR-ADSP","LICENSE,RS WIPS FOR 100 SENSOR-ADSP",Software Warranty,,
AD-SNFL-P-1,WiNG Wireless,LICENSE: WIPS FOR ONE SENSOR-AIRDEFENSE,LICENSE: WIPS FOR ONE SENSOR-AIRDEFENSE,Software Warranty,,
AD-VASN-P-1,WiNG Wireless,"LICENSE:VULNERABILITY ASSESMNT ,1 SENSOR","LICENSE:VULNERABILITY ASSESMNT ,1 SENSOR",Software Warranty,,
SP-SWSV-P-1,WiNG Wireless,AIRDEFENSE ADSP SERVER SW LICENSE,AIRDEFENSE ADSP SERVER SW LICENSE,Software Warranty,,
17137,Summit,X670-G2 EXOS MACsec Feature Pack,ExtremeSwitching X670-G2 EXOS MACsec Feature Pack. Enables MACsec for use with ExtremeSwitching LRM/MACsec Adapter,Software Warranty,,
EXOS-MPLS-FP-X590,Smart OmniEdge Switching,X590 EXOS MPLS Feature Pack,MPLS Feature Pack for ExtremeSwitching X590,Software Warranty,,
16778,Smart OmniEdge Switching,X440-G2 EXOS MACsec Feature Pack,ExtremeSwitching X440-G2 EXOS MACsec Feature Pack. Enables MACsec for use with ExtremeSwitching LRM/MACsec Adapter,Software Warranty,,
16779,Smart OmniEdge Switching,X450-G2 EXOS MACsec Feature Pack,ExtremeSwitching X450-G2 EXOS MACsec Feature Pack. Enables MACsec for use with ExtremeSwitching LRM/MACsec Adapter,Software Warranty,,
16780,Smart OmniEdge Switching,X460-G2 EXOS MACsec Feature Pack,"ExtremeSwitching X460-G2 EXOS MACsec Feature Pack. Enables MACsec for use with X460-G2-24p-24hp-10GE4, X460-G2-24t-24ht-10GE4 models, or ExtremeSwitching LRM/MACsec Adapter",Software Warranty,,
17435,Smart OmniEdge Switching,X620 EXOS MACsec Feature Pack,ExtremeSwitching X620 EXOS MACsec Feature Pack. Enables MACsec for use with ExtremeSwitching LRM/MACsec Adapter,Software Warranty,,
16795,Summit,X590 EXOS Core License,ExtremeSwitching X590 ExtremeXOS Core license upgrade from Advanced Edge,Software Warranty,,
17139,Summit,X590 EXOS MACsec Feature Pack,ExtremeSwitching X590 EXOS MACsec Feature Pack. Enables MACsec for use with ExtremeSwitching LRM/MACsec Adapter,Software Warranty,,
EXOS-CORE-FP-X695,Summit,X695 Core Feature License,"X695 Core Feature License for GuestVM, BGP-EVPN etc",Software Warranty,,
EXOS-MACSEC-FP-X695,Summit,X695 MACsec Feature Pack,MACsec Feature Pack for X695 series switches. Enables MACsec when used with LRM/ MACsec Adapter (10965),Software Warranty,,
17138,Summit,X690 EXOS MACsec Feature Pack,ExtremeSwitching X690 EXOS MACsec Feature Pack. Enables MACsec for use with ExtremeSwitching LRM/MACsec Adapter,Software Warranty,,
SLX9740-ADV-LIC-P,SRA,SW LICENSE TO ENABLE ADVANCED LICENSE,Advanced Feature License for SLX 9740,Software Warranty,,
BR-SLX-9240-ADV-LIC-P,SRA,"S/W,ADVANCED FEATURE LICENSE",Advanced Feature License,Software Warranty,,
BR-SLX-9540-ADV-LIC-P,SRA,ADVANCED FEATURE LICENSE,Advanced Feature License,Software Warranty,,
BR-SLX-9540-24S-COD-P,SRA,UPGRADE 24X1GE TO 24X10GE/1GE,Upgrade 24x1GE to 24x10GE/1GE,Software Warranty,,
BR-SLX-9540-2C-POD-P,SRA,PORTS ON DEMAND FOR 2X100GE/40GE,Ports on Demand for 2x100GE/40GE Uplinks,Software Warranty,,
EN-SLX-9640-4C-POD-P,SRA,EXT SW LICENSE TO ENABLE 4 PORT of 100G,Extreme SLX 9640 Ports on Demand License for 4 ports of 100GE/40GE Uplinks,Software Warranty,,
EN-SLX-9640-ADV-LIC-P,SRA,EXTERNAL SW LICENSE TO ENABLE ADV LIC,Extreme SLX 9640 Advanced Feature License,Software Warranty,,
VSP-PRMR-L-LIC-P,EAN,VSP 4900 Premier License,VSP 4900 Premier Feature License for 1 Chassis,Software Warranty,,
VSP-PRMR-LE-LIC-P,EAN,VSP 4900 Premier License with MACsec,VSP 4900 Premier Feature License with MACsec for 1 Chassis,Software Warranty,,
EXOS-AVB-FP-X465,Smart OmniEdge Switching,X465 Multimedia (AVB) Feature Pack,ExtremeXOS Audio Video Bridging Feature Pack for Summit X465 series switches,Software Warranty,,
EXOS-CORE-FP-X465,Smart OmniEdge Switching,X465 EXOS CORE Feature Pack,Core Feature Pack for ExtremeSwitching X465,Software Warranty,,
EXOS-MACSEC-FP-X465,Smart OmniEdge Switching,X465 EXOS MACsec Feature Pack,MACsec Feature Pack for ExtremeSwitching X465,Software Warranty,,
EXOS-MPLS-FP-X465,Smart OmniEdge Switching,X465 EXOS MPLS Feature Pack,MPLS Feature Pack for ExtremeSwitching X465,Software Warranty,,
VSP-PRMR-LIC-P,EAN,VSP Premier License,"VSP 7400 Premier Feature License, Includes Insight license",Software Warranty,,
AH-VG-VA,AH,AH-VG-VA,"VG-VA, VPN Gateway Virtual Appliance",Software Warranty,,
5000-MACSEC-LIC-P,5000,MACsec License for 5000 series switches,MACsec License for 5000 series switches,Software Warranty,,
5000-PRMR-LIC-P,5000,Premier License for 5000 series switches,Premier License for 5000 series switches,Software Warranty,,
5320-10GUPG-4X-LIC-P,5000,4x10G port speed upgrade license,"License that converts 4x1GbE SFP ports to 10GbE SFP+. Applicable with 16, 24 and 48 port switches of 5320.",Software Warranty,,
5320-10GUPG-8X-LIC-P,5000,8x10G port speed upgrade license,License that converts 8x1GbE SFP ports to 10GbE SFP+. Applicable with 24 and 48 port switches of 5320.,Software Warranty,,
7000-MACSEC-LIC-P,7000,MACSec License for 7000 Series,MACSec License for 7000 Series Switches,Software Warranty,,
7000-PRMR-LIC-P,7000,Premier license for 7000 Series,Extreme 7000 Premier Feature License (Includes Integrated Application Hosting),Software Warranty,,
8000-PRMR-LIC-P,8000,Premier license for 8000 Series,Extreme 8000 Premier Feature License (Includes Integrated Application Hosting),Software Warranty,,
EXOS-AVB-FP-X435,Smart OmniEdge Switching,X435 Multimedia (AVB) Feature Pack,ExtremeXOS Audio Video Bridging Feature Pack for X435 Series,Software Warranty,,
XIQ-CACT-APP,ExtremeCloud IQ Controller,XIQ CTL Activation Key for CloudEdge,XIQ CTL Activation Key for CloudEdge,Software Warranty,,
XIQ-CACT-APP-EGY,ExtremeCloud IQ Controller,XIQ-C Activation Key for UCP for Egypt,XIQ CTL Activation Key for ExtremeCloud Edge - Self Orchestrated for Country Egypt.,Software Warranty,,
XIQ-CACT-HW,Smart OmniEdge Wireless,XIQ CTL Activation Key for HW,ExtremeCloud IQ Controller Activation License for Hardware Appliances,No Warranty,,
XIQ-CACT-HW-EGY,Smart OmniEdge Wireless,XIQ CTL Activation Key for HW EG,ExtremeCloud IQ Controller Activation License for Hardware Appliances (Egypt Only),No Warranty,,
XIQ-CACT-VT,Smart OmniEdge Wireless,XIQ CTL Activation Key for Virtual,ExtremeCloud IQ Controller Activation License for Virtual Appliances,Software Warranty,,
XIQ-CACT-VT-EGY,Smart OmniEdge Wireless,XIQ CTL Activation Key for Virtual EG,ExtremeCloud IQ Controller Activation License for Virtual Appliances (Egypt Only),Software Warranty,,
EXTR-IQ-TC,Wireless,Tunnel Concentrator for Cloud Wireless,Tunnel Concentrator for Cloud Wireless Applications,Software Warranty,,
