heading,entry,role,latest,release,page_title,status,items,releases,page,first_seen,last_seen
,,orphan,,,00.00.01.0002 – ISW-4W-4WS-4X,200,0,2,https://supportdocs.extremenetworks.com/support/documentation/isw-series-industrial-switches-software-3/,2026-09-29,2026-09-29
,,orphan,,,18s.1.03,200,0,21,https://supportdocs.extremenetworks.com/support/documentation/18s-1-03/,2026-09-29,2026-09-29
,,orphan,,,AP6522,200,0,0,https://supportdocs.extremenetworks.com/support/documentation/access-points-ap6522/,2026-09-29,2026-09-29
,,orphan,,,Active Directory Authentication,200,0,0,https://supportdocs.extremenetworks.com/support/documentation/active-directory-authentication/,2026-09-29,2026-09-29
,,orphan,,,Auto-Provisioning,200,0,0,https://supportdocs.extremenetworks.com/support/documentation/auto-provisioning/,2026-09-29,2026-09-29
,,orphan,,,Benefits of WiNG Application Visibility & Control (AVC),200,0,0,https://supportdocs.extremenetworks.com/support/documentation/benefits-of-wing-application-visibility-control-avc/,2026-09-29,2026-09-29
,,orphan,,,Centralized Deployments,200,0,0,https://supportdocs.extremenetworks.com/support/documentation/centralized-deployments/,2026-09-29,2026-09-29
,,orphan,,,Configuration & Orchestration Manager - 2.2,200,2,0,https://supportdocs.extremenetworks.com/support/documentation/configuration-orchestration-manager-2-2/,2026-09-29,2026-09-29
,,orphan,,,"D, G, & I Series Switches - 6.61.03",200,0,15,https://supportdocs.extremenetworks.com/support/documentation/d-g-i-series-switches-6-61-03/,2026-09-29,2026-09-29
,,orphan,,,"D, G, & I Series Switches - 6.61.05",200,0,15,https://supportdocs.extremenetworks.com/support/documentation/d-g-i-series-switches-6-61-05/,2026-09-29,2026-09-29
,,orphan,,,"D, G, & I Series Switches - 6.61.06",200,0,15,https://supportdocs.extremenetworks.com/support/documentation/d-g-i-series-switches-6-61-06/,2026-09-29,2026-09-29
,,orphan,,,"D, G, & I Series Switches - 6.61.07",200,0,15,https://supportdocs.extremenetworks.com/support/documentation/d-g-i-series-switches-6-61-07/,2026-09-29,2026-09-29
,,orphan,,,"D, G, & I Series Switches - 6.61.08",200,0,15,https://supportdocs.extremenetworks.com/support/documentation/d-g-i-series-switches-6-61-08/,2026-09-29,2026-09-29
,,orphan,,,"D, G, & I Series Switches - 6.61.09",200,0,15,https://supportdocs.extremenetworks.com/support/documentation/d-g-i-series-switches-6-61-09/,2026-09-29,2026-09-29
,,orphan,,,"D, G, & I Series Switches - 6.61.10",200,0,15,https://supportdocs.extremenetworks.com/support/documentation/d-g-i-series-switches-6-61-10/,2026-09-29,2026-09-29
,,orphan,,,"D, G, & I Series Switches - 6.61.11",200,0,15,https://supportdocs.extremenetworks.com/support/documentation/d-g-i-series-switches-6-61-11/,2026-09-29,2026-09-29
,,orphan,,,"D, G, & I Series Switches - 6.61.13",200,0,15,https://supportdocs.extremenetworks.com/support/documentation/d-g-i-series-switches-6-61-13/,2026-09-29,2026-09-29
,,orphan,,,"D, G, & I Series Switches - 6.61.14",200,0,15,https://supportdocs.extremenetworks.com/support/documentation/d-g-i-series-switches-6-61-14/,2026-09-29,2026-09-29
,,orphan,,,"D, G, & I Series Switches - 6.61.15",200,0,15,https://supportdocs.extremenetworks.com/support/documentation/d-g-i-series-switches-6-61-15/,2026-09-29,2026-09-29
,,orphan,,,"D, G, & I Series Switches - 6.61.16",200,0,15,https://supportdocs.extremenetworks.com/support/documentation/d-g-i-series-switches-6-61-16/,2026-09-29,2026-09-29
,,orphan,,,"D, G, & I Series Switches- 6.61.12",200,0,15,https://supportdocs.extremenetworks.com/support/documentation/d-g-i-series-switches-6-61-12/,2026-09-29,2026-09-29
,,orphan,,,"D, G, I Series SW - 6.03.xx",200,0,0,https://supportdocs.extremenetworks.com/support/documentation/d-g-i-series-sw-6-03-xx/,2026-09-29,2026-09-29
,,orphan,,,Device Self Registration,200,0,0,https://supportdocs.extremenetworks.com/support/documentation/device-self-registration/,2026-09-29,2026-09-29
,,orphan,,,EOS (software),200,1,11,https://supportdocs.extremenetworks.com/support/documentation/eos-software/,2026-09-29,2026-09-29
,,orphan,,,ERS 3600 Series (Hardware) – 6.0.x,200,0,7,https://supportdocs.extremenetworks.com/support/documentation/ers-3600-series-hardware-6-0-x/,2026-09-29,2026-09-29
,,orphan,,,ERS 3600 Series (Hardware) – 6.1.x,200,0,7,https://supportdocs.extremenetworks.com/support/documentation/ers-3600-series-hardware-6-1-x/,2026-09-29,2026-09-29
,,orphan,,,ERS 3600 Series (Hardware) – 6.2.x,200,0,7,https://supportdocs.extremenetworks.com/support/documentation/ers-3600-series-hardware-6-2-x/,2026-09-29,2026-09-29
,,orphan,,,ERS 4000 Series - 5.6.1,200,0,5,https://supportdocs.extremenetworks.com/support/documentation/ers-4000-series-5-6-1/,2026-09-29,2026-09-29
,,orphan,,,ERS 4000 Series - 5.6.2,200,0,5,https://supportdocs.extremenetworks.com/support/documentation/ers-4000-series-5-6-2/,2026-09-29,2026-09-29
,,orphan,,,ERS 4000 Series - 5.6.3,200,0,5,https://supportdocs.extremenetworks.com/support/documentation/ers-4000-series-5-6-3/,2026-09-29,2026-09-29
,,orphan,,,ERS 4000 Series - 5.6.5,200,0,5,https://supportdocs.extremenetworks.com/support/documentation/ers-4000-series-5-6-5/,2026-09-29,2026-09-29
,,orphan,,,ERS 4000 Series - 5.6.6,200,0,5,https://supportdocs.extremenetworks.com/support/documentation/ers-4000-series-5-6-6/,2026-09-29,2026-09-29
,,orphan,,,ERS 4000 Series - 5.7.1,200,0,5,https://supportdocs.extremenetworks.com/support/documentation/ers-4000-series-5-7-1/,2026-09-29,2026-09-29
,,orphan,,,ERS 4500 Series - 5.5.2,200,0,0,https://supportdocs.extremenetworks.com/support/documentation/ers-4500-series-5-5-2/,2026-09-29,2026-09-29
,,orphan,,,ERS 4500 Series - 5.6.4,200,0,0,https://supportdocs.extremenetworks.com/support/documentation/ers-4500-series-5-6-4/,2026-09-29,2026-09-29
,,orphan,,,Extreme Agent ONE - Previous Documentation,200,0,1,https://supportdocs.extremenetworks.com/support/documentation/extreme-agent-one-previous-documentation/,2026-09-29,2026-09-29
,,orphan,,,Extreme AirDefense Essentials v23R3,200,0,2,https://supportdocs.extremenetworks.com/support/documentation/extreme-airdefense-essentials-v23r3-current/,2026-09-29,2026-09-29
,,orphan,,,Extreme AirDefense Essentials v24R3,200,0,2,https://supportdocs.extremenetworks.com/support/documentation/extreme-airdefense-essentials-v24r3/,2026-09-29,2026-09-29
,,orphan,,,Extreme AirDefense Essentials v25.1.0,200,0,2,https://supportdocs.extremenetworks.com/support/documentation/extreme-airdefense-essentials-v25-1-0/,2026-09-29,2026-09-29
,,orphan,,,Extreme AirDefense Essentials v25.3.0,200,0,2,https://supportdocs.extremenetworks.com/support/documentation/extreme-airdefense-essentials-v25-3-0/,2026-09-29,2026-09-29
,,orphan,,,Extreme AirDefense Essentials v25.4.0,200,0,2,https://supportdocs.extremenetworks.com/support/documentation/extreme-airdefense-essentials-v25-4-0/,2026-09-29,2026-09-29
,,orphan,,,Extreme Campus Controller,200,1,0,https://supportdocs.extremenetworks.com/support/documentation/extreme-campus-controller-release-notes/,2026-09-29,2026-09-29
,,orphan,,,Extreme Exchange - Previous Documentation,200,0,1,https://supportdocs.extremenetworks.com/support/documentation/extreme-exchange-previous-documentation/,2026-09-29,2026-09-29
,,orphan,,,Extreme Retail Select Deployment Guides,200,6,0,https://supportdocs.extremenetworks.com/support/documentation/extreme-retail-select-deployment-guides/,2026-09-29,2026-09-29
,,orphan,,,ExtremeCloud Appliance,200,2,0,https://supportdocs.extremenetworks.com/support/documentation/extremecloud-appliance-2/,2026-09-29,2026-09-29
,,orphan,,,ExtremeCloud Business Insights for Venues Previous Documentation,200,0,1,https://supportdocs.extremenetworks.com/support/documentation/extremecloud-business-insights-for-venues-previous-documentation/,2026-09-29,2026-09-29
,,orphan,,,ExtremeCloud Edge Previous Documentation,200,4,0,https://supportdocs.extremenetworks.com/support/documentation/extremecloud-edge-previous-documentation/,2026-09-29,2026-09-29
,,orphan,,,ExtremeCloud SD-WAN OS ONE - Previous Documentation,200,0,1,https://supportdocs.extremenetworks.com/support/documentation/extremecloud-sd-wan-os-one-previous-documentation/,2026-09-29,2026-09-29
,,orphan,,,ExtremeGuest Essentials V25.2,200,0,2,https://supportdocs.extremenetworks.com/support/documentation/extremeguest-essentials-v25-2/,2026-09-29,2026-09-29
,,orphan,,,ExtremeGuest Essentials V25.3,200,0,2,https://supportdocs.extremenetworks.com/support/documentation/extremeguest-essentials-v25-3/,2026-09-29,2026-09-29
,,orphan,,,ExtremeGuest Essentials V25.4,200,0,2,https://supportdocs.extremenetworks.com/support/documentation/extremeguest-essentials-v25-4/,2026-09-29,2026-09-29
,,orphan,,,ExtremeGuest Essentials v24R1,200,0,2,https://supportdocs.extremenetworks.com/support/documentation/extremeguest-essentials-v24r1/,2026-09-29,2026-09-29
,,orphan,,,ExtremeWireless WiNG Software - 7.6.0,200,0,50,https://supportdocs.extremenetworks.com/support/documentation/extremewireless-wing-software-7-6-0/,2026-09-29,2026-09-29
,,orphan,,,ExtremeWireless WiNG Software - 7.7.1.6,200,0,50,https://supportdocs.extremenetworks.com/support/documentation/extremewireless-wing-software-7-7-1-6/,2026-09-29,2026-09-29
,,orphan,,,ExtremeWireless WiNG Software - 7.7.1.7,200,0,50,https://supportdocs.extremenetworks.com/support/documentation/extremewireless-wing-software-7-7-1-7/,2026-09-29,2026-09-29
,,orphan,,,ExtremeWireless WiNG Software - 7.7.1.8,200,0,50,https://supportdocs.extremenetworks.com/support/documentation/extremewireless-wing-software-7-7-1-8/,2026-09-29,2026-09-29
,,orphan,,,ExtremeXOS - 1.1.0.15,200,0,53,https://supportdocs.extremenetworks.com/support/documentation/extremexos-1-1-0-15/,2026-09-29,2026-09-29
,,orphan,,,ExtremeXOS - 1.1.0.3,200,0,53,https://supportdocs.extremenetworks.com/support/documentation/extremexos-1-1-0-3/,2026-09-29,2026-09-29
,,orphan,,,ExtremeXOS - 2.0.0.1,200,0,53,https://supportdocs.extremenetworks.com/support/documentation/extremexos-2-0-0-1/,2026-09-29,2026-09-29
,,orphan,,,ExtremeXOS - 2.1.0.3,200,0,53,https://supportdocs.extremenetworks.com/support/documentation/extremexos-2-1-0-3/,2026-09-29,2026-09-29
,,orphan,,,Firewall How To,200,0,0,https://supportdocs.extremenetworks.com/support/documentation/firewall-how-to/,2026-09-29,2026-09-29
,,orphan,,,IQ Engine - 10.2,200,0,9,https://supportdocs.extremenetworks.com/support/documentation/iq-engine-10-2/,2026-09-29,2026-09-29
,,orphan,,,IQ Engine - 10.3,200,0,9,https://supportdocs.extremenetworks.com/support/documentation/iq-engine-10-3/,2026-09-29,2026-09-29
,,orphan,,,ISW Series User Guide & Feature Matrix,200,0,2,https://supportdocs.extremenetworks.com/support/documentation/isw-series-industrial-switches-software/,2026-09-29,2026-09-29
,,orphan,,,KHAP-800,200,0,0,https://supportdocs.extremenetworks.com/support/documentation/khap-800/,2026-09-29,2026-09-29
,,orphan,,,KHUSB601,200,0,0,https://supportdocs.extremenetworks.com/support/documentation/khusb601/,2026-09-29,2026-09-29
,,orphan,,,Locationing API (RSSI Sensor Feed),200,0,0,https://supportdocs.extremenetworks.com/support/documentation/locationing-api-rssi-sensor-feed/,2026-09-29,2026-09-29
,,orphan,,,NetIron (software),200,0,57,https://supportdocs.extremenetworks.com/support/documentation/netiron-software/,2026-09-29,2026-09-29
,,orphan,,,NetIron (software) - 6.3.00d,200,0,57,https://supportdocs.extremenetworks.com/support/documentation/netiron-software-6-3-00d/,2026-09-29,2026-09-29
,,orphan,,,NetIron (software) - 6.3.00g,200,0,57,https://supportdocs.extremenetworks.com/support/documentation/netiron-software-6-3-00g/,2026-09-29,2026-09-29
,,orphan,,,NetIron (software) - 7.1.0,200,0,57,https://supportdocs.extremenetworks.com/support/documentation/netiron-7-1-0/,2026-09-29,2026-09-29
,,orphan,,,Network OS (software) – 7.4.1a,200,0,58,https://supportdocs.extremenetworks.com/support/documentation/network-os-software-7-4-1a/,2026-09-29,2026-09-29
,,orphan,,,Network OS - 7.0.2,200,0,58,https://supportdocs.extremenetworks.com/support/documentation/network-os-7-0-2/,2026-09-29,2026-09-29
,,orphan,,,Network OS - 7.1.0a,200,0,58,https://supportdocs.extremenetworks.com/support/documentation/nos-7-1-0a/,2026-09-29,2026-09-29
,,orphan,,,Pluggable Hardware - 5,200,0,1,https://supportdocs.extremenetworks.com/support/documentation/pluggable-hardware-5/,2026-09-29,2026-09-29
,,orphan,,,Pluggable Hardware - 5.1.1,200,0,1,https://supportdocs.extremenetworks.com/support/documentation/pluggable-hardware-5-1-1/,2026-09-29,2026-09-29
,,orphan,,,Pluggable Hardware - 5.3,200,0,1,https://supportdocs.extremenetworks.com/support/documentation/pluggable-hardware-5-3/,2026-09-29,2026-09-29
,,orphan,,,Pluggable Hardware - 5.9,200,0,1,https://supportdocs.extremenetworks.com/support/documentation/pluggable-hardware-5-9/,2026-09-29,2026-09-29
,,orphan,,,Pluggable Hardware - 6.0.1,200,0,1,https://supportdocs.extremenetworks.com/support/documentation/pluggable-hardware-6-0-1/,2026-09-29,2026-09-29
,,orphan,,,Pluggable Hardware - 6.2,200,0,1,https://supportdocs.extremenetworks.com/support/documentation/pluggable-hardware-6-2/,2026-09-29,2026-09-29
,,orphan,,,Pluggable Hardware - 7.5,200,0,1,https://supportdocs.extremenetworks.com/support/documentation/pluggable-hardware-7-5/,2026-09-29,2026-09-29
,,orphan,,,Product Documentation,200,0,241,https://supportdocs.extremenetworks.com/support/documentation/1-0/,2026-09-29,2026-09-29
,,orphan,,,Product Documentation,200,0,241,https://supportdocs.extremenetworks.com/support/documentation/1-1-0/,2026-09-29,2026-09-29
,,orphan,,,Product Documentation,200,0,241,https://supportdocs.extremenetworks.com/support/documentation/200-series-software/,2026-09-29,2026-09-29
,,orphan,,,Product Documentation,200,0,241,https://supportdocs.extremenetworks.com/support/documentation/air-defense-services-platform-appliance/,2026-09-29,2026-09-29
,,orphan,,,Product Documentation,200,0,241,https://supportdocs.extremenetworks.com/support/documentation/air-defense-services-platform-mobile-2/,2026-09-29,2026-09-29
,,orphan,,,Product Documentation,200,0,241,https://supportdocs.extremenetworks.com/support/documentation/ap3912-1-0/,2026-09-29,2026-09-29
,,orphan,,,Product Documentation,200,0,241,https://supportdocs.extremenetworks.com/support/documentation/ap6522e/,2026-09-29,2026-09-29
,,orphan,,,Product Documentation,200,0,241,https://supportdocs.extremenetworks.com/support/documentation/ap6562/,2026-09-29,2026-09-29
,,orphan,,,Product Documentation,200,0,241,https://supportdocs.extremenetworks.com/support/documentation/ap6562e/,2026-09-29,2026-09-29
,,orphan,,,Product Documentation,200,0,241,https://supportdocs.extremenetworks.com/support/documentation/ap8132/,2026-09-29,2026-09-29
,,orphan,,,Product Documentation,200,0,241,https://supportdocs.extremenetworks.com/support/documentation/ers-4800-series-5-7-2/,2026-09-29,2026-09-29
,,orphan,,,Product Documentation,200,0,241,https://supportdocs.extremenetworks.com/support/documentation/extreme-visibility-manager-6-0-0/,2026-09-29,2026-09-29
,,orphan,,,Product Documentation,200,0,241,https://supportdocs.extremenetworks.com/support/documentation/extreme-visibility-manager-6-1-0/,2026-09-29,2026-09-29
,,orphan,,,Product Documentation,200,0,241,https://supportdocs.extremenetworks.com/support/documentation/extreme-visibility-manager-6-1-1/,2026-09-29,2026-09-29
,,orphan,,,Product Documentation,200,0,241,https://supportdocs.extremenetworks.com/support/documentation/extreme-visibility-manager-6-1-2/,2026-09-29,2026-09-29
,,orphan,,,Product Documentation,200,0,241,https://supportdocs.extremenetworks.com/support/documentation/extremeai/,2026-09-29,2026-09-29
,,orphan,,,Product Documentation,200,0,241,https://supportdocs.extremenetworks.com/support/documentation/extremelocation-2-1/,2026-09-29,2026-09-29
,,orphan,,,Product Documentation,200,0,241,https://supportdocs.extremenetworks.com/support/documentation/identity-engine-software-9-3-2/,2026-09-29,2026-09-29
,,orphan,,,Product Documentation,200,0,241,https://supportdocs.extremenetworks.com/support/documentation/identity-engines-software-9-0-0/,2026-09-29,2026-09-29
,,orphan,,,Product Documentation,200,0,241,https://supportdocs.extremenetworks.com/support/documentation/identity-engines-software-9-0-1/,2026-09-29,2026-09-29
,,orphan,,,Product Documentation,200,0,241,https://supportdocs.extremenetworks.com/support/documentation/identity-engines-software-9-1-0/,2026-09-29,2026-09-29
,,orphan,,,Product Documentation,200,0,241,https://supportdocs.extremenetworks.com/support/documentation/identity-engines-software-9-1-1/,2026-09-29,2026-09-29
,,orphan,,,Product Documentation,200,0,241,https://supportdocs.extremenetworks.com/support/documentation/identity-engines-software-9-2-0/,2026-09-29,2026-09-29
,,orphan,,,Product Documentation,200,0,241,https://supportdocs.extremenetworks.com/support/documentation/identity-engines-software-9-2-1/,2026-09-29,2026-09-29
,,orphan,,,Product Documentation,200,0,241,https://supportdocs.extremenetworks.com/support/documentation/identity-engines-software-9-2-3/,2026-09-29,2026-09-29
,,orphan,,,Product Documentation,200,0,241,https://supportdocs.extremenetworks.com/support/documentation/identity-engines-software-9-3-0/,2026-09-29,2026-09-29
,,orphan,,,Product Documentation,200,0,241,https://supportdocs.extremenetworks.com/support/documentation/insite-api/,2026-09-29,2026-09-29
,,orphan,,,Product Documentation,200,0,241,https://supportdocs.extremenetworks.com/support/documentation/ips-8-0/,2026-09-29,2026-09-29
,,orphan,,,Product Documentation,200,0,241,https://supportdocs.extremenetworks.com/support/documentation/ips-8-1/,2026-09-29,2026-09-29
,,orphan,,,Product Documentation,200,0,241,https://supportdocs.extremenetworks.com/support/documentation/ips-8-2/,2026-09-29,2026-09-29
,,orphan,,,Product Documentation,200,0,241,https://supportdocs.extremenetworks.com/support/documentation/ips-8-3/,2026-09-29,2026-09-29
,,orphan,,,Product Documentation,200,0,241,https://supportdocs.extremenetworks.com/support/documentation/nx5500e/,2026-09-29,2026-09-29
,,orphan,,,Product Documentation,200,0,241,https://supportdocs.extremenetworks.com/support/documentation/packet-broker-software-2-6/,2026-09-29,2026-09-29
,,orphan,,,Product Documentation,200,0,241,https://supportdocs.extremenetworks.com/support/documentation/packet-broker-software-2-7/,2026-09-29,2026-09-29
,,orphan,,,Product Documentation,200,0,241,https://supportdocs.extremenetworks.com/support/documentation/ridgeline-3-0-0/,2026-09-29,2026-09-29
,,orphan,,,Product Documentation,200,0,241,https://supportdocs.extremenetworks.com/support/documentation/ridgeline-3-1-0/,2026-09-29,2026-09-29
,,orphan,,,Product Documentation,200,0,241,https://supportdocs.extremenetworks.com/support/documentation/ridgeline-3-1-sp3/,2026-09-29,2026-09-29
,,orphan,,,Product Documentation,200,0,241,https://supportdocs.extremenetworks.com/support/documentation/ridgeline-4-0-0/,2026-09-29,2026-09-29
,,orphan,,,Product Documentation,200,0,241,https://supportdocs.extremenetworks.com/support/documentation/ridgeline-4-0-rest-api/,2026-09-29,2026-09-29
,,orphan,,,Product Documentation,200,0,241,https://supportdocs.extremenetworks.com/support/documentation/ridgeline-4-0-sp2/,2026-09-29,2026-09-29
,,orphan,,,Product Documentation,200,0,241,https://supportdocs.extremenetworks.com/support/documentation/ridgeline-4-0/,2026-09-29,2026-09-29
,,orphan,,,Product Documentation,200,0,241,https://supportdocs.extremenetworks.com/support/documentation/ridgeline-service-advisor/,2026-09-29,2026-09-29
,,orphan,,,Product Documentation,200,0,241,https://supportdocs.extremenetworks.com/support/documentation/roamabout-access-points/,2026-09-29,2026-09-29
,,orphan,,,Product Documentation,200,0,241,https://supportdocs.extremenetworks.com/support/documentation/roamabout-switches/,2026-09-29,2026-09-29
,,orphan,,,Product Documentation,200,0,241,https://supportdocs.extremenetworks.com/support/documentation/service-advisor-sp1/,2026-09-29,2026-09-29
,,orphan,,,Product Documentation,200,0,241,https://supportdocs.extremenetworks.com/support/documentation/version-6-62-test/,2026-09-29,2026-09-29
,,orphan,,,Product Documentation,200,0,241,https://supportdocs.extremenetworks.com/support/documentation/vsp-4000-series-document-collections/,2026-09-29,2026-09-29
,,orphan,,,Product Documentation,200,0,241,https://supportdocs.extremenetworks.com/support/documentation/vsp-7200-series-document-collections/,2026-09-29,2026-09-29
,,orphan,,,Product Documentation,200,0,241,https://supportdocs.extremenetworks.com/support/documentation/vsp-8000-series-document-collections/,2026-09-29,2026-09-29
,,orphan,,,Product Documentation,200,0,241,https://supportdocs.extremenetworks.com/support/documentation/vsp-operating-system-software-voss-hardware-documents/,2026-09-29,2026-09-29
,,orphan,,,Product Documentation,200,0,241,https://supportdocs.extremenetworks.com/support/documentation/vx9000e/,2026-09-29,2026-09-29
,,orphan,,,Product Documentation,200,0,241,https://supportdocs.extremenetworks.com/support/documentation/wing-5-x/,2026-09-29,2026-09-29
,,orphan,,,Product Documentation,200,0,241,https://supportdocs.extremenetworks.com/support/documentation/wing-virtual-controller/,2026-09-29,2026-09-29
,,orphan,,,Product Name,200,0,0,https://supportdocs.extremenetworks.com/support/documentation/product-name/,2026-09-29,2026-09-29
,,orphan,,,Related Documents,200,0,6,https://supportdocs.extremenetworks.com/support/documentation/related-documents/,2026-09-29,2026-09-29
,,orphan,,,Role Based Firewall,200,0,0,https://supportdocs.extremenetworks.com/support/documentation/role-based-firewall/,2026-09-29,2026-09-29
,,orphan,,,SLX-OS 20.2.2,200,0,94,https://supportdocs.extremenetworks.com/support/documentation/slx-os-20-2-2/,2026-09-29,2026-09-29
,,orphan,,,SLX-OS TPVM 4.5.10,200,0,46,https://supportdocs.extremenetworks.com/support/documentation/slx-os-tpvm-4-5-10/,2026-09-29,2026-09-29
,,orphan,,,SLX-OS TPVM 4.5.11,200,0,46,https://supportdocs.extremenetworks.com/support/documentation/slx-os-tpvm-4-5-11/,2026-09-29,2026-09-29
,,orphan,,,SLX-OS TPVM 4.5.12,200,0,46,https://supportdocs.extremenetworks.com/support/documentation/slx-os-tpvm-4-5-12/,2026-09-29,2026-09-29
,,orphan,,,SLX-OS TPVM 4.5.13,200,0,46,https://supportdocs.extremenetworks.com/support/documentation/slx-os-tpvm-4-5-13-2/,2026-09-29,2026-09-29
,,orphan,,,SLX-OS TPVM 4.5.14,200,0,46,https://supportdocs.extremenetworks.com/support/documentation/slx-os-tpvm-4-5-14/,2026-09-29,2026-09-29
,,orphan,,,SLX-OS TPVM 4.5.3,200,0,46,https://supportdocs.extremenetworks.com/support/documentation/tpvm-4-5-3/,2026-09-29,2026-09-29
,,orphan,,,SLX-OS TPVM 4.5.4,200,0,46,https://supportdocs.extremenetworks.com/support/documentation/slx-os-tpvm-4-5-4/,2026-09-29,2026-09-29
,,orphan,,,SLX-OS TPVM 4.5.5,200,0,46,https://supportdocs.extremenetworks.com/support/documentation/slx-os-tpvm-4-5-5/,2026-09-29,2026-09-29
,,orphan,,,SLX-OS TPVM 4.5.6,200,0,46,https://supportdocs.extremenetworks.com/support/documentation/slx-os-tpvm-4-5-6/,2026-09-29,2026-09-29
,,orphan,,,SLX-OS TPVM 4.5.7,200,0,46,https://supportdocs.extremenetworks.com/support/documentation/slx-os-tpvm-4-5-7/,2026-09-29,2026-09-29
,,orphan,,,SLX-OS TPVM 4.5.8,200,0,46,https://supportdocs.extremenetworks.com/support/documentation/slx-os-tpvm-4-5-8/,2026-09-29,2026-09-29
,,orphan,,,SLX-OS TPVM 4.5.9,200,0,46,https://supportdocs.extremenetworks.com/support/documentation/slx-os-tpvm-4-5-9/,2026-09-29,2026-09-29
,,orphan,,,SLX-OS TPVM 4.7.5,200,0,46,https://supportdocs.extremenetworks.com/support/documentation/slx-os-tpvm-4-7-5/,2026-09-29,2026-09-29
,,orphan,,,SLX-R Series (software) – 17r.2.03,200,0,27,https://supportdocs.extremenetworks.com/support/documentation/17r-2-03/,2026-09-29,2026-09-29
,,orphan,,,SLX-X Series (software),200,0,5,https://supportdocs.extremenetworks.com/support/documentation/slx-x-series-software/,2026-09-29,2026-09-29
,,orphan,,,Third Party Captive Portals,200,0,0,https://supportdocs.extremenetworks.com/support/documentation/third-party-captive-portals/,2026-09-29,2026-09-29
,,orphan,,,VOSS Private Label White Box Edition - 5.2.0,200,0,13,https://supportdocs.extremenetworks.com/support/documentation/voss-private-label-white-box-edition-5-2-0/,2026-09-29,2026-09-29
,,orphan,,,VOSS Private Label White Box Edition - 5.3.0,200,0,13,https://supportdocs.extremenetworks.com/support/documentation/voss-private-label-white-box-edition-5-3-0/,2026-09-29,2026-09-29
,,orphan,,,VOSS Private Label White Box Edition - 6.0.1,200,0,13,https://supportdocs.extremenetworks.com/support/documentation/voss-private-label-white-box-edition-6-0-1/,2026-09-29,2026-09-29
,,orphan,,,VOSS Private Label White Box Edition - 6.1.0,200,0,13,https://supportdocs.extremenetworks.com/support/documentation/vosspl-6-1-0/,2026-09-29,2026-09-29
,,orphan,,,VOSS Private Label White Box Edition - 6.1.2,200,0,13,https://supportdocs.extremenetworks.com/support/documentation/voss-private-label-white-box-edition-6-1-2/,2026-09-29,2026-09-29
,,orphan,,,VSP Operating System Software (VOSS) - 4.2.2.0,200,0,97,https://supportdocs.extremenetworks.com/support/documentation/voss-4-2-2-0/,2026-09-29,2026-09-29
,,orphan,,,VSP Operating System Software (VOSS) - 4.2.3.0,200,0,97,https://supportdocs.extremenetworks.com/support/documentation/voss-4-2-3-0/,2026-09-29,2026-09-29
,,orphan,,,VSP Operating System Software (VOSS) - 4.3.1,200,0,97,https://supportdocs.extremenetworks.com/support/documentation/voss-4-3-1/,2026-09-29,2026-09-29
,,orphan,,,VSP Operating System Software (VOSS) - 5.0.1.0,200,0,97,https://supportdocs.extremenetworks.com/support/documentation/voss-5-0-1-0/,2026-09-29,2026-09-29
,,orphan,,,VSP Operating System Software (VOSS) - 5.1.1.1,200,0,97,https://supportdocs.extremenetworks.com/support/documentation/voss-5-1-1-1/,2026-09-29,2026-09-29
,,orphan,,,VSP Operating System Software (VOSS) - 5.1.1.2,200,0,97,https://supportdocs.extremenetworks.com/support/documentation/voss-5-1-1-2/,2026-09-29,2026-09-29
,,orphan,,,VSP Operating System Software (VOSS) - 5.1.1.3,200,0,97,https://supportdocs.extremenetworks.com/support/documentation/5-1-1-3/,2026-09-29,2026-09-29
,,orphan,,,VSP Operating System Software (VOSS) - 5.1.1.5,200,0,97,https://supportdocs.extremenetworks.com/support/documentation/voss-5-1-1-5/,2026-09-29,2026-09-29
,,orphan,,,VSP Operating System Software (VOSS) - 5.1.1.6,200,0,97,https://supportdocs.extremenetworks.com/support/documentation/voss-5-1-1-6/,2026-09-29,2026-09-29
,,orphan,,,VSP Operating System Software (VOSS) - 6.0.1,200,0,97,https://supportdocs.extremenetworks.com/support/documentation/vsp-operating-system-software-voss-6-0-1/,2026-09-29,2026-09-29
,,orphan,,,VSP Operating System Software (VOSS) - 6.0.1.1,200,0,97,https://supportdocs.extremenetworks.com/support/documentation/voss-6-0-1-1-2/,2026-09-29,2026-09-29
,,orphan,,,VSP Operating System Software (VOSS) - 6.1.3.0,200,0,97,https://supportdocs.extremenetworks.com/support/documentation/6-1-3-0-2/,2026-09-29,2026-09-29
,,orphan,,,VSP Operating System Software (VOSS) - 6.1.3.1,200,0,97,https://supportdocs.extremenetworks.com/support/documentation/6-1-3-1-2/,2026-09-29,2026-09-29
,,orphan,,,VSP Operating System Software (VOSS) - 6.1.3.2,200,0,97,https://supportdocs.extremenetworks.com/support/documentation/6-1-3-2-2/,2026-09-29,2026-09-29
,,orphan,,,VSP Operating System Software (VOSS) - 6.1.4.0,200,0,97,https://supportdocs.extremenetworks.com/support/documentation/6-1-4-0-2/,2026-09-29,2026-09-29
,,orphan,,,VSP Operating System Software (VOSS) – 8.1.60,200,0,97,https://supportdocs.extremenetworks.com/support/documentation/vsp-operating-system-software-voss-8-1-60/,2026-09-29,2026-09-29
,,orphan,,,Workspace 1.0,200,0,2,https://supportdocs.extremenetworks.com/support/documentation/workspace-1-0/,2026-09-29,2026-09-29
,,orphan,,1,Machine to Machine Interface,200,1,1,https://supportdocs.extremenetworks.com/support/documentation/machine-to-machine-interface/,2026-09-29,2026-09-29
,,orphan,,1,Surge - 1,200,2,9,https://supportdocs.extremenetworks.com/support/documentation/surge-1/,2026-09-29,2026-09-29
,,orphan,,1,Virtualization & Performance Management - 1,200,1,17,https://supportdocs.extremenetworks.com/support/documentation/virtualization-performance-management-1/,2026-09-29,2026-09-29
,,orphan,,1.0,Industrial Series Switches 12-port - 1.0,200,1,2,https://supportdocs.extremenetworks.com/support/documentation/industrial-series-switches-12-port-1-0/,2026-09-29,2026-09-29
,,orphan,,1.0,WLAN 8100 - 1.0,200,7,3,https://supportdocs.extremenetworks.com/support/documentation/wlan-8100-1-0/,2026-09-29,2026-09-29
,,orphan,,1.0.1.0,Surge - 1.0.1.0,200,1,9,https://supportdocs.extremenetworks.com/support/documentation/surge-1-0-1-0/,2026-09-29,2026-09-29
,,orphan,,1.01,Industrial Series Switches 12-port - 1.01,200,9,2,https://supportdocs.extremenetworks.com/support/documentation/industrial-series-switches-12-port-1-01/,2026-09-29,2026-09-29
,,orphan,,1.01,Industrial Series Switches 8-port - 1.01,200,10,1,https://supportdocs.extremenetworks.com/support/documentation/industrial-series-switches-8-port-1-01/,2026-09-29,2026-09-29
,,orphan,,2,Surge - 2,200,1,9,https://supportdocs.extremenetworks.com/support/documentation/surge-2/,2026-09-29,2026-09-29
,,orphan,,2,Virtualization & Performance Management - 2,200,1,17,https://supportdocs.extremenetworks.com/support/documentation/virtualization-performance-management-2/,2026-09-29,2026-09-29
,,orphan,,2.0,WLAN 8100 - 2.0,200,3,3,https://supportdocs.extremenetworks.com/support/documentation/wlan-8100-2-0/,2026-09-29,2026-09-29
,,orphan,,2.0.0.0,Surge - 2.0.0.0,200,1,9,https://supportdocs.extremenetworks.com/support/documentation/surge-2-0-0-0/,2026-09-29,2026-09-29
,,orphan,,2.0.0.1,Virtualization & Performance Management - 2.0.0.1,200,1,17,https://supportdocs.extremenetworks.com/support/documentation/virtualization-performance-management-2-0-0-1/,2026-09-29,2026-09-29
,,orphan,,2.0.0.2,Virtualization & Performance Management - 2.0.0.2,200,1,17,https://supportdocs.extremenetworks.com/support/documentation/virtualization-performance-management-2-0-0-2/,2026-09-29,2026-09-29
,,orphan,,2.0.0.3,Virtualization & Performance Management - 2.0.0.3,200,1,17,https://supportdocs.extremenetworks.com/support/documentation/virtualization-performance-management-2-0-0-3/,2026-09-29,2026-09-29
,,orphan,,2.0.0.4,Virtualization & Performance Management - 2.0.0.4,200,1,17,https://supportdocs.extremenetworks.com/support/documentation/virtualization-performance-management-2-0-0-4/,2026-09-29,2026-09-29
,,orphan,,2.0.1.0,Surge - 2.0.1.0,200,1,9,https://supportdocs.extremenetworks.com/support/documentation/surge-2-0-1-0/,2026-09-29,2026-09-29
,,orphan,,2.0.1.2,Surge - 2.0.1.2,200,1,9,https://supportdocs.extremenetworks.com/support/documentation/surge-2-0-1-2/,2026-09-29,2026-09-29
,,orphan,,2.1,Virtualization & Performance Management - 2.1,200,2,17,https://supportdocs.extremenetworks.com/support/documentation/virtualization-performance-management-2-1/,2026-09-29,2026-09-29
,,orphan,,2.2,Virtualization & Performance Management - 2.2,200,1,17,https://supportdocs.extremenetworks.com/support/documentation/virtualization-performance-management-2-2/,2026-09-29,2026-09-29
,,orphan,,2.2.0.1,Virtualization & Performance Management - 2.2.0.1,200,1,17,https://supportdocs.extremenetworks.com/support/documentation/virtualization-performance-management-2-2-0-1/,2026-09-29,2026-09-29
,,orphan,,2.3,Virtualization & Performance Management - 2.3,200,1,17,https://supportdocs.extremenetworks.com/support/documentation/virtualization-performance-management-2-3/,2026-09-29,2026-09-29
,,orphan,,3,Surge - 3,200,1,9,https://supportdocs.extremenetworks.com/support/documentation/surge-3/,2026-09-29,2026-09-29
,,orphan,,3,Virtualization & Performance Management - 3,200,1,17,https://supportdocs.extremenetworks.com/support/documentation/virtualization-performance-management-3/,2026-09-29,2026-09-29
,,orphan,,3.0,WLAN 8100 - 3.0,200,4,3,https://supportdocs.extremenetworks.com/support/documentation/wlan-8100-3-0/,2026-09-29,2026-09-29
,,orphan,,3.0.0.0,Surge - 3.0.0.0,200,1,9,https://supportdocs.extremenetworks.com/support/documentation/surge-3-0-0-0/,2026-09-29,2026-09-29
,,orphan,,3.0.1,Virtualization & Performance Management - 3.0.1,200,1,17,https://supportdocs.extremenetworks.com/support/documentation/virtualization-performance-management-3-0-1/,2026-09-29,2026-09-29
,,orphan,,3.0.1.0,Surge - 3.0.1.0,200,1,9,https://supportdocs.extremenetworks.com/support/documentation/surge-3-0-1-0/,2026-09-29,2026-09-29
,,orphan,,3.0.2,Virtualization & Performance Management - 3.0.2,200,1,17,https://supportdocs.extremenetworks.com/support/documentation/virtualization-performance-management-3-0-2/,2026-09-29,2026-09-29
,,orphan,,3.0.3,Virtualization & Performance Management - 3.0.3,200,1,17,https://supportdocs.extremenetworks.com/support/documentation/virtualization-performance-management-3-0-3/,2026-09-29,2026-09-29
,,orphan,,3.0.3.3,Virtualization & Performance Management - 3.0.3.3,200,1,17,https://supportdocs.extremenetworks.com/support/documentation/virtualization-performance-management-3-0-3-3/,2026-09-29,2026-09-29
,,orphan,,3.0.4,Virtualization & Performance Management - 3.0.4,200,1,17,https://supportdocs.extremenetworks.com/support/documentation/virtualization-performance-management-3-0-4/,2026-09-29,2026-09-29
,,orphan,,3.0.5,Virtualization & Performance Management - 3.0.5,200,1,17,https://supportdocs.extremenetworks.com/support/documentation/virtualization-performance-management-3-0-5/,2026-09-29,2026-09-29
,,orphan,,4.0.4,ERS 3510 Series - 4.0.4,200,1,2,https://supportdocs.extremenetworks.com/support/documentation/ers-3510-series-4-0-4/,2026-09-29,2026-09-29
,,orphan,,4.0.5,ERS 3510 Series - 4.0.5,200,1,2,https://supportdocs.extremenetworks.com/support/documentation/ers-3510-series-4-0-5/,2026-09-29,2026-09-29
,,orphan,,4.6.0,SLX-OS TPVM 4.6.0,200,1,46,https://supportdocs.extremenetworks.com/support/documentation/slx-os-tpvm-4-6-0/,2026-09-29,2026-09-29
,,orphan,,4.6.1,SLX-OS TPVM 4.6.1,200,1,46,https://supportdocs.extremenetworks.com/support/documentation/slx-os-tpvm-4-6-1/,2026-09-29,2026-09-29
,,orphan,,4.6.10,SLX-OS TPVM 4.6.10,200,1,46,https://supportdocs.extremenetworks.com/support/documentation/slx-os-tpvm-4-6-10/,2026-09-29,2026-09-29
,,orphan,,4.6.11,SLX-OS TPVM 4.6.11,200,1,46,https://supportdocs.extremenetworks.com/support/documentation/slx-os-tpvm-4-6-11/,2026-09-29,2026-09-29
,,orphan,,4.6.12,SLX-OS TPVM 4.6.12,200,1,46,https://supportdocs.extremenetworks.com/support/documentation/slx-os-tpvm-4-6-12/,2026-09-29,2026-09-29
,,orphan,,4.6.13,SLX-OS TPVM 4.6.13,200,1,46,https://supportdocs.extremenetworks.com/support/documentation/slx-os-tpvm-4-6-13/,2026-09-29,2026-09-29
,,orphan,,4.6.14,SLX-OS TPVM 4.6.14,200,1,46,https://supportdocs.extremenetworks.com/support/documentation/slx-os-tpvm-4-6-14/,2026-09-29,2026-09-29
,,orphan,,4.6.15,SLX-OS TPVM 4.6.15,200,1,46,https://supportdocs.extremenetworks.com/support/documentation/slx-os-tpvm-4-6-15/,2026-09-29,2026-09-29
,,orphan,,4.6.16,SLX-OS TPVM 4.6.16,200,1,46,https://supportdocs.extremenetworks.com/support/documentation/slx-os-tpvm-4-6-16/,2026-09-29,2026-09-29
,,orphan,,4.6.17,SLX-OS TPVM 4.6.17,200,1,46,https://supportdocs.extremenetworks.com/support/documentation/slx-os-tpvm-4-6-17/,2026-09-29,2026-09-29
,,orphan,,4.6.18,SLX-OS TPVM 4.6.18,200,1,46,https://supportdocs.extremenetworks.com/support/documentation/slx-os-tpvm-4-6-18/,2026-09-29,2026-09-29
,,orphan,,4.6.19,SLX-OS TPVM 4.6.19,200,1,46,https://supportdocs.extremenetworks.com/support/documentation/slx-os-tpvm-4-6-19/,2026-09-29,2026-09-29
,,orphan,,4.6.2,SLX-OS TPVM 4.6.2,200,1,46,https://supportdocs.extremenetworks.com/support/documentation/slx-os-tpvm-4-6-2/,2026-09-29,2026-09-29
,,orphan,,4.6.20,SLX-OS TPVM 4.6.20,200,1,46,https://supportdocs.extremenetworks.com/support/documentation/slx-os-tpvm-4-6-20/,2026-09-29,2026-09-29
,,orphan,,4.6.21,SLX-OS TPVM 4.6.21,200,1,46,https://supportdocs.extremenetworks.com/support/documentation/slx-os-tpvm-4-6-21/,2026-09-29,2026-09-29
,,orphan,,4.6.22,SLX-OS TPVM 4.6.22,200,1,46,https://supportdocs.extremenetworks.com/support/documentation/slx-os-tpvm-4-6-22/,2026-09-29,2026-09-29
,,orphan,,4.6.23,SLX-OS TPVM 4.6.23,200,1,46,https://supportdocs.extremenetworks.com/support/documentation/slx-os-tpvm-4-6-23/,2026-09-29,2026-09-29
,,orphan,,4.6.24,SLX-OS TPVM 4.6.24,200,1,46,https://supportdocs.extremenetworks.com/support/documentation/slx-os-tpvm-4-6-24/,2026-09-29,2026-09-29
,,orphan,,4.6.25,SLX-OS TPVM 4.6.25,200,1,46,https://supportdocs.extremenetworks.com/support/documentation/slx-os-tpvm-4-6-25/,2026-09-29,2026-09-29
,,orphan,,4.6.3,SLX-OS TPVM 4.6.3,200,1,46,https://supportdocs.extremenetworks.com/support/documentation/slx-os-tpvm-4-6-3/,2026-09-29,2026-09-29
,,orphan,,4.6.4,SLX-OS TPVM 4.6.4,200,1,46,https://supportdocs.extremenetworks.com/support/documentation/slx-os-tpvm-4-6-4/,2026-09-29,2026-09-29
,,orphan,,4.6.5,SLX-OS TPVM 4.6.5,200,1,46,https://supportdocs.extremenetworks.com/support/documentation/slx-os-tpvm-4-6-5/,2026-09-29,2026-09-29
,,orphan,,4.6.6,SLX-OS TPVM 4.6.6,200,1,46,https://supportdocs.extremenetworks.com/support/documentation/slx-os-tpvm-4-6-6/,2026-09-29,2026-09-29
,,orphan,,4.6.7,SLX-OS TPVM 4.6.7,200,1,46,https://supportdocs.extremenetworks.com/support/documentation/slx-os-tpvm-4-6-7/,2026-09-29,2026-09-29
,,orphan,,4.6.8,SLX-OS TPVM 4.6.8,200,1,46,https://supportdocs.extremenetworks.com/support/documentation/slx-os-tpvm-4-6-8/,2026-09-29,2026-09-29
,,orphan,,4.6.9,SLX-OS TPVM 4.6.9,200,1,46,https://supportdocs.extremenetworks.com/support/documentation/slx-os-tpvm-4-6-9/,2026-09-29,2026-09-29
,,orphan,,4.7.0,SLX-OS TPVM 4.7.0,200,1,46,https://supportdocs.extremenetworks.com/support/documentation/slx-os-tpvm-4-7-0/,2026-09-29,2026-09-29
,,orphan,,4.7.1,SLX-OS TPVM 4.7.1,200,1,46,https://supportdocs.extremenetworks.com/support/documentation/slx-os-tpvm-4-7-0-2/,2026-09-29,2026-09-29
,,orphan,,4.7.10,SLX-OS TPVM 4.7.10,200,1,46,https://supportdocs.extremenetworks.com/support/documentation/slx-os-tpvm-4-7-10/,2026-09-29,2026-09-29
,,orphan,,4.7.11,SLX-OS TPVM 4.7.11,200,1,46,https://supportdocs.extremenetworks.com/support/documentation/slx-os-tpvm-4-7-11/,2026-09-29,2026-09-29
,,orphan,,4.7.12,SLX-OS TPVM 4.7.12,200,1,46,https://supportdocs.extremenetworks.com/support/documentation/slx-os-tpvm-4-7-12/,2026-09-29,2026-09-29
,,orphan,,4.7.13,SLX-OS TPVM 4.7.13,200,1,46,https://supportdocs.extremenetworks.com/support/documentation/slx-os-tpvm-4-7-13/,2026-09-29,2026-09-29
,,orphan,,4.7.14,SLX-OS TPVM 4.7.14,200,1,46,https://supportdocs.extremenetworks.com/support/documentation/slx-os-tpvm-4-7-14/,2026-09-29,2026-09-29
,,orphan,,4.7.15,SLX-OS TPVM 4.7.15,200,1,46,https://supportdocs.extremenetworks.com/support/documentation/slx-os-tpvm-4-7-15/,2026-09-29,2026-09-29
,,orphan,,4.7.16,SLX-OS TPVM 4.7.16,200,1,46,https://supportdocs.extremenetworks.com/support/documentation/slx-os-tpvm-4-7-16/,2026-09-29,2026-09-29
,,orphan,,4.7.17,SLX-OS TPVM 4.7.17,200,1,46,https://supportdocs.extremenetworks.com/support/documentation/slx-os-tpvm-4-7-17/,2026-09-29,2026-09-29
,,orphan,,4.7.18,SLX-OS TPVM 4.7.18,200,1,46,https://supportdocs.extremenetworks.com/support/documentation/slx-os-tpvm-4-7-18/,2026-09-29,2026-09-29
,,orphan,,4.7.19,SLX-OS TPVM 4.7.19,200,1,46,https://supportdocs.extremenetworks.com/support/documentation/slx-os-tpvm-4-7-19/,2026-09-29,2026-09-29
,,orphan,,4.7.2,SLX-OS TPVM 4.7.2,200,1,46,https://supportdocs.extremenetworks.com/support/documentation/slx-os-tpvm-4-7-2/,2026-09-29,2026-09-29
,,orphan,,4.7.20,SLX-OS TPVM 4.7.20,200,1,46,https://supportdocs.extremenetworks.com/support/documentation/slx-os-tpvm-4-7-20/,2026-09-29,2026-09-29
,,orphan,,4.7.3,SLX-OS TPVM 4.7.3,200,1,46,https://supportdocs.extremenetworks.com/support/documentation/slx-os-tpvm-4-7-3/,2026-09-29,2026-09-29
,,orphan,,4.7.4,SLX-OS TPVM 4.7.4,200,1,46,https://supportdocs.extremenetworks.com/support/documentation/slx-os-tpvm-4-7-4/,2026-09-29,2026-09-29
,,orphan,,4.7.6,SLX-OS TPVM 4.7.6,200,1,46,https://supportdocs.extremenetworks.com/support/documentation/slx-os-tpvm-4-7-6/,2026-09-29,2026-09-29
,,orphan,,4.7.7,SLX-OS TPVM 4.7.7,200,1,46,https://supportdocs.extremenetworks.com/support/documentation/slx-os-tpvm-4-7-7/,2026-09-29,2026-09-29
,,orphan,,4.7.8,SLX-OS TPVM 4.7.8,200,1,46,https://supportdocs.extremenetworks.com/support/documentation/slx-os-tpvm-4-7-8/,2026-09-29,2026-09-29
,,orphan,,4.7.9,SLX-OS TPVM 4.7.9,200,1,46,https://supportdocs.extremenetworks.com/support/documentation/slx-os-tpvm-4-7-9/,2026-09-29,2026-09-29
,,orphan,,6.03.01,"D, G, & I Series Switches - 6.03.01",200,1,15,https://supportdocs.extremenetworks.com/support/documentation/d-g-i-series-switches-6-03-01/,2026-09-29,2026-09-29
,,orphan,,6.03.02,"D, G, & I Series Switches - 6.03.02",200,1,15,https://supportdocs.extremenetworks.com/support/documentation/d-g-i-series-switches-6-03-02/,2026-09-29,2026-09-29
,,orphan,,6.03.03,"D, G, & I Series Switches - 6.03.03",200,1,15,https://supportdocs.extremenetworks.com/support/documentation/d-g-i-series-switches-6-03-03/,2026-09-29,2026-09-29
,,orphan,,6.03.04,"D, G, & I Series Switches - 6.03.04",200,1,15,https://supportdocs.extremenetworks.com/support/documentation/d-g-i-series-switches-6-03-04/,2026-09-29,2026-09-29
,,orphan,,6.03.05,"D, G, & I Series Switches - 6.03.05",200,1,15,https://supportdocs.extremenetworks.com/support/documentation/d-g-i-series-switches-6-03-05/,2026-09-29,2026-09-29
,,orphan,,6.03.08,"D, G, & I Series Switches - 6.03.08",200,1,15,https://supportdocs.extremenetworks.com/support/documentation/d-g-i-series-switches-6-03-08/,2026-09-29,2026-09-29
,,orphan,,6.03.09,"D, G, & I Series Switches - 6.03.09",200,1,15,https://supportdocs.extremenetworks.com/support/documentation/d-g-i-series-switches-6-03-09/,2026-09-29,2026-09-29
,,orphan,,6.03.10,"D, G, & I Series Switches - 6.03.10",200,1,15,https://supportdocs.extremenetworks.com/support/documentation/d-g-i-series-switches-6-03-10/,2026-09-29,2026-09-29
,,orphan,,6.03.11,"D, G, & I Series Switches - 6.03.11",200,1,15,https://supportdocs.extremenetworks.com/support/documentation/d-g-i-series-switches-6-03-11/,2026-09-29,2026-09-29
,,orphan,,6.03.12,"D, G, & I Series Switches - 6.03.12",200,3,15,https://supportdocs.extremenetworks.com/support/documentation/d-g-i-series-switches-6-03-12/,2026-09-29,2026-09-29
,,orphan,,6.03.14,"D, G, & I Series Switches - 6.03.14",200,1,15,https://supportdocs.extremenetworks.com/support/documentation/d-g-i-series-switches-6-03-14/,2026-09-29,2026-09-29
,,orphan,,6.03.15,"D, G, & I Series Switches - 6.03.15",200,1,15,https://supportdocs.extremenetworks.com/support/documentation/d-g-i-series-switches-6-03-15/,2026-09-29,2026-09-29
,,orphan,,6.03.16,"D, G, & I Series Switches - 6.03.16",200,1,15,https://supportdocs.extremenetworks.com/support/documentation/d-g-i-series-switches-6-03-16/,2026-09-29,2026-09-29
,,orphan,,6.42.11,"D, G, & I Series Switches - 6.42.11",200,1,15,https://supportdocs.extremenetworks.com/support/documentation/d-g-i-series-switches-6-42-11/,2026-09-29,2026-09-29
,,orphan,,6.61.02,"D, G, & I Series Switches - 6.61.02",200,1,15,https://supportdocs.extremenetworks.com/support/documentation/d-g-i-series-switches-6-61-02/,2026-09-29,2026-09-29
,,orphan,,"7100, S, K Series SW",Product Documentation,200,0,241,https://supportdocs.extremenetworks.com/support/documentation/,2026-09-29,2026-09-29
,,orphan,,AP3825i/e,AP3825i/e,200,2,1,https://supportdocs.extremenetworks.com/support/documentation/access-points-ap3825i-e/,2026-09-29,2026-09-29
,,orphan,,VX9000 Amazon EC2 Cloud,VX9000 Amazon EC2 Cloud,200,1,1,https://supportdocs.extremenetworks.com/support/documentation/vx9000-amazon-ec2-cloud/,2026-09-29,2026-09-29
Analytics and Performance Management,Extreme AirDefense Essentials,entry,yes,Latest Documentation,Extreme AirDefense Essentials - Latest Documentation,200,3,2,https://supportdocs.extremenetworks.com/support/documentation/extreme-airdefense-essentials-latest-documentation/,2026-09-29,2026-09-29
Analytics and Performance Management,Extreme AirDefense Essentials,release,,Previous Documentation,Extreme AirDefense Essentials - Previous Documentation,200,6,2,https://supportdocs.extremenetworks.com/support/documentation/extreme-airdefense-essentials-previous-documentation/,2026-09-29,2026-09-29
Analytics and Performance Management,Extreme Intuitive Insights,entry,yes,Latest Release,Extreme Intuitive Insights - Latest Documentation,200,3,2,https://supportdocs.extremenetworks.com/support/documentation/extreme-intuitive-insights-3-2/,2026-09-29,2026-09-29
Analytics and Performance Management,Extreme Intuitive Insights,release,,Previous Release,Extreme Intuitive Insights - Previous Release,200,4,2,https://supportdocs.extremenetworks.com/support/documentation/extreme-intuitive-insights-previous-release/,2026-09-29,2026-09-29
Analytics and Performance Management,Extreme Platform ONE,entry,yes,Latest Documentation,Extreme Platform ONE - Latest Documentation,200,8,2,https://supportdocs.extremenetworks.com/support/documentation/extreme-platform-one-latest-documentation/,2026-09-29,2026-09-29
Analytics and Performance Management,Extreme Platform ONE,release,,Previous Documentation,Extreme Platform ONE - Previous Documentation,200,39,2,https://supportdocs.extremenetworks.com/support/documentation/extreme-platform-one-previous-documentation/,2026-09-29,2026-09-29
Analytics and Performance Management,Extreme Platform ONE Security (Formerly UZTNA),entry,yes,,Extreme Platform ONE Security,200,3,0,https://supportdocs.extremenetworks.com/support/documentation/extreme-platform-one-security/,2026-09-29,2026-09-29
Analytics and Performance Management,Extreme Platform ONE for MSP,entry,yes,Latest Release,Extreme Platform ONE for MSP Latest Release,200,2,2,https://supportdocs.extremenetworks.com/support/documentation/extreme-platform-one-for-msp/,2026-09-29,2026-09-29
Analytics and Performance Management,Extreme Platform ONE for MSP,release,,Previous Release,Extreme Platform ONE for MSP Previous Release,200,2,2,https://supportdocs.extremenetworks.com/support/documentation/extreme-platform-one-for-msp-previous-release/,2026-09-29,2026-09-29
Analytics and Performance Management,"ExtremeAnalytics (formerly Purview, Application Analytics, and Analytics)",entry,yes,8.4,ExtremeAnalytics - 8.4,200,5,9,https://supportdocs.extremenetworks.com/support/documentation/extremeanalytics-8-4/,2026-09-29,2026-09-29
Analytics and Performance Management,"ExtremeAnalytics (formerly Purview, Application Analytics, and Analytics)",release,,8.1,ExtremeAnalytics - 8.1,200,4,9,https://supportdocs.extremenetworks.com/support/documentation/extremeanalytics-8-1/,2026-09-29,2026-09-29
Analytics and Performance Management,"ExtremeAnalytics (formerly Purview, Application Analytics, and Analytics)",release,,8.2,ExtremeAnalytics - 8.2,200,4,9,https://supportdocs.extremenetworks.com/support/documentation/extremeanalytics-8-2/,2026-09-29,2026-09-29
Analytics and Performance Management,"ExtremeAnalytics (formerly Purview, Application Analytics, and Analytics)",release,,8.3,ExtremeAnalytics - 8.3,200,9,9,https://supportdocs.extremenetworks.com/support/documentation/extremeanalytics-8-3/,2026-09-29,2026-09-29
Analytics and Performance Management,"ExtremeAnalytics (formerly Purview, Application Analytics, and Analytics)",release,,8.5.1,ExtremeAnalytics - 8.5.1,200,1,9,https://supportdocs.extremenetworks.com/support/documentation/extremeanalytics-8-5-1/,2026-09-29,2026-09-29
Analytics and Performance Management,"ExtremeAnalytics (formerly Purview, Application Analytics, and Analytics)",release,,8.5.2,ExtremeAnalytics - 8.5.2,200,1,9,https://supportdocs.extremenetworks.com/support/documentation/extremeanalytics-8-5-2/,2026-09-29,2026-09-29
Analytics and Performance Management,"ExtremeAnalytics (formerly Purview, Application Analytics, and Analytics)",release,,8.5.3,ExtremeAnalytics - 8.5.3,200,1,9,https://supportdocs.extremenetworks.com/support/documentation/extremeanalytics-8-5-3/,2026-09-29,2026-09-29
Analytics and Performance Management,"ExtremeAnalytics (formerly Purview, Application Analytics, and Analytics)",release,,8.5.4,ExtremeAnalytics – 8.5.4,200,1,9,https://supportdocs.extremenetworks.com/support/documentation/extremeanalytics-8-5-4/,2026-09-29,2026-09-29
Analytics and Performance Management,"ExtremeAnalytics (formerly Purview, Application Analytics, and Analytics)",release,,Purview,Extreme Analytics - Purview,200,4,9,https://supportdocs.extremenetworks.com/support/documentation/extreme-analytics-purview/,2026-09-29,2026-09-29
Analytics and Performance Management,ExtremeCloud Business Insights for Venues,entry,yes,Latest Documentation,ExtremeCloud Business Insights for Venues Latest Documentation,200,2,1,https://supportdocs.extremenetworks.com/support/documentation/extremecloud-business-insights-for-venues/,2026-09-29,2026-09-29
Analytics and Performance Management,ExtremeCloud IQ,entry,yes,Latest Documentation,ExtremeCloud IQ Support,200,17,2,https://supportdocs.extremenetworks.com/support/documentation/extremecloud-iq/,2026-09-29,2026-09-29
Analytics and Performance Management,ExtremeCloud IQ,release,,Previous Documentation,ExtremeCloud IQ Previous Documenation,200,51,2,https://supportdocs.extremenetworks.com/support/documentation/extremecloud-iq-3/,2026-09-29,2026-09-29
Analytics and Performance Management,ExtremeGuest Essentials,entry,yes,Latest Documentation,ExtremeGuest Essentials - Latest Documentation,200,3,2,https://supportdocs.extremenetworks.com/support/documentation/extremeguest-essentials-latest-documentation/,2026-09-29,2026-09-29
Analytics and Performance Management,ExtremeGuest Essentials,release,,Previous Documentation,ExtremeGuest Essentials - Previous Documentation,200,4,2,https://supportdocs.extremenetworks.com/support/documentation/extremeguest-essentials-previous-documentation/,2026-09-29,2026-09-29
Analytics and Performance Management,ExtremeIOT Essentials,entry,yes,Latest Documentation,ExtremeIOT Essentials Latest Documentation,200,2,2,https://supportdocs.extremenetworks.com/support/documentation/extremeiot-essentials-latest-documentation/,2026-09-29,2026-09-29
Analytics and Performance Management,ExtremeIOT Essentials,release,yes,1.0,ExtremeIOT Essentials Version 1.0,200,0,2,https://supportdocs.extremenetworks.com/support/documentation/extremeiot-essentials-version-1-0/,2026-09-29,2026-09-29
Analytics and Performance Management,ExtremeLocation Essentials,entry,yes,Latest Documentation,ExtremeLocation Essentials - Latest Documentation,200,3,2,https://supportdocs.extremenetworks.com/support/documentation/extremelocation-essentials-latest-version/,2026-09-29,2026-09-29
Analytics and Performance Management,ExtremeLocation Essentials,release,,Previous Documentation,ExtremeLocation Essentials - Previous Documentation,200,2,2,https://supportdocs.extremenetworks.com/support/documentation/extremelocation-essentials-previous-documentation/,2026-09-29,2026-09-29
Analytics and Performance Management,IQ Engine,entry,yes,Latest Documentation,IQ Engine Latest Documentation,200,3,9,https://supportdocs.extremenetworks.com/support/documentation/iq-engine-latest-documentation/,2026-09-29,2026-09-29
Analytics and Performance Management,IQ Engine,release,,10.0,IQ Engine - 10.0,200,39,9,https://supportdocs.extremenetworks.com/support/documentation/iq-engine-10-0/,2026-09-29,2026-09-29
Analytics and Performance Management,IQ Engine,release,,10.1,IQ Engine - 10.1,200,4,9,https://supportdocs.extremenetworks.com/support/documentation/iq-engine-10-1/,2026-09-29,2026-09-29
Analytics and Performance Management,IQ Engine,release,,10.4,IQ Engine - 10.4,200,6,9,https://supportdocs.extremenetworks.com/support/documentation/iq-engine-10-4/,2026-09-29,2026-09-29
Analytics and Performance Management,IQ Engine,release,,10.5,IQ Engine - 10.5,200,4,9,https://supportdocs.extremenetworks.com/support/documentation/iq-engine/,2026-09-29,2026-09-29
Analytics and Performance Management,IQ Engine,release,,10.6,IQ Engine - 10.6,200,8,9,https://supportdocs.extremenetworks.com/support/documentation/iq-engine-10-6-r2/,2026-09-29,2026-09-29
Analytics and Performance Management,IQ Engine,release,,10.7,IQ Engine - 10.7,200,6,9,https://supportdocs.extremenetworks.com/support/documentation/iq-engine-10-7/,2026-09-29,2026-09-29
Analytics and Performance Management,IQ Engine,release,,10.8,IQ Engine - 10.8,200,15,9,https://supportdocs.extremenetworks.com/support/documentation/iq-engine-10-8/,2026-09-29,2026-09-29
Analytics and Performance Management,IQ Engine,release,yes,10.9,IQ Engine - 10.9,200,2,9,https://supportdocs.extremenetworks.com/support/documentation/iq-engine-10-9/,2026-09-29,2026-09-29
Analytics and Performance Management,Visualization Performance & Fault Manager,entry,yes,3.01,Visualization Performance & Fault Manager - 3.01,200,1,5,https://supportdocs.extremenetworks.com/support/documentation/visualization-performance-fault-manager-3-01/,2026-09-29,2026-09-29
Analytics and Performance Management,Visualization Performance & Fault Manager,release,,2.3,Visualization Performance & Fault Manager - 2.3,200,1,5,https://supportdocs.extremenetworks.com/support/documentation/visualization-performance-fault-manager/,2026-09-29,2026-09-29
Analytics and Performance Management,Visualization Performance & Fault Manager,release,,3.0,Visualization Performance & Fault Manager - 3.0,200,2,5,https://supportdocs.extremenetworks.com/support/documentation/visualization-performance-fault-manager-3-0/,2026-09-29,2026-09-29
Analytics and Performance Management,Visualization Performance & Fault Manager,release,,3.0.2,Visualization Performance & Fault Manager - 3.0.2,200,3,5,https://supportdocs.extremenetworks.com/support/documentation/visualization-performance-fault-manager-3-0-2/,2026-09-29,2026-09-29
Analytics and Performance Management,Visualization Performance & Fault Manager,release,,3.0.3,Visualization Performance & Fault Manager - 3.0.3,200,8,5,https://supportdocs.extremenetworks.com/support/documentation/visualization-performance-fault-manager-2/,2026-09-29,2026-09-29
Automation,Extreme Fabric Automation,entry,yes,3.1.0,Extreme Fabric Automation 3.1.0,200,19,28,https://supportdocs.extremenetworks.com/support/documentation/extreme-fabric-automation-3-1-0/,2026-09-29,2026-09-29
Automation,Extreme Fabric Automation,release,,2.0.0,Extreme Fabric Automation 2.0.0,200,2,28,https://supportdocs.extremenetworks.com/support/documentation/extreme-fabric-automation-2-0-0/,2026-09-29,2026-09-29
Automation,Extreme Fabric Automation,release,,2.0.1,Extreme Fabric Automation 2.0.1,200,2,28,https://supportdocs.extremenetworks.com/support/documentation/extreme-fabric-automation-2-0-1/,2026-09-29,2026-09-29
Automation,Extreme Fabric Automation,release,,2.0.2,Extreme Fabric Automation 2.0.2,200,1,28,https://supportdocs.extremenetworks.com/support/documentation/extreme-fabric-automation-2-0-2/,2026-09-29,2026-09-29
Automation,Extreme Fabric Automation,release,,2.1.0,Extreme Fabric Automation 2.1.0,200,11,28,https://supportdocs.extremenetworks.com/support/documentation/extreme-fabric-automation-2-1-0/,2026-09-29,2026-09-29
Automation,Extreme Fabric Automation,release,,2.2.0,Extreme Fabric Automation 2.2.0,200,16,28,https://supportdocs.extremenetworks.com/support/documentation/extreme-fabric-automation-2-2-0/,2026-09-29,2026-09-29
Automation,Extreme Fabric Automation,release,,2.3.0,"Extreme Fabric Automation, 2.3.0",200,19,28,https://supportdocs.extremenetworks.com/support/documentation/extreme-fabric-automation-2-3-0/,2026-09-29,2026-09-29
Automation,Extreme Fabric Automation,release,,2.3.1,Extreme Fabric Automation 2.3.1,200,3,28,https://supportdocs.extremenetworks.com/support/documentation/extreme-fabric-automation-2-3-1/,2026-09-29,2026-09-29
Automation,Extreme Fabric Automation,release,,2.3.2,Extreme Fabric Automation 2.3.2,200,5,28,https://supportdocs.extremenetworks.com/support/documentation/extreme-fabric-automation-2-3-2/,2026-09-29,2026-09-29
Automation,Extreme Fabric Automation,release,,2.4.0,Extreme Fabric Automation 2.4.0,200,21,28,https://supportdocs.extremenetworks.com/support/documentation/extreme-fabric-automation-2-4-0/,2026-09-29,2026-09-29
Automation,Extreme Fabric Automation,release,,2.4.1,Extreme Fabric Automation 2.4.1,200,16,28,https://supportdocs.extremenetworks.com/support/documentation/extreme-fabric-automation-2-4-1/,2026-09-29,2026-09-29
Automation,Extreme Fabric Automation,release,,2.4.2,Extreme Fabric Automation 2.4.2,200,16,28,https://supportdocs.extremenetworks.com/support/documentation/extreme-fabric-automation-2-4-2/,2026-09-29,2026-09-29
Automation,Extreme Fabric Automation,release,,2.4.3,Extreme Fabric Automation 2.4.3,200,1,28,https://supportdocs.extremenetworks.com/support/documentation/extreme-fabric-automation-2-4-3/,2026-09-29,2026-09-29
Automation,Extreme Fabric Automation,release,,2.4.4,Extreme Fabric Automation 2.4.4,200,1,28,https://supportdocs.extremenetworks.com/support/documentation/extreme-fabric-automation-2-4-4/,2026-09-29,2026-09-29
Automation,Extreme Fabric Automation,release,,2.4.6,Extreme Fabric Automation 2.4.6,200,2,28,https://supportdocs.extremenetworks.com/support/documentation/extreme-fabric-automation-2-4-6/,2026-09-29,2026-09-29
Automation,Extreme Fabric Automation,release,,2.5.0,Extreme Fabric Automation 2.5.0,200,22,28,https://supportdocs.extremenetworks.com/support/documentation/extreme-fabric-automation-2-5-0/,2026-09-29,2026-09-29
Automation,Extreme Fabric Automation,release,,2.5.1,Extreme Fabric Automation 2.5.1,200,5,28,https://supportdocs.extremenetworks.com/support/documentation/extreme-fabric-automation-2-5-1/,2026-09-29,2026-09-29
Automation,Extreme Fabric Automation,release,,2.5.2,Extreme Fabric Automation 2.5.2,200,4,28,https://supportdocs.extremenetworks.com/support/documentation/extreme-fabric-automation-2-5-2/,2026-09-29,2026-09-29
Automation,Extreme Fabric Automation,release,,2.5.3,Extreme Fabric Automation 2.5.3,200,18,28,https://supportdocs.extremenetworks.com/support/documentation/extreme-fabric-automation-2-5-3/,2026-09-29,2026-09-29
Automation,Extreme Fabric Automation,release,,2.5.4,Extreme Fabric Automation 2.5.4,200,18,28,https://supportdocs.extremenetworks.com/support/documentation/extreme-fabric-automation-2-5-4/,2026-09-29,2026-09-29
Automation,Extreme Fabric Automation,release,,2.5.5,Extreme Fabric Automation 2.5.5,200,15,28,https://supportdocs.extremenetworks.com/support/documentation/extreme-fabric-automation-2-5-5/,2026-09-29,2026-09-29
Automation,Extreme Fabric Automation,release,,2.6.0,Extreme Fabric Automation 2.6.0,200,19,28,https://supportdocs.extremenetworks.com/support/documentation/extreme-fabric-automation-2-6-0/,2026-09-29,2026-09-29
Automation,Extreme Fabric Automation,release,,2.6.1,Extreme Fabric Automation 2.6.1,200,2,28,https://supportdocs.extremenetworks.com/support/documentation/extreme-fabric-automation-2-6-1/,2026-09-29,2026-09-29
Automation,Extreme Fabric Automation,release,,2.7.0,Extreme Fabric Automation 2.7.0,200,19,28,https://supportdocs.extremenetworks.com/support/documentation/extreme-fabric-automation-2-7-0/,2026-09-29,2026-09-29
Automation,Extreme Fabric Automation,release,,2.7.2,Extreme Fabric Automation 2.7.2,200,5,28,https://supportdocs.extremenetworks.com/support/documentation/extreme-fabric-automation-2-7-2/,2026-09-29,2026-09-29
Automation,Extreme Fabric Automation,release,,3.0.0,Extreme Fabric Automation 3.0.0,200,19,28,https://supportdocs.extremenetworks.com/support/documentation/extreme-fabric-automation-3-0-0/,2026-09-29,2026-09-29
Automation,Extreme Fabric Automation,release,,3.0.1,Extreme Fabric Automation 3.0.1,200,1,28,https://supportdocs.extremenetworks.com/support/documentation/extreme-fabric-automation-3-0-1/,2026-09-29,2026-09-29
Automation,Extreme Fabric Automation,release,yes,3.1.1,Extreme Fabric Automation 3.1.1,200,1,28,https://supportdocs.extremenetworks.com/support/documentation/extreme-fabric-automation-3-1-1/,2026-09-29,2026-09-29
Extreme AI,Extreme Agent ONE,entry,yes,Extreme Agent ONE - Latest Documentation,Extreme Agent ONE - Latest Documentation,200,1,1,https://supportdocs.extremenetworks.com/support/documentation/extreme-agent-one-latest-documentation/,2026-09-29,2026-09-29
Extreme AI,Extreme Exchange,entry,yes,Extreme Exchange - Latest Documentation,Extreme Exchange - Latest Documentation,200,1,1,https://supportdocs.extremenetworks.com/support/documentation/extreme-exchange-latest-documentation/,2026-09-29,2026-09-29
Management and Performance,Configuration & Orchestration Manager,entry,yes,3.1.3.1,Configuration & Orchestration Manager - 3.1.3.1,200,1,18,https://supportdocs.extremenetworks.com/support/documentation/configuration-orchestration-manager-3-1-3-1/,2026-09-29,2026-09-29
Management and Performance,Configuration & Orchestration Manager,release,,2,Configuration & Orchestration Manager - 2,200,1,18,https://supportdocs.extremenetworks.com/support/documentation/configuration-orchestration-manager-2/,2026-09-29,2026-09-29
Management and Performance,Configuration & Orchestration Manager,release,,2.0.0,Configuration & Orchestration Manager - 2.0.0,200,5,18,https://supportdocs.extremenetworks.com/support/documentation/configuration-and-orchestration-manager-2-0-0/,2026-09-29,2026-09-29
Management and Performance,Configuration & Orchestration Manager,release,,2.0.1,Configuration & Orchestration Manager - 2.0.1,200,1,18,https://supportdocs.extremenetworks.com/support/documentation/configuration-orchestration-manager-2-0-1/,2026-09-29,2026-09-29
Management and Performance,Configuration & Orchestration Manager,release,,2.1,Configuration & Orchestration Manager - 2.1,200,1,18,https://supportdocs.extremenetworks.com/support/documentation/configuration-orchestration-manager-2-1/,2026-09-29,2026-09-29
Management and Performance,Configuration & Orchestration Manager,release,,2.1.0,Configuration & Orchestration Manager - 2.1.0,200,3,18,https://supportdocs.extremenetworks.com/support/documentation/configuration-orchestration-manager-2-1-0/,2026-09-29,2026-09-29
Management and Performance,Configuration & Orchestration Manager,release,,2.1.1,Configuration & Orchestration Manager - 2.1.1,200,1,18,https://supportdocs.extremenetworks.com/support/documentation/configuration-orchestration-manager-2-1-1/,2026-09-29,2026-09-29
Management and Performance,Configuration & Orchestration Manager,release,,2.2.0,Configuration & Orchestration Manager -2.2.0,200,4,18,https://supportdocs.extremenetworks.com/support/documentation/configuration-orchestration-manager/,2026-09-29,2026-09-29
Management and Performance,Configuration & Orchestration Manager,release,,2.2.1,Configuration & Orchestration Manager - 2.2.1,200,1,18,https://supportdocs.extremenetworks.com/support/documentation/configuration-orchestration-manager-2-2-1/,2026-09-29,2026-09-29
Management and Performance,Configuration & Orchestration Manager,release,,2.3.0,Configuration & Orchestration Manager - 2.3,200,6,18,https://supportdocs.extremenetworks.com/support/documentation/configuration-orchestration-manager-2-3/,2026-09-29,2026-09-29
Management and Performance,Configuration & Orchestration Manager,release,,2.3.1,Configuration & Orchestration Manager - 2.3.1,200,1,18,https://supportdocs.extremenetworks.com/support/documentation/configuration-orchestration-manager-2-3-1/,2026-09-29,2026-09-29
Management and Performance,Configuration & Orchestration Manager,release,,2.3.2,Configuration & Orchestration Manager - 2.3.2,200,1,18,https://supportdocs.extremenetworks.com/support/documentation/configuration-orchestration-manager-2-3-2/,2026-09-29,2026-09-29
Management and Performance,Configuration & Orchestration Manager,release,,3.0.1,Configuration & Orchestration Manager - 3.0.1,200,7,18,https://supportdocs.extremenetworks.com/support/documentation/configuration-orchestration-manager-3-0-1/,2026-09-29,2026-09-29
Management and Performance,Configuration & Orchestration Manager,release,,3.0.2,Configuration & Orchestration Manager - 3.0.2,200,1,18,https://supportdocs.extremenetworks.com/support/documentation/configuration-orchestration-manager-3-0-2/,2026-09-29,2026-09-29
Management and Performance,Configuration & Orchestration Manager,release,yes,3.1.0,Configuration & Orchestration Manager - 3.1,200,8,18,https://supportdocs.extremenetworks.com/support/documentation/configuration-orchestration-manager-3-1/,2026-09-29,2026-09-29
Management and Performance,Configuration & Orchestration Manager,release,yes,3.1.1,Configuration & Orchestration Manager - 3.1.1,200,1,18,https://supportdocs.extremenetworks.com/support/documentation/configuration-orchestration-manager-3-1-1/,2026-09-29,2026-09-29
Management and Performance,Configuration & Orchestration Manager,release,yes,3.1.2,Configuration & Orchestration Manager - 3.1.2,200,1,18,https://supportdocs.extremenetworks.com/support/documentation/configuration-orchestration-manager-3-1-2/,2026-09-29,2026-09-29
Management and Performance,Configuration & Orchestration Manager,release,yes,3.1.3,Configuration & Orchestration Manager - 3.1.3,200,1,18,https://supportdocs.extremenetworks.com/support/documentation/configuration-orchestration-manager-3-1-3/,2026-09-29,2026-09-29
Management and Performance,Extreme Management Center,entry,yes,8.5.7,Extreme Management Center - 8.5.7,200,2,15,https://supportdocs.extremenetworks.com/support/documentation/extreme-management-center-8-5-7/,2026-09-29,2026-09-29
Management and Performance,Extreme Management Center,release,,7.0.9,Extreme Management Center - 7.0.9,200,2,15,https://supportdocs.extremenetworks.com/support/documentation/extreme-management-center-7-0-9/,2026-09-29,2026-09-29
Management and Performance,Extreme Management Center,release,,7.1.4,Extreme Management Center - 7.1.4,200,2,15,https://supportdocs.extremenetworks.com/support/documentation/extreme-management-center-7-1-4/,2026-09-29,2026-09-29
Management and Performance,Extreme Management Center,release,,8.0,Extreme Management Center - 8.0,200,4,15,https://supportdocs.extremenetworks.com/support/documentation/extreme-management-center-8-0/,2026-09-29,2026-09-29
Management and Performance,Extreme Management Center,release,,8.1,Extreme Management Center - 8.1,200,23,15,https://supportdocs.extremenetworks.com/support/documentation/extreme-management-center-8-1/,2026-09-29,2026-09-29
Management and Performance,Extreme Management Center,release,,8.2,Extreme Management Center - 8.2,200,37,15,https://supportdocs.extremenetworks.com/support/documentation/extreme-management-center-8-2/,2026-09-29,2026-09-29
Management and Performance,Extreme Management Center,release,,8.3,Extreme Management Center 8.3,200,27,15,https://supportdocs.extremenetworks.com/support/documentation/extreme-management-center-8-3/,2026-09-29,2026-09-29
Management and Performance,Extreme Management Center,release,,8.4,Extreme Management Center - 8.4,200,29,15,https://supportdocs.extremenetworks.com/support/documentation/extreme-management-center-8-4/,2026-09-29,2026-09-29
Management and Performance,Extreme Management Center,release,yes,8.5.0,Extreme Management Center - 8.5.0,200,31,15,https://supportdocs.extremenetworks.com/support/documentation/extreme-management-center-8-5-0/,2026-09-29,2026-09-29
Management and Performance,Extreme Management Center,release,yes,8.5.1,Extreme Management Center - 8.5.1,200,4,15,https://supportdocs.extremenetworks.com/support/documentation/extreme-management-center-8-5-1/,2026-09-29,2026-09-29
Management and Performance,Extreme Management Center,release,yes,8.5.2,Extreme Management Center - 8.5.2,200,2,15,https://supportdocs.extremenetworks.com/support/documentation/extreme-management-center-8-5-2/,2026-09-29,2026-09-29
Management and Performance,Extreme Management Center,release,yes,8.5.3,Extreme Management Center - 8.5.3,200,3,15,https://supportdocs.extremenetworks.com/support/documentation/extreme-management-center-8-5-3/,2026-09-29,2026-09-29
Management and Performance,Extreme Management Center,release,yes,8.5.4,Extreme Management Center – 8.5.4,200,4,15,https://supportdocs.extremenetworks.com/support/documentation/extreme-management-center-8-5-4/,2026-09-29,2026-09-29
Management and Performance,Extreme Management Center,release,yes,8.5.5,Extreme Management Center Version 8.5.5,200,2,15,https://supportdocs.extremenetworks.com/support/documentation/extreme-management-center-user-guide-version-8-5-5/,2026-09-29,2026-09-29
Management and Performance,Extreme Management Center,release,yes,8.5.6,Extreme Management Center - 8.5.6,200,3,15,https://supportdocs.extremenetworks.com/support/documentation/extreme-management-center-8-5-6/,2026-09-29,2026-09-29
Management and Performance,Extreme Solution Guides (cross-product),entry,yes,,Extreme Solution Guides,200,3,1,https://supportdocs.extremenetworks.com/support/documentation/extreme-solution-guides/,2026-09-29,2026-09-29
Management and Performance,ExtremeCloud,entry,yes,,ExtremeCloud Documentation,200,4,0,https://supportdocs.extremenetworks.com/support/documentation/extremecloud/,2026-09-29,2026-09-29
Management and Performance,ExtremeCloud A3,entry,yes,5.0.0,ExtremeCloud A3 Version 5.0.0,200,7,8,https://supportdocs.extremenetworks.com/support/documentation/extremecloud-a3-version-5-0-0/,2026-09-29,2026-09-29
Management and Performance,ExtremeCloud A3,release,,3.1.2,ExtremeCloud A3 Version 3.1.2,200,1,8,https://supportdocs.extremenetworks.com/support/documentation/extremecloud-a3-version-3-1-2/,2026-09-29,2026-09-29
Management and Performance,ExtremeCloud A3,release,,3.2,ExtremeCloud A3 Version 3.2,200,5,8,https://supportdocs.extremenetworks.com/support/documentation/extremecloud-a3-version-3-2/,2026-09-29,2026-09-29
Management and Performance,ExtremeCloud A3,release,,3.3,ExtremeCloud A3 Version 3.3,200,5,8,https://supportdocs.extremenetworks.com/support/documentation/34806/,2026-09-29,2026-09-29
Management and Performance,ExtremeCloud A3,release,,3.5,ExtremeCloud A3 Version 3.5,200,6,8,https://supportdocs.extremenetworks.com/support/documentation/extremecloud-a3-version-3-5/,2026-09-29,2026-09-29
Management and Performance,ExtremeCloud A3,release,,4.0,ExtremeCloud A3 Version 4.0,200,6,8,https://supportdocs.extremenetworks.com/support/documentation/extremecloud-a3-version-4-0-0/,2026-09-29,2026-09-29
Management and Performance,ExtremeCloud A3,release,,4.1.0,ExtremeCloud A3 Version 4.1.0,200,6,8,https://supportdocs.extremenetworks.com/support/documentation/extremecloud-a3-version-4-1-0/,2026-09-29,2026-09-29
Management and Performance,ExtremeCloud A3,release,,4.1.1,ExtremeCloud A3 Version 4.1.1,200,6,8,https://supportdocs.extremenetworks.com/support/documentation/extremecloud-a3-version-4-1-1/,2026-09-29,2026-09-29
Management and Performance,ExtremeCloud IQ Controller,entry,yes,Latest Documentation,ExtremeCloud IQ Controller Latest Documentation,200,44,29,https://supportdocs.extremenetworks.com/support/documentation/extremecloud-iq-controller-latest-documentation/,2026-09-29,2026-09-29
Management and Performance,ExtremeCloud IQ Controller,release,,10.01,ExtremeCloud IQ Controller v10.01,200,10,29,https://supportdocs.extremenetworks.com/support/documentation/extremecloud-iq-controller-v10-01/,2026-09-29,2026-09-29
Management and Performance,ExtremeCloud IQ Controller,release,,10.02,ExtremeCloud IQ Controller v10.02,200,6,29,https://supportdocs.extremenetworks.com/support/documentation/extremecloud-iq-controller-v10-02/,2026-09-29,2026-09-29
Management and Performance,ExtremeCloud IQ Controller,release,,10.03,ExtremeCloud IQ Controller v10.03,200,7,29,https://supportdocs.extremenetworks.com/support/documentation/extremecloud-iq-controller-v10-03/,2026-09-29,2026-09-29
Management and Performance,ExtremeCloud IQ Controller,release,,10.04,ExtremeCloud IQ Controller v10.04,200,9,29,https://supportdocs.extremenetworks.com/support/documentation/extremecloud-iq-controller-v10-04/,2026-09-29,2026-09-29
Management and Performance,ExtremeCloud IQ Controller,release,,10.05,ExtremeCloud IQ Controller v10.05,200,13,29,https://supportdocs.extremenetworks.com/support/documentation/extremecloud-iq-controller-v10-05/,2026-09-29,2026-09-29
Management and Performance,ExtremeCloud IQ Controller,release,,10.06,ExtremeCloud IQ Controller v10.06,200,17,29,https://supportdocs.extremenetworks.com/support/documentation/extremecloud-iq-controller-version-10-06/,2026-09-29,2026-09-29
Management and Performance,ExtremeCloud IQ Controller,release,,10.07,ExtremeCloud IQ Controller v10.07,200,6,29,https://supportdocs.extremenetworks.com/support/documentation/extremecloud-iq-controller-v10-07/,2026-09-29,2026-09-29
Management and Performance,ExtremeCloud IQ Controller,release,,10.08,ExtremeCloud IQ Controller v10.08,200,5,29,https://supportdocs.extremenetworks.com/support/documentation/extremecloud-iq-controller-v10-08/,2026-09-29,2026-09-29
Management and Performance,ExtremeCloud IQ Controller,release,,10.09,ExtremeCloud IQ Controller v10.09,200,8,29,https://supportdocs.extremenetworks.com/support/documentation/extremecloud-iq-controller-v10-09/,2026-09-29,2026-09-29
Management and Performance,ExtremeCloud IQ Controller,release,,10.10,ExtremeCloud IQ Controller v10.10,200,11,29,https://supportdocs.extremenetworks.com/support/documentation/extremecloud-iq-controller-v10-10/,2026-09-29,2026-09-29
Management and Performance,ExtremeCloud IQ Controller,release,,10.11,ExtremeCloud IQ Controller v10.11,200,6,29,https://supportdocs.extremenetworks.com/support/documentation/extremecloud-iq-controller-v10-11/,2026-09-29,2026-09-29
Management and Performance,ExtremeCloud IQ Controller,release,,10.12,ExtremeCloud IQ Controller v10.12,200,6,29,https://supportdocs.extremenetworks.com/support/documentation/extremecloud-iq-controller-v10-12/,2026-09-29,2026-09-29
Management and Performance,ExtremeCloud IQ Controller,release,,10.13,ExtremeCloud IQ Controller v10.13,200,10,29,https://supportdocs.extremenetworks.com/support/documentation/extremecloud-iq-controller-v10-13/,2026-09-29,2026-09-29
Management and Performance,ExtremeCloud IQ Controller,release,,10.14,ExtremeCloud IQ Controller v10.14,200,9,29,https://supportdocs.extremenetworks.com/support/documentation/extremecloud-iq-controller-v10-14/,2026-09-29,2026-09-29
Management and Performance,ExtremeCloud IQ Controller,release,,10.15,ExtremeCloud IQ Controller v10.15,200,9,29,https://supportdocs.extremenetworks.com/support/documentation/extremecloud-iq-controller-v10-15/,2026-09-29,2026-09-29
Management and Performance,ExtremeCloud IQ Controller,release,,10.17,ExtremeCloud IQ Controller v10.17,200,8,29,https://supportdocs.extremenetworks.com/support/documentation/extremecloud-iq-controller-v10-17/,2026-09-29,2026-09-29
Management and Performance,ExtremeCloud IQ Controller,release,,10.18,ExtremeCloud IQ Controller v10.18,200,8,29,https://supportdocs.extremenetworks.com/support/documentation/extremecloud-iq-controller-v10-18/,2026-09-29,2026-09-29
Management and Performance,ExtremeCloud IQ Controller,release,,10.19,ExtremeCloud IQ Controller v10.19,200,6,29,https://supportdocs.extremenetworks.com/support/documentation/extremecloud-iq-controller-v10-19/,2026-09-29,2026-09-29
Management and Performance,ExtremeCloud IQ Controller,release,,4.26,ExtremeCloud Appliance version 4.26,200,23,29,https://supportdocs.extremenetworks.com/support/documentation/extremecloud-appliance-version-4-26/,2026-09-29,2026-09-29
Management and Performance,ExtremeCloud IQ Controller,release,,4.36,ExtremeCloud Appliance version 4.36,200,22,29,https://supportdocs.extremenetworks.com/support/documentation/extremecloud-appliance-version-4-36/,2026-09-29,2026-09-29
Management and Performance,ExtremeCloud IQ Controller,release,,4.56,ExtremeCloud Appliance Version 4.56,200,17,29,https://supportdocs.extremenetworks.com/support/documentation/extremecloud-appliance/,2026-09-29,2026-09-29
Management and Performance,ExtremeCloud IQ Controller,release,,4.76,ExtremeCloud Appliance Version 4.76,200,19,29,https://supportdocs.extremenetworks.com/support/documentation/version-4-76/,2026-09-29,2026-09-29
Management and Performance,ExtremeCloud IQ Controller,release,,5.06,Extreme Campus Controller Version 5.06,200,12,29,https://supportdocs.extremenetworks.com/support/documentation/extreme-campus-controller-version-5-06/,2026-09-29,2026-09-29
Management and Performance,ExtremeCloud IQ Controller,release,,5.16,Extreme Campus Controller Version 5.16,200,15,29,https://supportdocs.extremenetworks.com/support/documentation/extreme-campus-controller-version-5-16/,2026-09-29,2026-09-29
Management and Performance,ExtremeCloud IQ Controller,release,,5.26,Extreme Campus Controller Version 5.26,200,18,29,https://supportdocs.extremenetworks.com/support/documentation/extreme-campus-controller-version-5-26/,2026-09-29,2026-09-29
Management and Performance,ExtremeCloud IQ Controller,release,,5.36,Extreme Campus Controller Version 5.36,200,11,29,https://supportdocs.extremenetworks.com/support/documentation/extreme-campus-controller-version-5-36/,2026-09-29,2026-09-29
Management and Performance,ExtremeCloud IQ Controller,release,,5.46,Extreme Campus Controller Version 5.46,200,18,29,https://supportdocs.extremenetworks.com/support/documentation/extreme-campus-controller-version-5-46/,2026-09-29,2026-09-29
Management and Performance,ExtremeCloud IQ Controller,release,yes,10.20,ExtremeCloud IQ Controller v10.20,200,6,29,https://supportdocs.extremenetworks.com/support/documentation/extremecloud-iq-controller-v10-20/,2026-09-29,2026-09-29
Management and Performance,ExtremeCloud IQ Site Engine,entry,yes,Latest Documentation,ExtremeCloud IQ Site Engine Version Latest Documentation,200,33,58,https://supportdocs.extremenetworks.com/support/documentation/version-latest-documentation/,2026-09-29,2026-09-29
Management and Performance,ExtremeCloud IQ Site Engine,release,,21.04.10,ExtremeCloud IQ - Site Engine 21.04.10,200,26,58,https://supportdocs.extremenetworks.com/support/documentation/extremecloud-iq-site-engine-21-04-10/,2026-09-29,2026-09-29
Management and Performance,ExtremeCloud IQ Site Engine,release,,21.09.10,ExtremeCloud IQ – Site Engine 21.09.10,200,29,58,https://supportdocs.extremenetworks.com/support/documentation/extremecloud-iq-site-engine-21-09-10/,2026-09-29,2026-09-29
Management and Performance,ExtremeCloud IQ Site Engine,release,,21.11.10,ExtremeCloud IQ – Site Engine 21.11.10,200,29,58,https://supportdocs.extremenetworks.com/support/documentation/extremecloud-iq-site-engine-21-11-10/,2026-09-29,2026-09-29
Management and Performance,ExtremeCloud IQ Site Engine,release,,21.11.11,ExtremeCloud IQ - Site Engine 21.11.11,200,26,58,https://supportdocs.extremenetworks.com/support/documentation/extremecloudiq-site-engine-21-11-11/,2026-09-29,2026-09-29
Management and Performance,ExtremeCloud IQ Site Engine,release,,22.06.10,ExtremeCloud IQ - Site Engine 22.06.10,200,30,58,https://supportdocs.extremenetworks.com/support/documentation/extremecloud-iq-site-engine-22-06-10/,2026-09-29,2026-09-29
Management and Performance,ExtremeCloud IQ Site Engine,release,,22.06.12,ExtremeCloud IQ - Site Engine 22.06.12,200,30,58,https://supportdocs.extremenetworks.com/support/documentation/extremecloud-iq-site-engine-22-06-12/,2026-09-29,2026-09-29
Management and Performance,ExtremeCloud IQ Site Engine,release,,22.06.13,ExtremeCloud IQ - Site Engine 22.06.13,200,24,58,https://supportdocs.extremenetworks.com/support/documentation/extremecloud-iq-site-engine-22-6-13/,2026-09-29,2026-09-29
Management and Performance,ExtremeCloud IQ Site Engine,release,,22.09.10,ExtremeCloud IQ - Site Engine 22.09.10,200,29,58,https://supportdocs.extremenetworks.com/support/documentation/extremecloud-iq-site-engine-22-09-10/,2026-09-29,2026-09-29
Management and Performance,ExtremeCloud IQ Site Engine,release,,22.09.11,ExtremeCloud IQ - Site Engine 22.09.11,200,29,58,https://supportdocs.extremenetworks.com/support/documentation/extremecloud-iq-site-engine-22-09-11/,2026-09-29,2026-09-29
Management and Performance,ExtremeCloud IQ Site Engine,release,,22.3.10,ExtremeCloud IQ - Site Engine 22.3.10,200,28,58,https://supportdocs.extremenetworks.com/support/documentation/extremecloud-iq-site-engine-22-3-10/,2026-09-29,2026-09-29
Management and Performance,ExtremeCloud IQ Site Engine,release,,22.9.12,ExtremeCloud IQ - Site Engine 22.9.12,200,29,58,https://supportdocs.extremenetworks.com/support/documentation/extremecloud-iq-site-engine-22-9-12/,2026-09-29,2026-09-29
Management and Performance,ExtremeCloud IQ Site Engine,release,,22.9.13,ExtremeCloud IQ - Site Engine 22.9.13,200,29,58,https://supportdocs.extremenetworks.com/support/documentation/extremecloud-iq-site-engine-22-9-13/,2026-09-29,2026-09-29
Management and Performance,ExtremeCloud IQ Site Engine,release,,23.02.10,ExtremeCloud IQ - Site Engine 23.02.10,200,30,58,https://supportdocs.extremenetworks.com/support/documentation/extremecloud-iq-site-engine-23-02-10/,2026-09-29,2026-09-29
Management and Performance,ExtremeCloud IQ Site Engine,release,,23.02.11,ExtremeCloud IQ - Site Engine 23.02.11,200,28,58,https://supportdocs.extremenetworks.com/support/documentation/extremecloud-iq-site-engine-23-02-11/,2026-09-29,2026-09-29
Management and Performance,ExtremeCloud IQ Site Engine,release,,23.04.10,ExtremeCloud IQ - Site Engine 23.04.10,200,27,58,https://supportdocs.extremenetworks.com/support/documentation/extremecloud-iq-site-engine-23-04-10/,2026-09-29,2026-09-29
Management and Performance,ExtremeCloud IQ Site Engine,release,,23.04.11,ExtremeCloud IQ - Site Engine 23.04.11,200,28,58,https://supportdocs.extremenetworks.com/support/documentation/extremecloud-iq-site-engine-23-04-11/,2026-09-29,2026-09-29
Management and Performance,ExtremeCloud IQ Site Engine,release,,23.04.12,ExtremeCloud IQ - Site Engine 23.04.12,200,28,58,https://supportdocs.extremenetworks.com/support/documentation/extremecloud-iq-site-engine-23-04-12/,2026-09-29,2026-09-29
Management and Performance,ExtremeCloud IQ Site Engine,release,,23.07.10,ExtremeCloud IQ - Site Engine 23.07.10,200,31,58,https://supportdocs.extremenetworks.com/support/documentation/23-07-10/,2026-09-29,2026-09-29
Management and Performance,ExtremeCloud IQ Site Engine,release,,23.07.11,ExtremeCloud IQ - Site Engine 23.07.11,200,31,58,https://supportdocs.extremenetworks.com/support/documentation/extremecloud-iq-site-engine-23-07-11/,2026-09-29,2026-09-29
Management and Performance,ExtremeCloud IQ Site Engine,release,,23.07.12,ExtremeCloud IQ - Site Engine 23.07.12,200,32,58,https://supportdocs.extremenetworks.com/support/documentation/extremecloud-iq-site-engine-23-07-12/,2026-09-29,2026-09-29
Management and Performance,ExtremeCloud IQ Site Engine,release,,23.07.13,ExtremeCloud IQ - Site Engine 23.07.13,200,32,58,https://supportdocs.extremenetworks.com/support/documentation/extremecloud-iq-site-engine-23-07-13/,2026-09-29,2026-09-29
Management and Performance,ExtremeCloud IQ Site Engine,release,,23.11.10,ExtremeCloud IQ - Site Engine 23.11.10,200,30,58,https://supportdocs.extremenetworks.com/support/documentation/extremecloud-iq-site-engine-23-11-10/,2026-09-29,2026-09-29
Management and Performance,ExtremeCloud IQ Site Engine,release,,23.11.11,ExtremeCloud IQ - Site Engine 23.11.11,200,30,58,https://supportdocs.extremenetworks.com/support/documentation/extremecloud-iq-site-engine-23-11-11/,2026-09-29,2026-09-29
Management and Performance,ExtremeCloud IQ Site Engine,release,,23.11.12,ExtremeCloud IQ - Site Engine 23.11.12,200,29,58,https://supportdocs.extremenetworks.com/support/documentation/extremecloud-iq-site-engine-23-11-12/,2026-09-29,2026-09-29
Management and Performance,ExtremeCloud IQ Site Engine,release,,24.02.10,ExtremeCloud IQ - Site Engine 24.02.10,200,29,58,https://supportdocs.extremenetworks.com/support/documentation/extremecloud-iq-site-engine-24-02-10/,2026-09-29,2026-09-29
Management and Performance,ExtremeCloud IQ Site Engine,release,,24.02.11,ExtremeCloud IQ - Site Engine 24.02.11,200,29,58,https://supportdocs.extremenetworks.com/support/documentation/extremecloud-iq-site-engine-24-02-11/,2026-09-29,2026-09-29
Management and Performance,ExtremeCloud IQ Site Engine,release,,24.02.12,ExtremeCloud IQ - Site Engine 24.02.12,200,29,58,https://supportdocs.extremenetworks.com/support/documentation/extremecloud-iq-site-engine-24-02-12/,2026-09-29,2026-09-29
Management and Performance,ExtremeCloud IQ Site Engine,release,,24.02.13,ExtremeCloud IQ - Site Engine 24.02.13,200,29,58,https://supportdocs.extremenetworks.com/support/documentation/extremecloud-iq-site-engine-24-02-13/,2026-09-29,2026-09-29
Management and Performance,ExtremeCloud IQ Site Engine,release,,24.02.14,ExtremeCloud IQ - Site Engine 24.02.14,200,29,58,https://supportdocs.extremenetworks.com/support/documentation/extremecloud-iq-site-engine-24-02-14/,2026-09-29,2026-09-29
Management and Performance,ExtremeCloud IQ Site Engine,release,,24.02.15,ExtremeCloud IQ - Site Engine 24.02.15,200,29,58,https://supportdocs.extremenetworks.com/support/documentation/extremecloud-iq-site-engine-24-02-15/,2026-09-29,2026-09-29
Management and Performance,ExtremeCloud IQ Site Engine,release,,24.07.10,ExtremeCloud IQ - Site Engine 24.07.10,200,29,58,https://supportdocs.extremenetworks.com/support/documentation/extremecloud-iq-site-engine-24-07-10/,2026-09-29,2026-09-29
Management and Performance,ExtremeCloud IQ Site Engine,release,,24.07.11,ExtremeCloud IQ - Site Engine 24.07.11,200,31,58,https://supportdocs.extremenetworks.com/support/documentation/extremecloud-iq-site-engine-24-07-11/,2026-09-29,2026-09-29
Management and Performance,ExtremeCloud IQ Site Engine,release,,24.10.10,ExtremeCloud IQ - Site Engine 24.10.10,200,29,58,https://supportdocs.extremenetworks.com/support/documentation/extremecloud-iq-site-engine-24-10-10/,2026-09-29,2026-09-29
Management and Performance,ExtremeCloud IQ Site Engine,release,,24.10.11,ExtremeCloud IQ - Site Engine 24.10.11,200,29,58,https://supportdocs.extremenetworks.com/support/documentation/extremecloud-iq-site-engine-24-10-11/,2026-09-29,2026-09-29
Management and Performance,ExtremeCloud IQ Site Engine,release,,24.10.12,ExtremeCloud IQ - Site Engine 24.10.12,200,29,58,https://supportdocs.extremenetworks.com/support/documentation/extremecloud-iq-site-engine-24-10-12/,2026-09-29,2026-09-29
Management and Performance,ExtremeCloud IQ Site Engine,release,,24.10.13,ExtremeCloud IQ - Site Engine 24.10.13,200,29,58,https://supportdocs.extremenetworks.com/support/documentation/extremecloud-iq-site-engine-24-10-13/,2026-09-29,2026-09-29
Management and Performance,ExtremeCloud IQ Site Engine,release,,25.02.10,ExtremeCloud IQ - Site Engine 25.02.10,200,29,58,https://supportdocs.extremenetworks.com/support/documentation/extremecloud-iq-site-engine-25-02-10/,2026-09-29,2026-09-29
Management and Performance,ExtremeCloud IQ Site Engine,release,,25.02.11,ExtremeCloud IQ - Site Engine 25.02.11,200,29,58,https://supportdocs.extremenetworks.com/support/documentation/extremecloud-iq-site-engine-25-02-11/,2026-09-29,2026-09-29
Management and Performance,ExtremeCloud IQ Site Engine,release,,25.02.12,ExtremeCloud IQ - Site Engine 25.02.12,200,29,58,https://supportdocs.extremenetworks.com/support/documentation/extremecloud-iq-site-engine-25-02-12/,2026-09-29,2026-09-29
Management and Performance,ExtremeCloud IQ Site Engine,release,,25.05.10,ExtremeCloud IQ - Site Engine 25.05.10,200,30,58,https://supportdocs.extremenetworks.com/support/documentation/extremecloud-iq-site-engine-25-05-10/,2026-09-29,2026-09-29
Management and Performance,ExtremeCloud IQ Site Engine,release,,25.05.11,ExtremeCloud IQ - Site Engine 25.05.11,200,30,58,https://supportdocs.extremenetworks.com/support/documentation/extremecloud-iq-site-engine-25-05-11/,2026-09-29,2026-09-29
Management and Performance,ExtremeCloud IQ Site Engine,release,,25.05.12,ExtremeCloud IQ - Site Engine 25.05.12,200,29,58,https://supportdocs.extremenetworks.com/support/documentation/extremecloud-iq-site-engine-25-05-12/,2026-09-29,2026-09-29
Management and Performance,ExtremeCloud IQ Site Engine,release,,25.08.10,ExtremeCloud IQ - Site Engine 25.08.10,200,29,58,https://supportdocs.extremenetworks.com/support/documentation/extremecloud-iq-site-engine-25-08-10/,2026-09-29,2026-09-29
Management and Performance,ExtremeCloud IQ Site Engine,release,,25.08.11,ExtremeCloud IQ Site Engine - 25.08.11,200,5,58,https://supportdocs.extremenetworks.com/support/documentation/extremecloud-iq-site-engine-25-08-11/,2026-09-29,2026-09-29
Management and Performance,ExtremeCloud IQ Site Engine,release,,25.08.12,ExtremeCloud IQ Site Engine - 25.08.12,200,4,58,https://supportdocs.extremenetworks.com/support/documentation/extremecloud-iq-site-engine-25-08-12/,2026-09-29,2026-09-29
Management and Performance,ExtremeCloud IQ Site Engine,release,,25.08.13,ExtremeCloud IQ Site Engine - 25.08.13,200,2,58,https://supportdocs.extremenetworks.com/support/documentation/extremecloud-iq-site-engine-25-08-13/,2026-09-29,2026-09-29
Management and Performance,ExtremeCloud IQ Site Engine,release,,25.11.10,ExtremeCloud IQ Site Engine - 25.11.10,200,5,58,https://supportdocs.extremenetworks.com/support/documentation/extremecloud-iq-site-engine-25-11-10/,2026-09-29,2026-09-29
Management and Performance,ExtremeCloud IQ Site Engine,release,,25.11.11,ExtremeCloud IQ Site Engine - 25.11.11,200,4,58,https://supportdocs.extremenetworks.com/support/documentation/extremecloud-iq-site-engine-25-11-11/,2026-09-29,2026-09-29
Management and Performance,ExtremeCloud IQ Site Engine,release,,25.11.12,ExtremeCloud IQ Site Engine - 25.11.12,200,5,58,https://supportdocs.extremenetworks.com/support/documentation/extremecloud-iq-site-engine-25-11-12/,2026-09-29,2026-09-29
Management and Performance,ExtremeCloud IQ Site Engine,release,,26.02.10,ExtremeCloud IQ Site Engine - 26.02.10,200,7,58,https://supportdocs.extremenetworks.com/support/documentation/extremecloud-iq-site-engine-26-02-10/,2026-09-29,2026-09-29
Management and Performance,ExtremeCloud IQ Site Engine,release,,26.02.11,ExtremeCloud IQ Site Engine - 26.02.11,200,6,58,https://supportdocs.extremenetworks.com/support/documentation/extremecloud-iq-site-engine-26-02-11/,2026-09-29,2026-09-29
Management and Performance,ExtremeCloud IQ Site Engine,release,,26.02.12,ExtremeCloud IQ Site Engine - 26.02.12,200,4,58,https://supportdocs.extremenetworks.com/support/documentation/extremecloud-iq-site-engine-26-02-12/,2026-09-29,2026-09-29
Management and Performance,ExtremeCloud IQ Site Engine,release,,26.02.13,ExtremeCloud IQ Site Engine - 26.02.13,200,1,58,https://supportdocs.extremenetworks.com/support/documentation/extremecloud-iq-site-engine-26-02-13/,2026-09-29,2026-09-29
Management and Performance,ExtremeCloud IQ Site Engine,release,,26.06.10,ExtremeCloud IQ Site Engine - 26.06.10,200,7,58,https://supportdocs.extremenetworks.com/support/documentation/extremecloud-iq-site-engine-26-06-10/,2026-09-29,2026-09-29
Management and Performance,ExtremeCloud IQ Site Engine,release,,26.06.11,ExtremeCloud IQ Site Engine - 26.06.11,200,4,58,https://supportdocs.extremenetworks.com/support/documentation/extremecloud-iq-site-engine-26-06-11/,2026-09-29,2026-09-29
Management and Performance,ExtremeCloud IQ Site Engine,release,yes,26.08.10,ExtremeCloud IQ Site Engine - 26.08.10,200,9,58,https://supportdocs.extremenetworks.com/support/documentation/extremecloud-iq-site-engine-26-08-10/,2026-09-29,2026-09-29
Management and Performance,ExtremeCloud IQ Site Engine,release,yes,26.08.11,ExtremeCloud IQ Site Engine - 26.08.11,200,3,58,https://supportdocs.extremenetworks.com/support/documentation/extremecloud-iq-site-engine-26-08-11/,2026-09-29,2026-09-29
Management and Performance,ExtremeCloud Orchestrator,entry,yes,4.1.0,ExtremeCloud Orchestrator 4.1.0,200,23,25,https://supportdocs.extremenetworks.com/support/documentation/extremecloud-orchestrator-4-1-0/,2026-09-29,2026-09-29
Management and Performance,ExtremeCloud Orchestrator,release,,3.2.0,ExtremeCloud Orchestrator 3.2.0,200,20,25,https://supportdocs.extremenetworks.com/support/documentation/extremecloud-orchestrator-3-2-0/,2026-09-29,2026-09-29
Management and Performance,ExtremeCloud Orchestrator,release,,3.2.1,ExtremeCloud Orchestrator 3.2.1,200,5,25,https://supportdocs.extremenetworks.com/support/documentation/extremecloud-orchestrator-3-2-1/,2026-09-29,2026-09-29
Management and Performance,ExtremeCloud Orchestrator,release,,3.3.0,ExtremeCloud Orchestrator 3.3.0,200,19,25,https://supportdocs.extremenetworks.com/support/documentation/extremecloud-orchestrator-3-3-0/,2026-09-29,2026-09-29
Management and Performance,ExtremeCloud Orchestrator,release,,3.3.1,ExtremeCloud Orchestrator 3.3.1,200,3,25,https://supportdocs.extremenetworks.com/support/documentation/extremecloud-orchestrator-3-3-1/,2026-09-29,2026-09-29
Management and Performance,ExtremeCloud Orchestrator,release,,3.4.0,ExtremeCloud Orchestrator 3.4.0,200,21,25,https://supportdocs.extremenetworks.com/support/documentation/extremecloud-orchestrator-3-4-0/,2026-09-29,2026-09-29
Management and Performance,ExtremeCloud Orchestrator,release,,3.4.1,ExtremeCloud Orchestrator 3.4.1,200,1,25,https://supportdocs.extremenetworks.com/support/documentation/extremecloud-orchestrator-3-4-1/,2026-09-29,2026-09-29
Management and Performance,ExtremeCloud Orchestrator,release,,3.4.2,"ExtremeCloud Orchestrator, 3.4.2",200,1,25,https://supportdocs.extremenetworks.com/support/documentation/extremecloud-orchestrator-3-4-2/,2026-09-29,2026-09-29
Management and Performance,ExtremeCloud Orchestrator,release,,3.5.0,ExtremeCloud Orchestrator 3.5.0,200,22,25,https://supportdocs.extremenetworks.com/support/documentation/extremecloud-orchestrator-3-5-0/,2026-09-29,2026-09-29
Management and Performance,ExtremeCloud Orchestrator,release,,3.6.0,ExtremeCloud Orchestrator 3.6.0,200,21,25,https://supportdocs.extremenetworks.com/support/documentation/extremecloud-orchestrator-3-6-0/,2026-09-29,2026-09-29
Management and Performance,ExtremeCloud Orchestrator,release,,3.7.0,ExtremeCloud Orchestrator 3.7.0,200,22,25,https://supportdocs.extremenetworks.com/support/documentation/extremecloud-orchestrator-3-7-0/,2026-09-29,2026-09-29
Management and Performance,ExtremeCloud Orchestrator,release,,3.7.1,ExtremeCloud Orchestrator 3.7.1,200,1,25,https://supportdocs.extremenetworks.com/support/documentation/extremecloud-orchestrator-3-7-1/,2026-09-29,2026-09-29
Management and Performance,ExtremeCloud Orchestrator,release,,3.8.0,ExtremeCloud Orchestrator 3.8.0,200,22,25,https://supportdocs.extremenetworks.com/support/documentation/extremecloud-orchestrator-3-8-0/,2026-09-29,2026-09-29
Management and Performance,ExtremeCloud Orchestrator,release,,3.8.1,ExtremeCloud Orchestrator 3.8.1,200,1,25,https://supportdocs.extremenetworks.com/support/documentation/extremecloud-orchestrator-3-8-1/,2026-09-29,2026-09-29
Management and Performance,ExtremeCloud Orchestrator,release,,3.8.2,ExtremeCloud Orchestrator 3.8.2,200,1,25,https://supportdocs.extremenetworks.com/support/documentation/extremecloud-orchestrator-3-8-2/,2026-09-29,2026-09-29
Management and Performance,ExtremeCloud Orchestrator,release,,3.8.3,ExtremeCloud Orchestrator 3.8.3,200,1,25,https://supportdocs.extremenetworks.com/support/documentation/extremecloud-orchestrator-3-8-3/,2026-09-29,2026-09-29
Management and Performance,ExtremeCloud Orchestrator,release,,3.8.4,ExtremeCloud Orchestrator 3.8.4,200,1,25,https://supportdocs.extremenetworks.com/support/documentation/extremecloud-orchestrator-3-8-4/,2026-09-29,2026-09-29
Management and Performance,ExtremeCloud Orchestrator,release,,3.8.5,ExtremeCloud Orchestrator 3.8.5,200,5,25,https://supportdocs.extremenetworks.com/support/documentation/extremecloud-orchestrator-3-8-5/,2026-09-29,2026-09-29
Management and Performance,ExtremeCloud Orchestrator,release,,3.8.6,ExtremeCloud Orchestrator 3.8.6,200,1,25,https://supportdocs.extremenetworks.com/support/documentation/extremecloud-orchestrator-3-8-6/,2026-09-29,2026-09-29
Management and Performance,ExtremeCloud Orchestrator,release,,3.8.7,ExtremeCloud Orchestrator 3.8.7,200,1,25,https://supportdocs.extremenetworks.com/support/documentation/extremecloud-orchestrator-3-8-7/,2026-09-29,2026-09-29
Management and Performance,ExtremeCloud Orchestrator,release,,3.8.8,ExtremeCloud Orchestrator 3.8.8,200,1,25,https://supportdocs.extremenetworks.com/support/documentation/extremecloud-orchestrator-3-8-8/,2026-09-29,2026-09-29
Management and Performance,ExtremeCloud Orchestrator,release,,4.0.2,ExtremeCloud Orchestrator 4.0.2,200,23,25,https://supportdocs.extremenetworks.com/support/documentation/extremecloud-orchestrator-4-0-2/,2026-09-29,2026-09-29
Management and Performance,ExtremeCloud Orchestrator,release,,4.0.3,ExtremeCloud Orchestrator 4.0.3,200,1,25,https://supportdocs.extremenetworks.com/support/documentation/extremecloud-orchestrator-4-0-3/,2026-09-29,2026-09-29
Management and Performance,ExtremeCloud Orchestrator,release,,4.0.4,ExtremeCloud Orchestrator 4.0.4,200,1,25,https://supportdocs.extremenetworks.com/support/documentation/extremecloud-orchestrator-4-0-4/,2026-09-29,2026-09-29
Management and Performance,ExtremeCloud Orchestrator,release,,4.0.5,ExtremeCloud Orchestrator 4.0.5,200,1,25,https://supportdocs.extremenetworks.com/support/documentation/extremecloud-orchestrator-4-0-5/,2026-09-29,2026-09-29
Management and Performance,Fabric Orchestrator,entry,yes,1.2,Fabric Orchestrator - 1.2,200,13,4,https://supportdocs.extremenetworks.com/support/documentation/fabric-orchestrator-1-2/,2026-09-29,2026-09-29
Management and Performance,Fabric Orchestrator,release,,1.0,Fabric Orchestrator - 1.0,200,13,4,https://supportdocs.extremenetworks.com/support/documentation/fabric-orchestrator-1-0/,2026-09-29,2026-09-29
Management and Performance,Fabric Orchestrator,release,,1.1,Fabric Orchestrator - 1.1,200,14,4,https://supportdocs.extremenetworks.com/support/documentation/fabric-orchestrator-1-1/,2026-09-29,2026-09-29
Management and Performance,Fabric Orchestrator,release,,Document Collections,Fabric Orchestrator - Document Collection,200,3,4,https://supportdocs.extremenetworks.com/support/documentation/fabric-orchestrator-document-collection/,2026-09-29,2026-09-29
Routing & Switching,200 Series,entry,yes,1.02.06.0009,200 Series Switches - 1.02.06.0009,200,7,9,https://supportdocs.extremenetworks.com/support/documentation/200-series-switches-1-02-06-0009/,2026-09-29,2026-09-29
Routing & Switching,200 Series,release,,1.01.01,200 Series Switches - 1.01.01,200,7,9,https://supportdocs.extremenetworks.com/support/documentation/200-series-switches-1-01-01/,2026-09-29,2026-09-29
Routing & Switching,200 Series,release,,1.01.02,200 Series Switches - 1.01.02,200,7,9,https://supportdocs.extremenetworks.com/support/documentation/200-series-switches-1-01-02/,2026-09-29,2026-09-29
Routing & Switching,200 Series,release,,200 Series,200 Series,200,7,9,https://supportdocs.extremenetworks.com/support/documentation/200-series/,2026-09-29,2026-09-29
Routing & Switching,200 Series,release,yes,1.02.01.0005,200 Series Switches - 1.02.01.005,200,7,9,https://supportdocs.extremenetworks.com/support/documentation/200-series-switches-1-02-01-005/,2026-09-29,2026-09-29
Routing & Switching,200 Series,release,yes,1.02.02.0003,200 Series Switches - 1.02.02.0003,200,7,9,https://supportdocs.extremenetworks.com/support/documentation/200-series-switches-1-02-02-0003/,2026-09-29,2026-09-29
Routing & Switching,200 Series,release,yes,1.02.03.0005,200 Series Switches - 1.02.03.0005,200,7,9,https://supportdocs.extremenetworks.com/support/documentation/200-series-switches/,2026-09-29,2026-09-29
Routing & Switching,200 Series,release,yes,1.02.04.0007,200 Series Switches - 1.02.04.0007,200,7,9,https://supportdocs.extremenetworks.com/support/documentation/1-02-04-0007/,2026-09-29,2026-09-29
Routing & Switching,200 Series,release,yes,1.02.05.0012,200 Series Switches - 1.02.05.0012,200,7,9,https://supportdocs.extremenetworks.com/support/documentation/200-series-switches-1-02-05-0012/,2026-09-29,2026-09-29
Routing & Switching,4120 Series,entry,yes,4120,4120,200,2,1,https://supportdocs.extremenetworks.com/support/documentation/4120/,2026-09-29,2026-09-29
Routing & Switching,4220 Series,entry,yes,4220,4220,200,4,1,https://supportdocs.extremenetworks.com/support/documentation/4220/,2026-09-29,2026-09-29
Routing & Switching,5120 Series,entry,yes,5120,5120,200,2,1,https://supportdocs.extremenetworks.com/support/documentation/5120/,2026-09-29,2026-09-29
Routing & Switching,5320 Series,entry,yes,5320,5320,200,7,1,https://supportdocs.extremenetworks.com/support/documentation/5320/,2026-09-29,2026-09-29
Routing & Switching,5420 Series,entry,yes,5420,5420,200,9,2,https://supportdocs.extremenetworks.com/support/documentation/5420/,2026-09-29,2026-09-29
Routing & Switching,5420 Series,release,,5420 Series - TCG/TSG,5420 Series - TCG/TSG,200,2,2,https://supportdocs.extremenetworks.com/support/documentation/5420-series-tcg-tsg/,2026-09-29,2026-09-29
Routing & Switching,5520 Series,entry,yes,5520,5520,200,11,2,https://supportdocs.extremenetworks.com/support/documentation/5520/,2026-09-29,2026-09-29
Routing & Switching,5520 Series,release,,TCG/TSG,5520 Series - TCG/TSG,200,2,2,https://supportdocs.extremenetworks.com/support/documentation/5520-series-tcg-tsg/,2026-09-29,2026-09-29
Routing & Switching,5720 Series,entry,yes,5720,5720,200,3,1,https://supportdocs.extremenetworks.com/support/documentation/5720/,2026-09-29,2026-09-29
Routing & Switching,7830 Series,entry,yes,,7830,200,2,1,https://supportdocs.extremenetworks.com/support/documentation/7830/,2026-09-29,2026-09-29
Routing & Switching,8520 Series,entry,yes,,8520,200,2,0,https://supportdocs.extremenetworks.com/support/documentation/8520/,2026-09-29,2026-09-29
Routing & Switching,8720,entry,yes,,8720,200,2,0,https://supportdocs.extremenetworks.com/support/documentation/8720/,2026-09-29,2026-09-29
Routing & Switching,8730,entry,yes,,8730,200,2,1,https://supportdocs.extremenetworks.com/support/documentation/8730/,2026-09-29,2026-09-29
Routing & Switching,8820,entry,yes,,8820,200,2,0,https://supportdocs.extremenetworks.com/support/documentation/8820/,2026-09-29,2026-09-29
Routing & Switching,9920 Network Packet Broker,entry,yes,,Extreme 9920 Hardware,200,3,0,https://supportdocs.extremenetworks.com/support/documentation/extreme-9920-hardware/,2026-09-29,2026-09-29
Routing & Switching,"D, G, I Series SW",entry,yes,,"D, G, I Series SW - 6.61.xx",200,0,0,https://supportdocs.extremenetworks.com/support/documentation/d-g-i-series-sw-6-61-xx/,2026-09-29,2026-09-29
Routing & Switching,E4G Series Routers,entry,yes,,E4G Series Routers,200,1,0,https://supportdocs.extremenetworks.com/support/documentation/e4g-series-routers/,2026-09-29,2026-09-29
Routing & Switching,EOS (software),entry,yes,8.61,EOS - 8.61,200,12,11,https://supportdocs.extremenetworks.com/support/documentation/eos-8-61/,2026-09-29,2026-09-29
Routing & Switching,EOS (software),release,,8.11,EOS - 8.11,200,5,11,https://supportdocs.extremenetworks.com/support/documentation/7100-s-k-series-software-8-11/,2026-09-29,2026-09-29
Routing & Switching,EOS (software),release,,8.12,EOS - 8.12,200,4,11,https://supportdocs.extremenetworks.com/support/documentation/7100-s-k-series-software-8-12/,2026-09-29,2026-09-29
Routing & Switching,EOS (software),release,,8.21,EOS - 8.21,200,2,11,https://supportdocs.extremenetworks.com/support/documentation/7100-s-k-series-software-8-21/,2026-09-29,2026-09-29
Routing & Switching,EOS (software),release,,8.22,EOS - 8.22,200,7,11,https://supportdocs.extremenetworks.com/support/documentation/7100-s-k-series-software-8-22/,2026-09-29,2026-09-29
Routing & Switching,EOS (software),release,,8.31,EOS - 8.31,200,22,11,https://supportdocs.extremenetworks.com/support/documentation/eos-8-31/,2026-09-29,2026-09-29
Routing & Switching,EOS (software),release,,8.32,EOS - 8.32,200,14,11,https://supportdocs.extremenetworks.com/support/documentation/7100sk-series-software-8-32/,2026-09-29,2026-09-29
Routing & Switching,EOS (software),release,,8.41,EOS - 8.41,200,7,11,https://supportdocs.extremenetworks.com/support/documentation/eos-8-41/,2026-09-29,2026-09-29
Routing & Switching,EOS (software),release,,8.42,EOS - 8.42,200,23,11,https://supportdocs.extremenetworks.com/support/documentation/7100-s-k-series-software-8-42/,2026-09-29,2026-09-29
Routing & Switching,EOS (software),release,,8.62,EOS - 8.62,200,19,11,https://supportdocs.extremenetworks.com/support/documentation/7100-s-k-series-software-8-62/,2026-09-29,2026-09-29
Routing & Switching,EOS (software),release,,8.63,EOS - 8.63,200,35,11,https://supportdocs.extremenetworks.com/support/documentation/eos-8-63/,2026-09-29,2026-09-29
Routing & Switching,ERS 3500 Series,entry,,Document Collections,ERS 3500 Series - Document Collections,200,6,5,https://supportdocs.extremenetworks.com/support/documentation/ers-3500-series-document-collections/,2026-09-29,2026-09-29
Routing & Switching,ERS 3500 Series,release,,5.0.x,ERS 3500 Series - 5.0.x,200,4,5,https://supportdocs.extremenetworks.com/support/documentation/ers-3500-series-5-0-x/,2026-09-29,2026-09-29
Routing & Switching,ERS 3500 Series,release,,5.1.x,ERS 3500 Series - 5.1.x,200,14,5,https://supportdocs.extremenetworks.com/support/documentation/ers-3500-series-software-5-1-0/,2026-09-29,2026-09-29
Routing & Switching,ERS 3500 Series,release,,5.2.x,ERS 3500 Series - 5.2.x,200,15,5,https://supportdocs.extremenetworks.com/support/documentation/ers-3500-series-software-5-2-0/,2026-09-29,2026-09-29
Routing & Switching,ERS 3500 Series,release,yes,5.3.x,ERS 3500 Series - 5.3.x,200,48,5,https://supportdocs.extremenetworks.com/support/documentation/ers-3500-series-software-5-3-6/,2026-09-29,2026-09-29
Routing & Switching,ERS 3500 Series (Hardware),entry,yes,5.3.x Hardware,ERS 3500 Series (Hardware) – 5.3.x,200,10,7,https://supportdocs.extremenetworks.com/support/documentation/ers-3500-series-hardware-5-3-x/,2026-09-29,2026-09-29
Routing & Switching,ERS 3500 Series (Hardware),release,,4.3.x Hardware,ERS 3500 Series (Hardware) – 4.3.x,200,1,7,https://supportdocs.extremenetworks.com/support/documentation/ers-3500-series-hardware-4-3-x/,2026-09-29,2026-09-29
Routing & Switching,ERS 3500 Series (Hardware),release,,5.0.x Hardware,ERS 3500 Series (Hardware) – 5.0.x,200,5,7,https://supportdocs.extremenetworks.com/support/documentation/ers-3500-series-hardware-5-0-x/,2026-09-29,2026-09-29
Routing & Switching,ERS 3500 Series (Hardware),release,,5.1.x Hardware,ERS 3500 Series (Hardware) – 5.1.x,200,3,7,https://supportdocs.extremenetworks.com/support/documentation/ers-3500-series-hardware-5-1-x/,2026-09-29,2026-09-29
Routing & Switching,ERS 3500 Series (Hardware),release,,5.2.x Hardware,ERS 3500 Series (Hardware) – 5.2.x,200,4,7,https://supportdocs.extremenetworks.com/support/documentation/ers-3500-series-hardware-5-2-x/,2026-09-29,2026-09-29
Routing & Switching,ERS 3500 Series (Hardware),release,,Hardware Documents,ERS 3500 Series - Other Hardware Documents,200,3,7,https://supportdocs.extremenetworks.com/support/documentation/ers-3500-series-hardware-documents/,2026-09-29,2026-09-29
Routing & Switching,ERS 3500 Series (Hardware),release,,TCG/TSG,ERS 3500 Series - TCG/TSG,200,3,7,https://supportdocs.extremenetworks.com/support/documentation/ers-3500-series-software-tcg-tsg/,2026-09-29,2026-09-29
Routing & Switching,ERS 3600 Series,entry,,Document Collections,ERS 3600 Series - Document Collections,200,5,7,https://supportdocs.extremenetworks.com/support/documentation/ers-3600-series-document-collections/,2026-09-29,2026-09-29
Routing & Switching,ERS 3600 Series,release,,6.0.x,ERS 3600 Series - 6.0.x,200,16,7,https://supportdocs.extremenetworks.com/support/documentation/ers-3600-series-6-0-0/,2026-09-29,2026-09-29
Routing & Switching,ERS 3600 Series,release,,6.1.x,ERS 3600 Series - 6.1.x,200,19,7,https://supportdocs.extremenetworks.com/support/documentation/ers-3600-series-6-1-1/,2026-09-29,2026-09-29
Routing & Switching,ERS 3600 Series,release,,6.2.x,ERS 3600 Series - 6.2.x,200,16,7,https://supportdocs.extremenetworks.com/support/documentation/ers-3600-series-6-2-0/,2026-09-29,2026-09-29
Routing & Switching,ERS 3600 Series,release,,6.3.x,ERS 3600 Series – 6.3.x,200,18,7,https://supportdocs.extremenetworks.com/support/documentation/ers-3600-series-6-3-x/,2026-09-29,2026-09-29
Routing & Switching,ERS 3600 Series,release,,6.4.x,ERS 3600 Series – 6.4.x,200,16,7,https://supportdocs.extremenetworks.com/support/documentation/ers-3600-series-6-4-x/,2026-09-29,2026-09-29
Routing & Switching,ERS 3600 Series,release,yes,6.5.x,ERS 3600 Series – 6.5.x,200,10,7,https://supportdocs.extremenetworks.com/support/documentation/ers-3600-series-6-5-x/,2026-09-29,2026-09-29
Routing & Switching,ERS 3600 Series (Hardware),entry,yes,Hardware Documents,ERS 3600 Series - Other Hardware Documents,200,14,2,https://supportdocs.extremenetworks.com/support/documentation/ers-3600-series-hardware-documents/,2026-09-29,2026-09-29
Routing & Switching,ERS 3600 Series (Hardware),release,,TCG/TSG,ERS 3600 Series - TCG/TSG,200,2,2,https://supportdocs.extremenetworks.com/support/documentation/ers-3600-series-software-tcg-tsg/,2026-09-29,2026-09-29
Routing & Switching,ERS 4000 Series,entry,yes,5.7.3,ERS 4000 Series - 5.7.3,200,1,5,https://supportdocs.extremenetworks.com/support/documentation/ers-4000-series-5-7-3/,2026-09-29,2026-09-29
Routing & Switching,ERS 4000 Series,release,,5.3,ERS 4000 Series - 5.3,200,3,5,https://supportdocs.extremenetworks.com/support/documentation/ers-4000-series-5-3/,2026-09-29,2026-09-29
Routing & Switching,ERS 4000 Series,release,,5.4,ERS 4000 Series - 5.4,200,1,5,https://supportdocs.extremenetworks.com/support/documentation/ers-4000-series-5-4/,2026-09-29,2026-09-29
Routing & Switching,ERS 4000 Series,release,,5.6,ERS 4000 Series - 5.6,200,6,5,https://supportdocs.extremenetworks.com/support/documentation/ers-4000-series-5-6/,2026-09-29,2026-09-29
Routing & Switching,ERS 4000 Series,release,yes,5.7,ERS 4000 Series - 5.7,200,19,5,https://supportdocs.extremenetworks.com/support/documentation/ers-4000-series-5-7/,2026-09-29,2026-09-29
Routing & Switching,ERS 4800 Series,entry,,Document Collections,ERS 4800 - Document Collections,200,5,9,https://supportdocs.extremenetworks.com/support/documentation/ers-4800-document-collections/,2026-09-29,2026-09-29
Routing & Switching,ERS 4800 Series,release,,5.10.x,ERS 4800 Series - 5.10.x,200,15,9,https://supportdocs.extremenetworks.com/support/documentation/ers-4800-series-5-10/,2026-09-29,2026-09-29
Routing & Switching,ERS 4800 Series,release,,5.11.x,ERS 4800 Series - 5.11.x,200,17,9,https://supportdocs.extremenetworks.com/support/documentation/ers-4800-series-5-11-1/,2026-09-29,2026-09-29
Routing & Switching,ERS 4800 Series,release,,5.2,ERS 4800 Series - 5.2,200,1,9,https://supportdocs.extremenetworks.com/support/documentation/ers-4800-series-software-5-2/,2026-09-29,2026-09-29
Routing & Switching,ERS 4800 Series,release,,5.6,ERS 4800 Series - 5.6,200,1,9,https://supportdocs.extremenetworks.com/support/documentation/ers-4800-series-5-6/,2026-09-29,2026-09-29
Routing & Switching,ERS 4800 Series,release,,5.7,ERS 4800 Series - 5.7,200,1,9,https://supportdocs.extremenetworks.com/support/documentation/ers-4800-series-5-7/,2026-09-29,2026-09-29
Routing & Switching,ERS 4800 Series,release,,5.8.x,ERS 4800 Series - 5.8.x,200,28,9,https://supportdocs.extremenetworks.com/support/documentation/ers-4800-series-5-8/,2026-09-29,2026-09-29
Routing & Switching,ERS 4800 Series,release,,5.9.x,ERS 4800 Series - 5.9.x,200,23,9,https://supportdocs.extremenetworks.com/support/documentation/ers-4800-series-5-9/,2026-09-29,2026-09-29
Routing & Switching,ERS 4800 Series,release,yes,5.12.x,ERS 4800 Series - 5.12.x,200,20,9,https://supportdocs.extremenetworks.com/support/documentation/ers-4800-series-5-12/,2026-09-29,2026-09-29
Routing & Switching,ERS 4800 Series (Hardware),entry,yes,Hardware Documents,ERS 4800 Series - Hardware Documents,200,9,2,https://supportdocs.extremenetworks.com/support/documentation/ers-4800-series-hardware/,2026-09-29,2026-09-29
Routing & Switching,ERS 4800 Series (Hardware),release,,TCG/TSG,ERS 4800 Series - TCG/TSG,200,3,2,https://supportdocs.extremenetworks.com/support/documentation/ers-4800-series-software-tcg-tsg/,2026-09-29,2026-09-29
Routing & Switching,ERS 4900 Series (Hardware),entry,yes,Hardware Documents,ERS 4900 Series - Hardware Documents,200,23,1,https://supportdocs.extremenetworks.com/support/documentation/ers-4900-series-hardware-documents/,2026-09-29,2026-09-29
Routing & Switching,ERS 4900 and 5900 Series,entry,,Document Collections,ERS 4900 and 5900 Series - Document Collections,200,6,22,https://supportdocs.extremenetworks.com/support/documentation/ers-4900-and-5900-series-document-collections/,2026-09-29,2026-09-29
Routing & Switching,ERS 4900 and 5900 Series,release,,7.0.x,ERS 4900 and 5900 Series - 7.0.x,200,1,22,https://supportdocs.extremenetworks.com/support/documentation/ers-4900-and-5900-series-software-7-0/,2026-09-29,2026-09-29
Routing & Switching,ERS 4900 and 5900 Series,release,,7.1.x,ERS 4900 and 5900 Series - 7.1.x,200,1,22,https://supportdocs.extremenetworks.com/support/documentation/ers-4900-and-5900-series-software-7-1/,2026-09-29,2026-09-29
Routing & Switching,ERS 4900 and 5900 Series,release,,7.2.x,ERS 4900 and 5900 Series - 7.2.x,200,2,22,https://supportdocs.extremenetworks.com/support/documentation/ers-4900-and-5900-series-software-7-2/,2026-09-29,2026-09-29
Routing & Switching,ERS 4900 and 5900 Series,release,,7.3.x,ERS 4900 and 5900 Series - 7.3.x,200,1,22,https://supportdocs.extremenetworks.com/support/documentation/ers-4900-and-5900-series-software-7-3-0/,2026-09-29,2026-09-29
Routing & Switching,ERS 4900 and 5900 Series,release,,7.4.x,ERS 4900 and 5900 Series - 7.4.x,200,12,22,https://supportdocs.extremenetworks.com/support/documentation/ers-4900-and-5900-series-software-7-4-0/,2026-09-29,2026-09-29
Routing & Switching,ERS 4900 and 5900 Series,release,,7.5.x,ERS 4900 and 5900 Series - 7.5.x,200,14,22,https://supportdocs.extremenetworks.com/support/documentation/ers-4900-and-5900-series-software-7-5-0/,2026-09-29,2026-09-29
Routing & Switching,ERS 4900 and 5900 Series,release,,7.6.x,ERS 4900 and 5900 Series - 7.6.x,200,21,22,https://supportdocs.extremenetworks.com/support/documentation/ers-4900-and-5900-series-software-7-6-0/,2026-09-29,2026-09-29
Routing & Switching,ERS 4900 and 5900 Series,release,,7.7.x,ERS 4900 and 5900 Series - 7.7.x,200,16,22,https://supportdocs.extremenetworks.com/support/documentation/ers-4900-and-5900-series-7-7-x/,2026-09-29,2026-09-29
Routing & Switching,ERS 4900 and 5900 Series,release,,7.8.1,ERS 4900 and 5900 Series – 7.8.1,200,14,22,https://supportdocs.extremenetworks.com/support/documentation/ers-4900-and-5900-series-7-8-1/,2026-09-29,2026-09-29
Routing & Switching,ERS 4900 and 5900 Series,release,,7.8.2,ERS 4900 and 5900 Series – 7.8.2,200,1,22,https://supportdocs.extremenetworks.com/support/documentation/ers-4900-and-5900-series-7-8-2/,2026-09-29,2026-09-29
Routing & Switching,ERS 4900 and 5900 Series,release,,7.8.3,ERS 4900 and 5900 Series - 7.8.3,200,1,22,https://supportdocs.extremenetworks.com/support/documentation/ers-4900-and-5900-series-7-8-3/,2026-09-29,2026-09-29
Routing & Switching,ERS 4900 and 5900 Series,release,,7.8.4,ERS 4900 and 5900 Series - 7.8.4,200,1,22,https://supportdocs.extremenetworks.com/support/documentation/ers-4900-and-5900-series-7-8-4/,2026-09-29,2026-09-29
Routing & Switching,ERS 4900 and 5900 Series,release,,7.8.5,ERS 4900 and 5900 Series - 7.8.5,200,1,22,https://supportdocs.extremenetworks.com/support/documentation/ers-4900-and-5900-series-7-8-5/,2026-09-29,2026-09-29
Routing & Switching,ERS 4900 and 5900 Series,release,,7.8.x,ERS 4900 and 5900 Series – 7.8.x,200,14,22,https://supportdocs.extremenetworks.com/support/documentation/ers-4900-and-5900-series-7-8-x/,2026-09-29,2026-09-29
Routing & Switching,ERS 4900 and 5900 Series,release,yes,7.9.0,ERS 4900 and 5900 Series - 7.9.0,200,1,22,https://supportdocs.extremenetworks.com/support/documentation/ers-4900-and-5900-series-7-9-0/,2026-09-29,2026-09-29
Routing & Switching,ERS 4900 and 5900 Series,release,yes,7.9.1,ERS 4900 and 5900 Series - 7.9.1,200,1,22,https://supportdocs.extremenetworks.com/support/documentation/ers-4900-and-5900-series-7-9-1/,2026-09-29,2026-09-29
Routing & Switching,ERS 4900 and 5900 Series,release,yes,7.9.2,ERS 4900 and 5900 Series - 7.9.2,200,1,22,https://supportdocs.extremenetworks.com/support/documentation/ers-4900-and-5900-series-7-9-2/,2026-09-29,2026-09-29
Routing & Switching,ERS 4900 and 5900 Series,release,yes,7.9.3,ERS 4900 and 5900 Series - 7.9.3,200,1,22,https://supportdocs.extremenetworks.com/support/documentation/ers-4900-and-5900-series-7-9-3/,2026-09-29,2026-09-29
Routing & Switching,ERS 4900 and 5900 Series,release,yes,7.9.4,ERS 4900 and 5900 Series - 7.9.4,200,1,22,https://supportdocs.extremenetworks.com/support/documentation/ers-4900-and-5900-series-7-9-4/,2026-09-29,2026-09-29
Routing & Switching,ERS 4900 and 5900 Series,release,yes,7.9.5,ERS 4900 and 5900 Series - 7.9.5,200,1,22,https://supportdocs.extremenetworks.com/support/documentation/ers-4900-and-5900-series-7-9-5/,2026-09-29,2026-09-29
Routing & Switching,ERS 4900 and 5900 Series,release,yes,7.9.6,ERS 4900 and 5900 Series - 7.9.6,200,1,22,https://supportdocs.extremenetworks.com/support/documentation/ers-4900-and-5900-series-7-9-6/,2026-09-29,2026-09-29
Routing & Switching,ERS 5000 Series,entry,yes,6.6.x,ERS 5000 Series - 6.6.x,200,12,5,https://supportdocs.extremenetworks.com/support/documentation/ers-5000-series-6-6-x/,2026-09-29,2026-09-29
Routing & Switching,ERS 5000 Series,release,,6.2.x,ERS 5000 Series - 6.2.x,200,2,5,https://supportdocs.extremenetworks.com/support/documentation/ers-5000-series-6-2-x/,2026-09-29,2026-09-29
Routing & Switching,ERS 5000 Series,release,,6.3.x,ERS 5000 Series - 6.3.x,200,0,5,https://supportdocs.extremenetworks.com/support/documentation/ers-5000-series-software-6-3-x/,2026-09-29,2026-09-29
Routing & Switching,ERS 5000 Series,release,,Document Collections,ERS 5000 Series - Document Collections,200,2,5,https://supportdocs.extremenetworks.com/support/documentation/ers-5000-series-document-collections/,2026-09-29,2026-09-29
Routing & Switching,ERS 5000 Series,release,,Hardware Documents,ERS 5000 Series - Hardware Documents,200,7,5,https://supportdocs.extremenetworks.com/support/documentation/ers-5000-series-hardware-documents/,2026-09-29,2026-09-29
Routing & Switching,ERS 5900 Series (Hardware),entry,yes,TCG/TSG,ERS 5900 Series - TCG/TSG,200,4,2,https://supportdocs.extremenetworks.com/support/documentation/ers-4900-and-5900-series-software-tcg-tsg/,2026-09-29,2026-09-29
Routing & Switching,ERS 5900 Series (Hardware),release,,Hardware Documents,ERS 5900 Series - Hardware Documents,200,19,2,https://supportdocs.extremenetworks.com/support/documentation/ers-5900-series-hardware-documents/,2026-09-29,2026-09-29
Routing & Switching,ERS Migration,entry,yes,,ERS Migration,200,6,0,https://supportdocs.extremenetworks.com/support/documentation/ers-migration/,2026-09-29,2026-09-29
Routing & Switching,Extreme 7520,entry,yes,,7520,200,3,0,https://supportdocs.extremenetworks.com/support/documentation/7520/,2026-09-29,2026-09-29
Routing & Switching,Extreme 7720,entry,yes,,7720,200,3,0,https://supportdocs.extremenetworks.com/support/documentation/7720/,2026-09-29,2026-09-29
Routing & Switching,Extreme OS ONE Switching and Routing,entry,yes,22.2.3.0,Extreme OS ONE Switching and Routing v22.2.3.0,200,16,4,https://supportdocs.extremenetworks.com/support/documentation/extreme-os-one-switching-and-routing-v22-2-3-0/,2026-09-29,2026-09-29
Routing & Switching,Extreme OS ONE Switching and Routing,release,yes,22.2.0.0,Extreme ONE OS Switching v22.2.0.0,200,12,4,https://supportdocs.extremenetworks.com/support/documentation/extreme-one-os-switching-v22-2-0-0/,2026-09-29,2026-09-29
Routing & Switching,Extreme OS ONE Switching and Routing,release,yes,22.2.1.0,Extreme ONE OS Switching v22.2.1.0,200,16,4,https://supportdocs.extremenetworks.com/support/documentation/extreme-one-os-switching-v22-2-1-0/,2026-09-29,2026-09-29
Routing & Switching,Extreme OS ONE Switching and Routing,release,yes,22.2.2.0,Extreme OS ONE Switching and Routing v22.2.2.0,200,16,4,https://supportdocs.extremenetworks.com/support/documentation/extreme-os-one-switching-and-routing-v22-2-2-0/,2026-09-29,2026-09-29
Routing & Switching,ExtremeXOS,entry,yes,33.7.1,ExtremeXOS 33.7.1,200,7,53,https://supportdocs.extremenetworks.com/support/documentation/extremexos-33-7-1/,2026-09-29,2026-09-29
Routing & Switching,ExtremeXOS,release,,15.1,ExtremeXOS - 15.1,200,1,53,https://supportdocs.extremenetworks.com/support/documentation/extremexos-15-1/,2026-09-29,2026-09-29
Routing & Switching,ExtremeXOS,release,,15.2,ExtremeXOS - 15.2,200,1,53,https://supportdocs.extremenetworks.com/support/documentation/extremexos-15-2/,2026-09-29,2026-09-29
Routing & Switching,ExtremeXOS,release,,15.3,ExtremeXOS - 15.3,200,11,53,https://supportdocs.extremenetworks.com/support/documentation/extremexos-15-3/,2026-09-29,2026-09-29
Routing & Switching,ExtremeXOS,release,,15.4,ExtremeXOS - 15.4,200,1,53,https://supportdocs.extremenetworks.com/support/documentation/extremexos-15-4/,2026-09-29,2026-09-29
Routing & Switching,ExtremeXOS,release,,15.5,ExtremeXOS - 15.5,200,7,53,https://supportdocs.extremenetworks.com/support/documentation/extremexos-15-5/,2026-09-29,2026-09-29
Routing & Switching,ExtremeXOS,release,,15.6,ExtremeXOS - 15.6,200,17,53,https://supportdocs.extremenetworks.com/support/documentation/extremexos-15-6/,2026-09-29,2026-09-29
Routing & Switching,ExtremeXOS,release,,15.7,ExtremeXOS - 15.7,200,7,53,https://supportdocs.extremenetworks.com/support/documentation/extremexos-15-7/,2026-09-29,2026-09-29
Routing & Switching,ExtremeXOS,release,,16.1,ExtremeXOS - 16.1,200,21,53,https://supportdocs.extremenetworks.com/support/documentation/extremexos-16-1/,2026-09-29,2026-09-29
Routing & Switching,ExtremeXOS,release,,16.2,ExtremeXOS - 16.2,200,36,53,https://supportdocs.extremenetworks.com/support/documentation/extremexos-software-16-2/,2026-09-29,2026-09-29
Routing & Switching,ExtremeXOS,release,,21.1,ExtremeXOS - 21.1,200,23,53,https://supportdocs.extremenetworks.com/support/documentation/extremexos-software-21-1/,2026-09-29,2026-09-29
Routing & Switching,ExtremeXOS,release,,22.1,ExtremeXOS - 22.1,200,6,53,https://supportdocs.extremenetworks.com/support/documentation/extremexos-software-22-1/,2026-09-29,2026-09-29
Routing & Switching,ExtremeXOS,release,,22.2,ExtremeXOS - 22.2,200,7,53,https://supportdocs.extremenetworks.com/support/documentation/extremexos-software-22-2/,2026-09-29,2026-09-29
Routing & Switching,ExtremeXOS,release,,22.3,ExtremeXOS - 22.3,200,9,53,https://supportdocs.extremenetworks.com/support/documentation/extremexos-software-22-3/,2026-09-29,2026-09-29
Routing & Switching,ExtremeXOS,release,,22.4,ExtremeXOS - 22.4,200,9,53,https://supportdocs.extremenetworks.com/support/documentation/extremexos-software-22-4/,2026-09-29,2026-09-29
Routing & Switching,ExtremeXOS,release,,22.5,ExtremeXOS - 22.5,200,10,53,https://supportdocs.extremenetworks.com/support/documentation/extremexos-software-22-5/,2026-09-29,2026-09-29
Routing & Switching,ExtremeXOS,release,,22.6,ExtremeXOS - 22.6,200,8,53,https://supportdocs.extremenetworks.com/support/documentation/extremexos-22-6/,2026-09-29,2026-09-29
Routing & Switching,ExtremeXOS,release,,22.7,ExtremeXOS 22.7,200,23,53,https://supportdocs.extremenetworks.com/support/documentation/extremexos-22-7/,2026-09-29,2026-09-29
Routing & Switching,ExtremeXOS,release,,30.1,ExtremeXOS 30.1,200,5,53,https://supportdocs.extremenetworks.com/support/documentation/extremexos-30-1/,2026-09-29,2026-09-29
Routing & Switching,ExtremeXOS,release,,30.2,ExtremeXOS 30.2,200,5,53,https://supportdocs.extremenetworks.com/support/documentation/extremexos-30-2/,2026-09-29,2026-09-29
Routing & Switching,ExtremeXOS,release,,30.2.2,ExtremeXOS 30.2.2,200,4,53,https://supportdocs.extremenetworks.com/support/documentation/extremexos-30-2-2/,2026-09-29,2026-09-29
Routing & Switching,ExtremeXOS,release,,30.3,ExtremeXOS 30.3,200,5,53,https://supportdocs.extremenetworks.com/support/documentation/extremexos-30-3/,2026-09-29,2026-09-29
Routing & Switching,ExtremeXOS,release,,30.4,ExtremeXOS 30.4,200,5,53,https://supportdocs.extremenetworks.com/support/documentation/extremexos-30-4/,2026-09-29,2026-09-29
Routing & Switching,ExtremeXOS,release,,30.5,ExtremeXOS 30.5,200,5,53,https://supportdocs.extremenetworks.com/support/documentation/extremexos-30-5/,2026-09-29,2026-09-29
Routing & Switching,ExtremeXOS,release,,30.6,ExtremeXOS 30.6,200,10,53,https://supportdocs.extremenetworks.com/support/documentation/extremexos-30-6/,2026-09-29,2026-09-29
Routing & Switching,ExtremeXOS,release,,30.7,ExtremeXOS 30.7,200,18,53,https://supportdocs.extremenetworks.com/support/documentation/extremexos-30-7/,2026-09-29,2026-09-29
Routing & Switching,ExtremeXOS,release,,31.1,ExtremeXOS 31.1,200,9,53,https://supportdocs.extremenetworks.com/support/documentation/extremexos-31-1/,2026-09-29,2026-09-29
Routing & Switching,ExtremeXOS,release,,31.2,ExtremeXOS 31.2,200,11,53,https://supportdocs.extremenetworks.com/support/documentation/extremexos-31-2/,2026-09-29,2026-09-29
Routing & Switching,ExtremeXOS,release,,31.3,ExtremeXOS 31.3,200,13,53,https://supportdocs.extremenetworks.com/support/documentation/extremexos-31-3/,2026-09-29,2026-09-29
Routing & Switching,ExtremeXOS,release,,31.4,ExtremeXOS 31.4,200,10,53,https://supportdocs.extremenetworks.com/support/documentation/extremexos-31-4/,2026-09-29,2026-09-29
Routing & Switching,ExtremeXOS,release,,31.5,ExtremeXOS 31.5,200,9,53,https://supportdocs.extremenetworks.com/support/documentation/extremexos-31-5/,2026-09-29,2026-09-29
Routing & Switching,ExtremeXOS,release,,31.6,ExtremeXOS 31.6,200,10,53,https://supportdocs.extremenetworks.com/support/documentation/extremexos-31-6/,2026-09-29,2026-09-29
Routing & Switching,ExtremeXOS,release,,31.7,ExtremeXOS 31.7,200,29,53,https://supportdocs.extremenetworks.com/support/documentation/extremexos-31-7/,2026-09-29,2026-09-29
Routing & Switching,ExtremeXOS,release,,32.1,ExtremeXOS 32.1,200,8,53,https://supportdocs.extremenetworks.com/support/documentation/extremexos-32-1/,2026-09-29,2026-09-29
Routing & Switching,ExtremeXOS,release,,32.2,ExtremeXOS 32.2,200,5,53,https://supportdocs.extremenetworks.com/support/documentation/extremexos-32-2/,2026-09-29,2026-09-29
Routing & Switching,ExtremeXOS,release,,32.3,ExtremeXOS 32.3,200,6,53,https://supportdocs.extremenetworks.com/support/documentation/extremexos-32-3/,2026-09-29,2026-09-29
Routing & Switching,ExtremeXOS,release,,32.4,ExtremeXOS 32.4,200,6,53,https://supportdocs.extremenetworks.com/support/documentation/extremexos-32-4/,2026-09-29,2026-09-29
Routing & Switching,ExtremeXOS,release,,32.5,ExtremeXOS 32.5,200,9,53,https://supportdocs.extremenetworks.com/support/documentation/extremexos-32-5/,2026-09-29,2026-09-29
Routing & Switching,ExtremeXOS,release,,32.6.1,ExtremeXOS 32.6.1,200,7,53,https://supportdocs.extremenetworks.com/support/documentation/extremexos-32-6-1/,2026-09-29,2026-09-29
Routing & Switching,ExtremeXOS,release,,32.6.3,ExtremeXOS 32.6.3,200,6,53,https://supportdocs.extremenetworks.com/support/documentation/extremexos-32-6-3/,2026-09-29,2026-09-29
Routing & Switching,ExtremeXOS,release,,32.7.1,ExtremeXOS 32.7.1,200,10,53,https://supportdocs.extremenetworks.com/support/documentation/extremexos-32-7-1/,2026-09-29,2026-09-29
Routing & Switching,ExtremeXOS,release,,32.7.2,ExtremeXOS 32.7.2,200,3,53,https://supportdocs.extremenetworks.com/support/documentation/extremexos-32-7-2/,2026-09-29,2026-09-29
Routing & Switching,ExtremeXOS,release,,32.7.3,ExtremeXOS 32.7.3,200,5,53,https://supportdocs.extremenetworks.com/support/documentation/extremexos-32-7-3/,2026-09-29,2026-09-29
Routing & Switching,ExtremeXOS,release,,32.7.4,ExtremeXOS 32.7.4,200,2,53,https://supportdocs.extremenetworks.com/support/documentation/extremexos-32-7-4/,2026-09-29,2026-09-29
Routing & Switching,ExtremeXOS,release,,33.1.1,ExtremeXOS 33.1.1,200,6,53,https://supportdocs.extremenetworks.com/support/documentation/extremexos-33-1-1/,2026-09-29,2026-09-29
Routing & Switching,ExtremeXOS,release,,33.2.1,ExtremeXOS 33.2.1,200,5,53,https://supportdocs.extremenetworks.com/support/documentation/extremexos-33-2-1/,2026-09-29,2026-09-29
Routing & Switching,ExtremeXOS,release,,33.3.1,ExtremeXOS 33.3.1,200,6,53,https://supportdocs.extremenetworks.com/support/documentation/extremexos-33-3-1/,2026-09-29,2026-09-29
Routing & Switching,ExtremeXOS,release,,33.4.1,ExtremeXOS 33.4.1,200,6,53,https://supportdocs.extremenetworks.com/support/documentation/extremexos-33-4-1/,2026-09-29,2026-09-29
Routing & Switching,ExtremeXOS,release,,33.5.1,ExtremeXOS 33.5.1,200,5,53,https://supportdocs.extremenetworks.com/support/documentation/extremexos-33-5-1/,2026-09-29,2026-09-29
Routing & Switching,ExtremeXOS,release,,33.5.2,ExtremeXOS 33.5.2,200,3,53,https://supportdocs.extremenetworks.com/support/documentation/extremexos-33-5-2/,2026-09-29,2026-09-29
Routing & Switching,ExtremeXOS,release,,33.6.1,ExtremeXOS 33.6.1,200,5,53,https://supportdocs.extremenetworks.com/support/documentation/extremexos-33-6-1/,2026-09-29,2026-09-29
Routing & Switching,ExtremeXOS,release,,ExtremeXOS,ExtremeXOS,200,19,53,https://supportdocs.extremenetworks.com/support/documentation/extremexos-software/,2026-09-29,2026-09-29
Routing & Switching,ExtremeXOS,release,,Related Documents,ExtremeXOS - Related Documents,200,3,53,https://supportdocs.extremenetworks.com/support/documentation/extremexos-related-documents/,2026-09-29,2026-09-29
Routing & Switching,Fabric Engine,entry,,Document Collection,Fabric Engine - Document Collections,200,11,46,https://supportdocs.extremenetworks.com/support/documentation/fabric-engine-document-collections/,2026-09-29,2026-09-29
Routing & Switching,Fabric Engine,release,,8.10.0,Fabric Engine - 8.10.0,200,7,46,https://supportdocs.extremenetworks.com/support/documentation/fabric-engine-8-10-0/,2026-09-29,2026-09-29
Routing & Switching,Fabric Engine,release,,8.10.1.0,Fabric Engine - 8.10.1.0,200,1,46,https://supportdocs.extremenetworks.com/support/documentation/fabric-engine-8-10-1-0/,2026-09-29,2026-09-29
Routing & Switching,Fabric Engine,release,,8.10.2.0,Fabric Engine - 8.10.2.0,200,1,46,https://supportdocs.extremenetworks.com/support/documentation/fabric-engine-8-10-2-0/,2026-09-29,2026-09-29
Routing & Switching,Fabric Engine,release,,8.10.3.0,Fabric Engine - 8.10.3.0,200,1,46,https://supportdocs.extremenetworks.com/support/documentation/fabric-engine-8-10-3-0/,2026-09-29,2026-09-29
Routing & Switching,Fabric Engine,release,,8.10.4.0,Fabric Engine - 8.10.4.0,200,1,46,https://supportdocs.extremenetworks.com/support/documentation/fabric-engine-8-10-4-0/,2026-09-29,2026-09-29
Routing & Switching,Fabric Engine,release,,8.10.5.0,Fabric Engine - 8.10.5.0,200,1,46,https://supportdocs.extremenetworks.com/support/documentation/fabric-engine-8-10-5-0/,2026-09-29,2026-09-29
Routing & Switching,Fabric Engine,release,,8.10.6.0,Fabric Engine - 8.10.6.0,200,1,46,https://supportdocs.extremenetworks.com/support/documentation/fabric-engine-8-10-6-0/,2026-09-29,2026-09-29
Routing & Switching,Fabric Engine,release,,8.10.6.1,Fabric Engine - 8.10.6.1,200,1,46,https://supportdocs.extremenetworks.com/support/documentation/fabric-engine-8-10-6-1/,2026-09-29,2026-09-29
Routing & Switching,Fabric Engine,release,,8.10.7.0,Fabric Engine - 8.10.7.0,200,1,46,https://supportdocs.extremenetworks.com/support/documentation/fabric-engine-8-10-7-0/,2026-09-29,2026-09-29
Routing & Switching,Fabric Engine,release,,8.6.0,Fabric Engine - 8.6.0,200,7,46,https://supportdocs.extremenetworks.com/support/documentation/fabric-engine-8-6-0/,2026-09-29,2026-09-29
Routing & Switching,Fabric Engine,release,,8.6.0.1,Fabric Engine - 8.6.0.1,200,1,46,https://supportdocs.extremenetworks.com/support/documentation/fabric-engine-8-6-0-1/,2026-09-29,2026-09-29
Routing & Switching,Fabric Engine,release,,8.6.1.0,Fabric Engine - 8.6.1.0,200,1,46,https://supportdocs.extremenetworks.com/support/documentation/fabric-engine-8-6-1-0/,2026-09-29,2026-09-29
Routing & Switching,Fabric Engine,release,,8.6.1.1,Fabric Engine - 8.6.1.1,200,1,46,https://supportdocs.extremenetworks.com/support/documentation/fabric-engine-8-6-1-1/,2026-09-29,2026-09-29
Routing & Switching,Fabric Engine,release,,8.6.1.2,Fabric Engine - 8.6.1.2,200,1,46,https://supportdocs.extremenetworks.com/support/documentation/fabric-engine-8-6-1-2/,2026-09-29,2026-09-29
Routing & Switching,Fabric Engine,release,,8.7.0,Fabric Engine - 8.7.0,200,7,46,https://supportdocs.extremenetworks.com/support/documentation/fabric-engine-8-7-0/,2026-09-29,2026-09-29
Routing & Switching,Fabric Engine,release,,8.7.0.1,Fabric Engine - 8.7.0.1,200,1,46,https://supportdocs.extremenetworks.com/support/documentation/fabric-engine-8-7-0-1/,2026-09-29,2026-09-29
Routing & Switching,Fabric Engine,release,,8.8.0,Fabric Engine - 8.8.0,200,7,46,https://supportdocs.extremenetworks.com/support/documentation/fabric-engine-8-8-0/,2026-09-29,2026-09-29
Routing & Switching,Fabric Engine,release,,8.8.1.0,Fabric Engine - 8.8.1.0,200,1,46,https://supportdocs.extremenetworks.com/support/documentation/fabric-engine-8-8-1-0/,2026-09-29,2026-09-29
Routing & Switching,Fabric Engine,release,,8.8.2.0,Fabric Engine - 8.8.2.0,200,1,46,https://supportdocs.extremenetworks.com/support/documentation/fabric-engine-8-8-2-0/,2026-09-29,2026-09-29
Routing & Switching,Fabric Engine,release,,8.8.3.0,Fabric Engine - 8.8.3.0,200,1,46,https://supportdocs.extremenetworks.com/support/documentation/fabric-engine-8-8-3-0/,2026-09-29,2026-09-29
Routing & Switching,Fabric Engine,release,,8.9.0,Fabric Engine - 8.9.0,200,7,46,https://supportdocs.extremenetworks.com/support/documentation/fabric-engine-8-9-0/,2026-09-29,2026-09-29
Routing & Switching,Fabric Engine,release,,9.0.0,Fabric Engine - 9.0.0,200,6,46,https://supportdocs.extremenetworks.com/support/documentation/fabric-engine-9-0-0/,2026-09-29,2026-09-29
Routing & Switching,Fabric Engine,release,,9.0.2,Fabric Engine - 9.0.2,200,6,46,https://supportdocs.extremenetworks.com/support/documentation/fabric-engine-9-0-2/,2026-09-29,2026-09-29
Routing & Switching,Fabric Engine,release,,9.0.3,Fabric Engine - 9.0.3,200,1,46,https://supportdocs.extremenetworks.com/support/documentation/fabric-engine-9-0-3/,2026-09-29,2026-09-29
Routing & Switching,Fabric Engine,release,,9.0.4.0,Fabric Engine - 9.0.4.0,200,1,46,https://supportdocs.extremenetworks.com/support/documentation/fabric-engine-9-0-4-0/,2026-09-29,2026-09-29
Routing & Switching,Fabric Engine,release,,9.0.5.0,Fabric Engine - 9.0.5.0,200,1,46,https://supportdocs.extremenetworks.com/support/documentation/fabric-engine-9-0-5-0/,2026-09-29,2026-09-29
Routing & Switching,Fabric Engine,release,,9.0.5.1,Fabric Engine - 9.0.5.1,200,1,46,https://supportdocs.extremenetworks.com/support/documentation/fabric-engine-9-0-5-1/,2026-09-29,2026-09-29
Routing & Switching,Fabric Engine,release,,9.1.0,Fabric Engine - 9.1.0,200,7,46,https://supportdocs.extremenetworks.com/support/documentation/fabric-engine-9-1-0/,2026-09-29,2026-09-29
Routing & Switching,Fabric Engine,release,,9.1.0.1,Fabric Engine - 9.1.0.1,200,1,46,https://supportdocs.extremenetworks.com/support/documentation/fabric-engine-9-1-0-1/,2026-09-29,2026-09-29
Routing & Switching,Fabric Engine,release,,9.1.1.0,Fabric Engine - 9.1.1.0,200,1,46,https://supportdocs.extremenetworks.com/support/documentation/fabric-engine-9-1-1-0/,2026-09-29,2026-09-29
Routing & Switching,Fabric Engine,release,,9.1.100.0,Fabric Engine - 9.1.100.0,200,1,46,https://supportdocs.extremenetworks.com/support/documentation/fabric-engine-9-1-100-0/,2026-09-29,2026-09-29
Routing & Switching,Fabric Engine,release,,9.1.2.0,Fabric Engine - 9.1.2.0,200,1,46,https://supportdocs.extremenetworks.com/support/documentation/fabric-engine-9-1-2-0/,2026-09-29,2026-09-29
Routing & Switching,Fabric Engine,release,,9.1.3.0,Fabric Engine - 9.1.3.0,200,1,46,https://supportdocs.extremenetworks.com/support/documentation/fabric-engine-9-1-3-0/,2026-09-29,2026-09-29
Routing & Switching,Fabric Engine,release,,9.2.0,Fabric Engine - 9.2.0,200,7,46,https://supportdocs.extremenetworks.com/support/documentation/fabric-engine-9-2-0/,2026-09-29,2026-09-29
Routing & Switching,Fabric Engine,release,,9.2.1.1,Fabric Engine - 9.2.1.1,200,1,46,https://supportdocs.extremenetworks.com/support/documentation/fabric-engine-9-2-1-1/,2026-09-29,2026-09-29
Routing & Switching,Fabric Engine,release,,9.2.2.0,Fabric Engine - 9.2.2.0,200,1,46,https://supportdocs.extremenetworks.com/support/documentation/fabric-engine-9-2-2-0/,2026-09-29,2026-09-29
Routing & Switching,Fabric Engine,release,,9.2.3.0,Fabric Engine - 9.2.3.0,200,1,46,https://supportdocs.extremenetworks.com/support/documentation/fabric-engine-9-2-3-0/,2026-09-29,2026-09-29
Routing & Switching,Fabric Engine,release,,9.3.0,Fabric Engine - 9.3.0,200,7,46,https://supportdocs.extremenetworks.com/support/documentation/fabric-engine-9-3-0/,2026-09-29,2026-09-29
Routing & Switching,Fabric Engine,release,,9.3.1.0,Fabric Engine - 9.3.1.0,200,1,46,https://supportdocs.extremenetworks.com/support/documentation/fabric-engine-9-3-1-0/,2026-09-29,2026-09-29
Routing & Switching,Fabric Engine,release,,9.3.2.0,Fabric Engine - 9.3.2.0,200,1,46,https://supportdocs.extremenetworks.com/support/documentation/fabric-engine-9-3-2-0/,2026-09-29,2026-09-29
Routing & Switching,Fabric Engine,release,,9.3.3.0,Fabric Engine - 9.3.3.0,200,1,46,https://supportdocs.extremenetworks.com/support/documentation/fabric-engine-9-3-3-0/,2026-09-29,2026-09-29
Routing & Switching,Fabric Engine,release,,9.3.4.0,Fabric Engine - 9.3.4.0,200,1,46,https://supportdocs.extremenetworks.com/support/documentation/fabric-engine-9-3-4-0/,2026-09-29,2026-09-29
Routing & Switching,Fabric Engine,release,,TCG/TSG,Fabric Engine - TSGs/TCGs,200,6,46,https://supportdocs.extremenetworks.com/support/documentation/fabric-engine-tsgs-tcgs/,2026-09-29,2026-09-29
Routing & Switching,Fabric Engine,release,yes,9.4.0,Fabric Engine - 9.4.0,200,6,46,https://supportdocs.extremenetworks.com/support/documentation/fabric-engine-9-4-0/,2026-09-29,2026-09-29
Routing & Switching,Fabric Engine,release,yes,9.4.1.0,Fabric Engine - 9.4.1.0,200,1,46,https://supportdocs.extremenetworks.com/support/documentation/fabric-engine-9-4-1-0/,2026-09-29,2026-09-29
Routing & Switching,ISW Series Industrial Switches (Hardware),entry,yes,,ISW Series Industrial Switches (Hardware),200,2,0,https://supportdocs.extremenetworks.com/support/documentation/isw-series-industrial-switches-hardware-2/,2026-09-29,2026-09-29
Routing & Switching,ISW Series Industrial Switches (Software),entry,yes,01.01.04.0001 – ISW 168xx,01.01.04.0001 – ISW 168xx,200,1,2,https://supportdocs.extremenetworks.com/support/documentation/isw-series-industrial-switches-software-2/,2026-09-29,2026-09-29
Routing & Switching,ISW Series Industrial Switches (Software),release,,00.00.01.0004 – ISW-24W-4X,00.00.01.0004 – ISW-24W-4X,200,2,2,https://supportdocs.extremenetworks.com/support/documentation/isw-series-industrial-switches-software-4/,2026-09-29,2026-09-29
Routing & Switching,Industrial Switches,entry,yes,1.0,Industrial Switches,200,7,1,https://supportdocs.extremenetworks.com/support/documentation/industrial-switches/,2026-09-29,2026-09-29
Routing & Switching,K-Series,entry,yes,1.0,K-Series,200,17,1,https://supportdocs.extremenetworks.com/support/documentation/k-series/,2026-09-29,2026-09-29
Routing & Switching,LRM/MACsec Adapter,entry,yes,,LRM/MACSec Adapter,200,2,0,https://supportdocs.extremenetworks.com/support/documentation/lrm-macsec-adapter/,2026-09-29,2026-09-29
Routing & Switching,"NetIron (CES, CER & MLX Series)",entry,yes,1.0,"NetIron (CES, CER & MLX Series)",200,12,2,https://supportdocs.extremenetworks.com/support/documentation/netiron-ces-cer-mlx-series/,2026-09-29,2026-09-29
Routing & Switching,"NetIron (CES, CER & MLX Series)",release,,,NetIron (hardware),200,3,2,https://supportdocs.extremenetworks.com/support/documentation/netiron-hw/,2026-09-29,2026-09-29
Routing & Switching,NetIron (software),entry,,,NetIron (software) - 6.3.00m,200,0,57,https://supportdocs.extremenetworks.com/support/documentation/netiron-software-6-3-00m/,2026-09-29,2026-09-29
Routing & Switching,NetIron (software),release,,06.1.00a,NetIron (software) - 06.1.00a,200,1,57,https://supportdocs.extremenetworks.com/support/documentation/netiron-software-06-1-00a/,2026-09-29,2026-09-29
Routing & Switching,NetIron (software),release,,5.4.00d,NetIron (software) - 5.4.00d,200,1,57,https://supportdocs.extremenetworks.com/support/documentation/netiron-sw-5-4-00d/,2026-09-29,2026-09-29
Routing & Switching,NetIron (software),release,,5.4.00e,NetIron (software) - 5.4.00e,200,1,57,https://supportdocs.extremenetworks.com/support/documentation/netiron-sw-5-4-00e/,2026-09-29,2026-09-29
Routing & Switching,NetIron (software),release,,5.4.00f,NetIron (software) - 5.4.00f,200,1,57,https://supportdocs.extremenetworks.com/support/documentation/netiron-sw-5-4-00f/,2026-09-29,2026-09-29
Routing & Switching,NetIron (software),release,,5.4.00g,NetIron (software) - 5.4.00g,200,1,57,https://supportdocs.extremenetworks.com/support/documentation/netiron-sw-5-4-00g/,2026-09-29,2026-09-29
Routing & Switching,NetIron (software),release,,5.5.00c,NetIron (software) - 5.5.00c,200,1,57,https://supportdocs.extremenetworks.com/support/documentation/netiron-sw-5-5-00c/,2026-09-29,2026-09-29
Routing & Switching,NetIron (software),release,,5.5.00d,NetIron (software) - 5.5.00d,200,1,57,https://supportdocs.extremenetworks.com/support/documentation/netiron-sw-5-5-00d/,2026-09-29,2026-09-29
Routing & Switching,NetIron (software),release,,5.5.00e,NetIron (software) - 5.5.00e,200,1,57,https://supportdocs.extremenetworks.com/support/documentation/netiron-sw-5-5-00e/,2026-09-29,2026-09-29
Routing & Switching,NetIron (software),release,,5.6.00,NetIron (software) - 5.6.00,200,11,57,https://supportdocs.extremenetworks.com/support/documentation/netiron-sw-5-6-00-2/,2026-09-29,2026-09-29
Routing & Switching,NetIron (software),release,,5.6.00a,NetIron (software) - 5.6.00a,200,3,57,https://supportdocs.extremenetworks.com/support/documentation/netiron-sw-5-6-00/,2026-09-29,2026-09-29
Routing & Switching,NetIron (software),release,,5.6.00b,NetIron (software) - 5.6.00b,200,1,57,https://supportdocs.extremenetworks.com/support/documentation/netiron-sw-5-6-00b/,2026-09-29,2026-09-29
Routing & Switching,NetIron (software),release,,5.6.00c,NetIron (software) - 5.6.00c,200,1,57,https://supportdocs.extremenetworks.com/support/documentation/netiron-sw-5-6-00c/,2026-09-29,2026-09-29
Routing & Switching,NetIron (software),release,,5.6.00d,NetIron (software) - 5.6.00d,200,1,57,https://supportdocs.extremenetworks.com/support/documentation/netiron-sw-5-6-00d/,2026-09-29,2026-09-29
Routing & Switching,NetIron (software),release,,5.6.00f,NetIron (software) - 5.6.00f,200,1,57,https://supportdocs.extremenetworks.com/support/documentation/netiron-sw-5-6-00f/,2026-09-29,2026-09-29
Routing & Switching,NetIron (software),release,,5.6.00g,NetIron (software) - 5.6.00g,200,1,57,https://supportdocs.extremenetworks.com/support/documentation/netiron-sw-5-6-00g/,2026-09-29,2026-09-29
Routing & Switching,NetIron (software),release,,5.6.00h,NetIron (software) - 5.6.00h,200,1,57,https://supportdocs.extremenetworks.com/support/documentation/netiron-sw-5-6-00h/,2026-09-29,2026-09-29
Routing & Switching,NetIron (software),release,,5.7.00,NetIron (software) - 5.7.00,200,1,57,https://supportdocs.extremenetworks.com/support/documentation/netiron-sw-5-7-00/,2026-09-29,2026-09-29
Routing & Switching,NetIron (software),release,,5.7.00b,NetIron (software) - 5.7.00b,200,4,57,https://supportdocs.extremenetworks.com/support/documentation/netiron-sw-5-7-00b/,2026-09-29,2026-09-29
Routing & Switching,NetIron (software),release,,5.7.00d,NetIron (software) - 5.7.00d,200,3,57,https://supportdocs.extremenetworks.com/support/documentation/netiron-sw-5-7-00d/,2026-09-29,2026-09-29
Routing & Switching,NetIron (software),release,,5.7.00f,NetIron (software) - 5.7.00f,200,2,57,https://supportdocs.extremenetworks.com/support/documentation/netiron-sw-5-7-00f/,2026-09-29,2026-09-29
Routing & Switching,NetIron (software),release,,5.8.00a,NetIron (software) - 5.8.00a,200,6,57,https://supportdocs.extremenetworks.com/support/documentation/netiron-sw-5-8-00a/,2026-09-29,2026-09-29
Routing & Switching,NetIron (software),release,,5.8.00b,NetIron (software) - 5.8.00b,200,13,57,https://supportdocs.extremenetworks.com/support/documentation/netiron-sw-5-8-00b/,2026-09-29,2026-09-29
Routing & Switching,NetIron (software),release,,5.8.00c,NetIron (software) - 5.8.00c,200,1,57,https://supportdocs.extremenetworks.com/support/documentation/netiron-sw-5-8-00c/,2026-09-29,2026-09-29
Routing & Switching,NetIron (software),release,,5.8.00d,NetIron (software) - 5.8.00d,200,4,57,https://supportdocs.extremenetworks.com/support/documentation/netiron-sw-5-8-00d/,2026-09-29,2026-09-29
Routing & Switching,NetIron (software),release,,5.8.00e,NetIron (software) - 5.8.00e,200,6,57,https://supportdocs.extremenetworks.com/support/documentation/netiron-sw-5-8-00e/,2026-09-29,2026-09-29
Routing & Switching,NetIron (software),release,,5.9.00,NetIron (software) - 5.9.00,200,17,57,https://supportdocs.extremenetworks.com/support/documentation/netiron-sw-5-9-00/,2026-09-29,2026-09-29
Routing & Switching,NetIron (software),release,,5.9.00a,NetIron (software) - 5.9.00a,200,10,57,https://supportdocs.extremenetworks.com/support/documentation/netiron-sw-5-9-00a/,2026-09-29,2026-09-29
Routing & Switching,NetIron (software),release,,5.9.00aa,NetIron (software) - 5.9.00aa,200,2,57,https://supportdocs.extremenetworks.com/support/documentation/netiron-sw-5-9-00aa/,2026-09-29,2026-09-29
Routing & Switching,NetIron (software),release,,5.9.00b,NetIron (software) - 5.9.00b,200,7,57,https://supportdocs.extremenetworks.com/support/documentation/netiron-sw-5-9-00b/,2026-09-29,2026-09-29
Routing & Switching,NetIron (software),release,,6.0.00,NetIron (software) - 6.0.00,200,15,57,https://supportdocs.extremenetworks.com/support/documentation/netiron-software-6-0-00/,2026-09-29,2026-09-29
Routing & Switching,NetIron (software),release,,6.0.00a,NetIron (software) - 6.0.00a,200,12,57,https://supportdocs.extremenetworks.com/support/documentation/netiron-software-6-0-00a/,2026-09-29,2026-09-29
Routing & Switching,NetIron (software),release,,6.0.00ab,NetIron (software) – 6.0.00ab,200,1,57,https://supportdocs.extremenetworks.com/support/documentation/netiron-6-0-00ab/,2026-09-29,2026-09-29
Routing & Switching,NetIron (software),release,,6.0.00b,NetIron (software) - 6.0.00b,200,8,57,https://supportdocs.extremenetworks.com/support/documentation/netiron-software-6-0-00b/,2026-09-29,2026-09-29
Routing & Switching,NetIron (software),release,,6.0.00c,NetIron (software) - 6.0.00c,200,3,57,https://supportdocs.extremenetworks.com/support/documentation/netiron-software-6-0-00c/,2026-09-29,2026-09-29
Routing & Switching,NetIron (software),release,,6.0.00d,NetIron (software) - 6.0.00d,200,1,57,https://supportdocs.extremenetworks.com/support/documentation/ni-os-06-0-00d/,2026-09-29,2026-09-29
Routing & Switching,NetIron (software),release,,6.0.00e,NetIron (software) - 6.0.00e,200,1,57,https://supportdocs.extremenetworks.com/support/documentation/netiron-software-6-0-00e/,2026-09-29,2026-09-29
Routing & Switching,NetIron (software),release,,6.0.00f,NetIron (software) - 6.0.00f,200,2,57,https://supportdocs.extremenetworks.com/support/documentation/netiron-software-6-0-00f/,2026-09-29,2026-09-29
Routing & Switching,NetIron (software),release,,6.0.00g,NetIron (software) - 6.0.00g,200,6,57,https://supportdocs.extremenetworks.com/support/documentation/netiron-software-6-0-00g/,2026-09-29,2026-09-29
Routing & Switching,NetIron (software),release,,6.0.00h,NetIron (software) - 6.0.00h,200,5,57,https://supportdocs.extremenetworks.com/support/documentation/netiron-software-6-0-00h/,2026-09-29,2026-09-29
Routing & Switching,NetIron (software),release,,6.0.00j,NetIron (software) - 6.0.00j,200,1,57,https://supportdocs.extremenetworks.com/support/documentation/netiron-software-6-0-00j/,2026-09-29,2026-09-29
Routing & Switching,NetIron (software),release,,6.1.00,NetIron (software) - 6.1.00,200,16,57,https://supportdocs.extremenetworks.com/support/documentation/netiron-software-6-1-00/,2026-09-29,2026-09-29
Routing & Switching,NetIron (software),release,,6.2.00,NetIron (software) - 6.2.00,200,20,57,https://supportdocs.extremenetworks.com/support/documentation/netiron-software-6-2-0/,2026-09-29,2026-09-29
Routing & Switching,NetIron (software),release,,6.2.00a,NetIron (software) - 6.2.00a,200,1,57,https://supportdocs.extremenetworks.com/support/documentation/netiron-6-2-00a/,2026-09-29,2026-09-29
Routing & Switching,NetIron (software),release,,6.2.00b,NetIron (software) - 6.2.00b,200,1,57,https://supportdocs.extremenetworks.com/support/documentation/netiron-6-2-00b/,2026-09-29,2026-09-29
Routing & Switching,NetIron (software),release,,6.2.00c,NetIron (software) - 6.2.00c,200,2,57,https://supportdocs.extremenetworks.com/support/documentation/netiron-software-6-2-00c/,2026-09-29,2026-09-29
Routing & Switching,NetIron (software),release,,6.2.00d,NetIron (software) - 6.2.00d,200,2,57,https://supportdocs.extremenetworks.com/support/documentation/netiron-software-6-2-00d/,2026-09-29,2026-09-29
Routing & Switching,NetIron (software),release,,6.2.00e,NetIron (software) - 6.2.00e,200,1,57,https://supportdocs.extremenetworks.com/support/documentation/netiron-software-6-2-00e/,2026-09-29,2026-09-29
Routing & Switching,NetIron (software),release,,6.2.00f,NetIron (software) - 6.2.00f,200,2,57,https://supportdocs.extremenetworks.com/support/documentation/netiron-software-6-2-00f/,2026-09-29,2026-09-29
Routing & Switching,NetIron (software),release,yes,6.3.00a,NetIron (software) - 6.3.00a,200,17,57,https://supportdocs.extremenetworks.com/support/documentation/netiron-software-06-3-00/,2026-09-29,2026-09-29
Routing & Switching,NetIron (software),release,yes,6.3.00a1,NetIron (software) - 6.3.00a1,200,2,57,https://supportdocs.extremenetworks.com/support/documentation/netiron-software-6-3-00a1/,2026-09-29,2026-09-29
Routing & Switching,NetIron (software),release,yes,6.3.00aa,NetIron (software) - 6.3.00aa,200,3,57,https://supportdocs.extremenetworks.com/support/documentation/netiron-software-6-3-00aa/,2026-09-29,2026-09-29
Routing & Switching,NetIron (software),release,yes,6.3.00c,NetIron (software) - 6.3.00c,200,4,57,https://supportdocs.extremenetworks.com/support/documentation/netiron-software-6-3-00c/,2026-09-29,2026-09-29
Routing & Switching,NetIron (software),release,yes,6.3.00e,NetIron (software) - 6.3.00e,200,1,57,https://supportdocs.extremenetworks.com/support/documentation/netiron-software-6-3-00e/,2026-09-29,2026-09-29
Routing & Switching,NetIron (software),release,yes,6.3.00f,NetIron (software) - 6.3.00f,200,1,57,https://supportdocs.extremenetworks.com/support/documentation/netiron-software-6-3-00f/,2026-09-29,2026-09-29
Routing & Switching,NetIron (software),release,yes,6.3.00h,NetIron (software) - 6.3.00h,200,1,57,https://supportdocs.extremenetworks.com/support/documentation/netiron-software-6-3-00h/,2026-09-29,2026-09-29
Routing & Switching,NetIron (software),release,yes,6.3.00j,NetIron (software) - 6.3.00j,200,3,57,https://supportdocs.extremenetworks.com/support/documentation/netiron-software-6-3-00j/,2026-09-29,2026-09-29
Routing & Switching,NetIron (software),release,yes,6.3.00k,NetIron (software) - 6.3.00k,200,1,57,https://supportdocs.extremenetworks.com/support/documentation/netiron-software-6-3-00k/,2026-09-29,2026-09-29
Routing & Switching,Network OS (software),entry,yes,7.4.1m,Network OS (software) - 7.4.1m,200,1,58,https://supportdocs.extremenetworks.com/support/documentation/network-os-software-7-4-1m/,2026-09-29,2026-09-29
Routing & Switching,Network OS (software),release,,1.0,Network OS (software),200,1,58,https://supportdocs.extremenetworks.com/support/documentation/network-os-software-2/,2026-09-29,2026-09-29
Routing & Switching,Network OS (software),release,,4.1.0,Network OS (software) - 4.1.0,200,6,58,https://supportdocs.extremenetworks.com/support/documentation/network-os-software-4-1-0/,2026-09-29,2026-09-29
Routing & Switching,Network OS (software),release,,4.1.1,Network OS (software) - 4.1.1,200,5,58,https://supportdocs.extremenetworks.com/support/documentation/network-os-software-4-1-1/,2026-09-29,2026-09-29
Routing & Switching,Network OS (software),release,,4.1.3a,Network OS (software) - 4.1.3a,200,1,58,https://supportdocs.extremenetworks.com/support/documentation/network-os-software-4-1-3a/,2026-09-29,2026-09-29
Routing & Switching,Network OS (software),release,,4.1.x,Network OS (software) - 4.1.x,200,3,58,https://supportdocs.extremenetworks.com/support/documentation/network-os-software-4-1-x/,2026-09-29,2026-09-29
Routing & Switching,Network OS (software),release,,5.0.0,Network OS (software) - 5.0.0,200,11,58,https://supportdocs.extremenetworks.com/support/documentation/network-os-software-5-0-0/,2026-09-29,2026-09-29
Routing & Switching,Network OS (software),release,,5.0.1,Network OS (software) - 5.0.1,200,8,58,https://supportdocs.extremenetworks.com/support/documentation/network-os-software-5-0-1/,2026-09-29,2026-09-29
Routing & Switching,Network OS (software),release,,5.0.1a,Network OS (software) - 5.0.1a,200,5,58,https://supportdocs.extremenetworks.com/support/documentation/network-os-software-5-0-1a/,2026-09-29,2026-09-29
Routing & Switching,Network OS (software),release,,5.0.1b,Network OS (software) - 5.0.1b,200,3,58,https://supportdocs.extremenetworks.com/support/documentation/network-os-software-5-0-1b/,2026-09-29,2026-09-29
Routing & Switching,Network OS (software),release,,5.0.2,Network OS (software) - 5.0.2,200,5,58,https://supportdocs.extremenetworks.com/support/documentation/network-os-software-5-0-2/,2026-09-29,2026-09-29
Routing & Switching,Network OS (software),release,,5.0.2b,Network OS (software) - 5.0.2b,200,1,58,https://supportdocs.extremenetworks.com/support/documentation/network-os-software-5-0-2b/,2026-09-29,2026-09-29
Routing & Switching,Network OS (software),release,,5.0.2c,Network OS (software) - 5.0.2c,200,1,58,https://supportdocs.extremenetworks.com/support/documentation/network-os-software-5-0-2c/,2026-09-29,2026-09-29
Routing & Switching,Network OS (software),release,,6.0.0,Network OS (software) - 6.0.0,200,34,58,https://supportdocs.extremenetworks.com/support/documentation/network-os-software-6-0-0/,2026-09-29,2026-09-29
Routing & Switching,Network OS (software),release,,6.0.1,Network OS (software) - 6.0.1,200,37,58,https://supportdocs.extremenetworks.com/support/documentation/network-os-software-6-0-1/,2026-09-29,2026-09-29
Routing & Switching,Network OS (software),release,,6.0.1a,Network OS (software) - 6.0.1a,200,18,58,https://supportdocs.extremenetworks.com/support/documentation/network-os-software-6-0-1a/,2026-09-29,2026-09-29
Routing & Switching,Network OS (software),release,,6.0.2,Network OS (software) - 6.0.2,200,4,58,https://supportdocs.extremenetworks.com/support/documentation/network-os-software-6-0-2/,2026-09-29,2026-09-29
Routing & Switching,Network OS (software),release,,6.0.2a,Network OS (software) - 6.0.2a,200,2,58,https://supportdocs.extremenetworks.com/support/documentation/network-os-software-6-0-2a/,2026-09-29,2026-09-29
Routing & Switching,Network OS (software),release,,6.0.2b,Network OS (software) - 6.0.2b,200,1,58,https://supportdocs.extremenetworks.com/support/documentation/network-os-software-6-0-2b/,2026-09-29,2026-09-29
Routing & Switching,Network OS (software),release,,6.0.2h,Network OS - 6.0.2h,200,2,58,https://supportdocs.extremenetworks.com/support/documentation/nos-6-0-2h/,2026-09-29,2026-09-29
Routing & Switching,Network OS (software),release,,7.0.0,Network OS (software) - 7.0.0,200,17,58,https://supportdocs.extremenetworks.com/support/documentation/network-os-software-7-0-0/,2026-09-29,2026-09-29
Routing & Switching,Network OS (software),release,,7.0.0b,Network OS (software) - 7.0.0b,200,2,58,https://supportdocs.extremenetworks.com/support/documentation/network-os-software-7-0-0b/,2026-09-29,2026-09-29
Routing & Switching,Network OS (software),release,,7.0.1,Network OS (software) - 7.0.1,200,16,58,https://supportdocs.extremenetworks.com/support/documentation/network-os-software-7-0-1/,2026-09-29,2026-09-29
Routing & Switching,Network OS (software),release,,7.0.1b,Network OS (software) - 7.0.1b,200,1,58,https://supportdocs.extremenetworks.com/support/documentation/network-os-software-7-0-1b/,2026-09-29,2026-09-29
Routing & Switching,Network OS (software),release,,7.0.1c,Network OS - 7.0.1c,200,1,58,https://supportdocs.extremenetworks.com/support/documentation/nos-7-0-1c/,2026-09-29,2026-09-29
Routing & Switching,Network OS (software),release,,7.0.2,Network OS (software) - 7.0.2,200,5,58,https://supportdocs.extremenetworks.com/support/documentation/network-os-software-7-0-2/,2026-09-29,2026-09-29
Routing & Switching,Network OS (software),release,,7.0.2a,Network OS - 7.0.2a,200,1,58,https://supportdocs.extremenetworks.com/support/documentation/network-os-7-0-2a/,2026-09-29,2026-09-29
Routing & Switching,Network OS (software),release,,7.0.2b,Network OS - 7.0.2b,200,5,58,https://supportdocs.extremenetworks.com/support/documentation/nos-7-0-2/,2026-09-29,2026-09-29
Routing & Switching,Network OS (software),release,,7.0.2c,Network OS (software) - 7.0.2c,200,1,58,https://supportdocs.extremenetworks.com/support/documentation/network-os-software-7-0-2c/,2026-09-29,2026-09-29
Routing & Switching,Network OS (software),release,,7.0.2d,Network OS (software) - 7.0.2d,200,1,58,https://supportdocs.extremenetworks.com/support/documentation/network-os-software-7-0-2d/,2026-09-29,2026-09-29
Routing & Switching,Network OS (software),release,,7.1.0,Network OS (software) - 7.1.0,200,23,58,https://supportdocs.extremenetworks.com/support/documentation/network-os-software-7-1-0/,2026-09-29,2026-09-29
Routing & Switching,Network OS (software),release,,7.1.0a,Network OS (software) - 7.1.0a,200,2,58,https://supportdocs.extremenetworks.com/support/documentation/network-os-software-7-1-0a/,2026-09-29,2026-09-29
Routing & Switching,Network OS (software),release,,7.1.0b,Network OS (software) - 7.1.0b,200,1,58,https://supportdocs.extremenetworks.com/support/documentation/network-os-software-7-1-0b/,2026-09-29,2026-09-29
Routing & Switching,Network OS (software),release,,7.2.0,Network OS (software) - 7.2.0,200,22,58,https://supportdocs.extremenetworks.com/support/documentation/network-os-software-7-2-0/,2026-09-29,2026-09-29
Routing & Switching,Network OS (software),release,,7.2.0a,Network OS (software) - 7.2.0a,200,2,58,https://supportdocs.extremenetworks.com/support/documentation/nos-7-2-0a/,2026-09-29,2026-09-29
Routing & Switching,Network OS (software),release,,7.2.0b,Network OS (software) - 7.2.0b,200,1,58,https://supportdocs.extremenetworks.com/support/documentation/network-os-software/,2026-09-29,2026-09-29
Routing & Switching,Network OS (software),release,,7.2.0c,Network OS (software) - 7.2.0c,200,3,58,https://supportdocs.extremenetworks.com/support/documentation/network-os-software-7-2-0c/,2026-09-29,2026-09-29
Routing & Switching,Network OS (software),release,,7.2.0d,Network OS (software) - 7.2.0d,200,1,58,https://supportdocs.extremenetworks.com/support/documentation/network-os-software-7-2-0d/,2026-09-29,2026-09-29
Routing & Switching,Network OS (software),release,,7.2.0e,Network OS (software) - 7.2.0e,200,1,58,https://supportdocs.extremenetworks.com/support/documentation/network-os-software-7-2-0e/,2026-09-29,2026-09-29
Routing & Switching,Network OS (software),release,,7.2.0f,Network OS (software) - 7.2.0f,200,1,58,https://supportdocs.extremenetworks.com/support/documentation/network-os-software-7-2-0f/,2026-09-29,2026-09-29
Routing & Switching,Network OS (software),release,,7.2.0g,Network OS (software) - 7.2.0g,200,1,58,https://supportdocs.extremenetworks.com/support/documentation/network-os-software-7-2-0g/,2026-09-29,2026-09-29
Routing & Switching,Network OS (software),release,,7.3.0,Network OS (software) - 7.3.0,200,19,58,https://supportdocs.extremenetworks.com/support/documentation/network-os-software-7-3-0/,2026-09-29,2026-09-29
Routing & Switching,Network OS (software),release,,7.3.0a,Network OS - 7.3.0a,200,1,58,https://supportdocs.extremenetworks.com/support/documentation/network-os-7-3-0a/,2026-09-29,2026-09-29
Routing & Switching,Network OS (software),release,,7.3.0aa,Network OS - 7.3.0aa,200,4,58,https://supportdocs.extremenetworks.com/support/documentation/network-os-7-3-0aa/,2026-09-29,2026-09-29
Routing & Switching,Network OS (software),release,,7.3.0b,Network OS - 7.3.0b,200,1,58,https://supportdocs.extremenetworks.com/support/documentation/network-os-7-3-0b/,2026-09-29,2026-09-29
Routing & Switching,Network OS (software),release,yes,7.4.0,Network OS (software) - 7.4.0,200,20,58,https://supportdocs.extremenetworks.com/support/documentation/network-os-software-7-4-0/,2026-09-29,2026-09-29
Routing & Switching,Network OS (software),release,yes,7.4.0a,Network OS (software) - 7.4.0a,200,3,58,https://supportdocs.extremenetworks.com/support/documentation/network-os-software-7-4-0a/,2026-09-29,2026-09-29
Routing & Switching,Network OS (software),release,yes,7.4.0ba,Network OS (software) – 7.4.0ba,200,1,58,https://supportdocs.extremenetworks.com/support/documentation/network-os-software-7-4-0ba/,2026-09-29,2026-09-29
Routing & Switching,Network OS (software),release,yes,7.4.1,Network OS (software) – 7.4.1,200,4,58,https://supportdocs.extremenetworks.com/support/documentation/network-os-software-7-4-1/,2026-09-29,2026-09-29
Routing & Switching,Network OS (software),release,yes,7.4.1b,Network OS (software) – 7.4.1b,200,1,58,https://supportdocs.extremenetworks.com/support/documentation/network-os-software-7-4-1b/,2026-09-29,2026-09-29
Routing & Switching,Network OS (software),release,yes,7.4.1c,Network OS (software) – 7.4.1c,200,1,58,https://supportdocs.extremenetworks.com/support/documentation/network-os-software-7-4-1c/,2026-09-29,2026-09-29
Routing & Switching,Network OS (software),release,yes,7.4.1d,Network OS (software) – 7.4.1d,200,1,58,https://supportdocs.extremenetworks.com/support/documentation/network-os-software-7-4-1d/,2026-09-29,2026-09-29
Routing & Switching,Network OS (software),release,yes,7.4.1e,Network OS (software) – 7.4.1e,200,1,58,https://supportdocs.extremenetworks.com/support/documentation/network-os-software-7-4-1e/,2026-09-29,2026-09-29
Routing & Switching,Network OS (software),release,yes,7.4.1f,Network OS (software) – 7.4.1f,200,3,58,https://supportdocs.extremenetworks.com/support/documentation/network-os-software-7-4-1f/,2026-09-29,2026-09-29
Routing & Switching,Network OS (software),release,yes,7.4.1g,Network OS (software) – 7.4.1g,200,1,58,https://supportdocs.extremenetworks.com/support/documentation/network-os-software-7-4-1g/,2026-09-29,2026-09-29
Routing & Switching,Network OS (software),release,yes,7.4.1h,Network OS (software) - 7.4.1h,200,1,58,https://supportdocs.extremenetworks.com/support/documentation/network-os-software-7-4-1h/,2026-09-29,2026-09-29
Routing & Switching,Network OS (software),release,yes,7.4.1j,Network OS (software) - 7.4.1j,200,1,58,https://supportdocs.extremenetworks.com/support/documentation/network-os-software-7-4-1j/,2026-09-29,2026-09-29
Routing & Switching,Network OS (software),release,yes,7.4.1k,Network OS (software) - 7.4.1k,200,1,58,https://supportdocs.extremenetworks.com/support/documentation/network-os-software-7-4-1k/,2026-09-29,2026-09-29
Routing & Switching,Other Hardware Documentation,entry,yes,,Other Hardware Documentation,200,1,1,https://supportdocs.extremenetworks.com/support/documentation/other-hardware-documentation/,2026-09-29,2026-09-29
Routing & Switching,Other Routing & Switching Hardware,entry,yes,,Other Routing & Switching Hardware,200,0,0,https://supportdocs.extremenetworks.com/support/documentation/other-routing-switching-hardware/,2026-09-29,2026-09-29
Routing & Switching,Other Routing & Switching Software,entry,yes,,Other Routing & Switching Software,200,0,0,https://supportdocs.extremenetworks.com/support/documentation/other-routing-switching-software/,2026-09-29,2026-09-29
Routing & Switching,Pluggable Hardware (Optics),entry,yes,,Pluggable Hardware,200,27,1,https://supportdocs.extremenetworks.com/support/documentation/pluggable-hardware/,2026-09-29,2026-09-29
Routing & Switching,S-Series,entry,yes,1.0,S-Series,200,11,1,https://supportdocs.extremenetworks.com/support/documentation/s-series/,2026-09-29,2026-09-29
Routing & Switching,S-Series Stand Alone (SSA),entry,yes,1.0,S-Series Stand Alone (SSA),200,2,1,https://supportdocs.extremenetworks.com/support/documentation/s-series-stand-alone-ssa/,2026-09-29,2026-09-29
Routing & Switching,SLX Series,entry,yes,18s.1.00,18s.1.00,200,1,16,https://supportdocs.extremenetworks.com/support/documentation/18s-1-00/,2026-09-29,2026-09-29
Routing & Switching,SLX Series,release,,17r.1.00,17r.1.00,200,1,16,https://supportdocs.extremenetworks.com/support/documentation/17r-1-00/,2026-09-29,2026-09-29
Routing & Switching,SLX Series,release,,17r.1.01,17r.1.01,200,1,16,https://supportdocs.extremenetworks.com/support/documentation/17r-1-01/,2026-09-29,2026-09-29
Routing & Switching,SLX Series,release,,17r.1.01a,17r.1.01a,200,1,16,https://supportdocs.extremenetworks.com/support/documentation/17r-1-01a/,2026-09-29,2026-09-29
Routing & Switching,SLX Series,release,,17r.1.01b,17r.1.01b,200,1,16,https://supportdocs.extremenetworks.com/support/documentation/17r-1-01b/,2026-09-29,2026-09-29
Routing & Switching,SLX Series,release,,17r.100a,17r.100a,200,1,16,https://supportdocs.extremenetworks.com/support/documentation/17r-100a/,2026-09-29,2026-09-29
Routing & Switching,SLX Series,release,,17r.2.00,17r.2.00,200,2,16,https://supportdocs.extremenetworks.com/support/documentation/17r-2-00/,2026-09-29,2026-09-29
Routing & Switching,SLX Series,release,,17r.2.01,17r.2.01,200,1,16,https://supportdocs.extremenetworks.com/support/documentation/17r-2-01/,2026-09-29,2026-09-29
Routing & Switching,SLX Series,release,,17r.2.01a,17r.2.01a,200,1,16,https://supportdocs.extremenetworks.com/support/documentation/17r-2-01a/,2026-09-29,2026-09-29
Routing & Switching,SLX Series,release,,17s.1.00,17s.1.00,200,1,16,https://supportdocs.extremenetworks.com/support/documentation/17s-1-00/,2026-09-29,2026-09-29
Routing & Switching,SLX Series,release,,17s.1.00a,17s.1.00a,200,1,16,https://supportdocs.extremenetworks.com/support/documentation/17s-1-00a/,2026-09-29,2026-09-29
Routing & Switching,SLX Series,release,,17s.1.01,17s.1.01,200,1,16,https://supportdocs.extremenetworks.com/support/documentation/17s-1-01/,2026-09-29,2026-09-29
Routing & Switching,SLX Series,release,,17s.1.02,17s.1.02,200,1,16,https://supportdocs.extremenetworks.com/support/documentation/17s-1-02/,2026-09-29,2026-09-29
Routing & Switching,SLX Series,release,,17s.1.02a,17s.1.02a,200,1,16,https://supportdocs.extremenetworks.com/support/documentation/17s-1-02a/,2026-09-29,2026-09-29
Routing & Switching,SLX Series,release,,17s.1.02b,17s.1.02b,200,1,16,https://supportdocs.extremenetworks.com/support/documentation/17s-1-02b/,2026-09-29,2026-09-29
Routing & Switching,SLX Series,release,,17s.1.02c,17s.1.02c,200,1,16,https://supportdocs.extremenetworks.com/support/documentation/17s-1-02c/,2026-09-29,2026-09-29
Routing & Switching,SLX-OS Series (software),entry,yes,20.7.3h,SLX-OS 20.7.3h,200,1,94,https://supportdocs.extremenetworks.com/support/documentation/slx-os-20-7-3h/,2026-09-29,2026-09-29
Routing & Switching,SLX-OS Series (software),release,,20.1.1,SLX-OS - 20.1.1,200,23,94,https://supportdocs.extremenetworks.com/support/documentation/slx-os-20-1-1/,2026-09-29,2026-09-29
Routing & Switching,SLX-OS Series (software),release,,20.1.2a,SLX-OS 20.1.2a,200,8,94,https://supportdocs.extremenetworks.com/support/documentation/slx-os-20-1-2a/,2026-09-29,2026-09-29
Routing & Switching,SLX-OS Series (software),release,,20.1.2c,SLX-OS 20.1.2c,200,1,94,https://supportdocs.extremenetworks.com/support/documentation/slx-os-20-1-2c/,2026-09-29,2026-09-29
Routing & Switching,SLX-OS Series (software),release,,20.1.2d,SLX-OS 20.1.2d,200,1,94,https://supportdocs.extremenetworks.com/support/documentation/slx-os-20-1-2d/,2026-09-29,2026-09-29
Routing & Switching,SLX-OS Series (software),release,,20.1.2e,SLX-OS 20.1.2e,200,1,94,https://supportdocs.extremenetworks.com/support/documentation/slx-os-20-1-2e/,2026-09-29,2026-09-29
Routing & Switching,SLX-OS Series (software),release,,20.1.2f,SLX-OS 20.1.2f,200,1,94,https://supportdocs.extremenetworks.com/support/documentation/slx-os-20-1-2f/,2026-09-29,2026-09-29
Routing & Switching,SLX-OS Series (software),release,,20.1.2g,SLX-OS 20.1.2g,200,1,94,https://supportdocs.extremenetworks.com/support/documentation/slx-os-20-1-2g/,2026-09-29,2026-09-29
Routing & Switching,SLX-OS Series (software),release,,20.1.2h,SLX-OS 20.1.2h,200,1,94,https://supportdocs.extremenetworks.com/support/documentation/slx-os-20-1-2h/,2026-09-29,2026-09-29
Routing & Switching,SLX-OS Series (software),release,,20.1.2j,SLX-OS 20.1.2j,200,1,94,https://supportdocs.extremenetworks.com/support/documentation/slx-os-20-1-2j/,2026-09-29,2026-09-29
Routing & Switching,SLX-OS Series (software),release,,20.2.1a,SLX-OS 20.2.1a,200,21,94,https://supportdocs.extremenetworks.com/support/documentation/slx-os-20-2-1a/,2026-09-29,2026-09-29
Routing & Switching,SLX-OS Series (software),release,,20.2.2a,SLX-OS 20.2.2a,200,22,94,https://supportdocs.extremenetworks.com/support/documentation/slx-os-20-2-2a/,2026-09-29,2026-09-29
Routing & Switching,SLX-OS Series (software),release,,20.2.2b,SLX-OS 20.2.2b,200,1,94,https://supportdocs.extremenetworks.com/support/documentation/slx-os-20-2-2b/,2026-09-29,2026-09-29
Routing & Switching,SLX-OS Series (software),release,,20.2.2c,SLX-OS 20.2.2c,200,1,94,https://supportdocs.extremenetworks.com/support/documentation/slx-os-20-2-2c/,2026-09-29,2026-09-29
Routing & Switching,SLX-OS Series (software),release,,20.2.3,SLX-OS 20.2.3,200,6,94,https://supportdocs.extremenetworks.com/support/documentation/slx-os-20-2-3/,2026-09-29,2026-09-29
Routing & Switching,SLX-OS Series (software),release,,20.2.3a,SLX-OS 20.2.3a,200,1,94,https://supportdocs.extremenetworks.com/support/documentation/slx-os-20-2-3a/,2026-09-29,2026-09-29
Routing & Switching,SLX-OS Series (software),release,,20.2.3b,SLX-OS 20.2.3b,200,1,94,https://supportdocs.extremenetworks.com/support/documentation/slx-os-20-2-3b/,2026-09-29,2026-09-29
Routing & Switching,SLX-OS Series (software),release,,20.2.3c,SLX-OS 20.2.3c,200,1,94,https://supportdocs.extremenetworks.com/support/documentation/slx-os-20-2-3c/,2026-09-29,2026-09-29
Routing & Switching,SLX-OS Series (software),release,,20.2.3d,SLX-OS 20.2.3d,200,1,94,https://supportdocs.extremenetworks.com/support/documentation/slx-os-20-2-3d/,2026-09-29,2026-09-29
Routing & Switching,SLX-OS Series (software),release,,20.2.3g,SLX-OS 20.2.3g,200,1,94,https://supportdocs.extremenetworks.com/support/documentation/slx-os-20-2-3g/,2026-09-29,2026-09-29
Routing & Switching,SLX-OS Series (software),release,,20.2.3h,SLX-OS 20.2.3h,200,1,94,https://supportdocs.extremenetworks.com/support/documentation/slx-os-20-2-3h/,2026-09-29,2026-09-29
Routing & Switching,SLX-OS Series (software),release,,20.2.3j,SLX-OS 20.2.3j,200,1,94,https://supportdocs.extremenetworks.com/support/documentation/slx-os-20-2-3j/,2026-09-29,2026-09-29
Routing & Switching,SLX-OS Series (software),release,,20.3.1,SLX-OS 20.3.1,200,22,94,https://supportdocs.extremenetworks.com/support/documentation/slx-os-20-3-1/,2026-09-29,2026-09-29
Routing & Switching,SLX-OS Series (software),release,,20.3.2,SLX-OS 20.3.2,200,7,94,https://supportdocs.extremenetworks.com/support/documentation/slx-os-20-3-2/,2026-09-29,2026-09-29
Routing & Switching,SLX-OS Series (software),release,,20.3.2a,SLX-OS 20.3.2a,200,6,94,https://supportdocs.extremenetworks.com/support/documentation/slx-os-20-3-2a/,2026-09-29,2026-09-29
Routing & Switching,SLX-OS Series (software),release,,20.3.2b,SLX-OS 20.3.2b,200,7,94,https://supportdocs.extremenetworks.com/support/documentation/slx-os-20-3-2b/,2026-09-29,2026-09-29
Routing & Switching,SLX-OS Series (software),release,,20.3.2c,SLX-OS 20.3.2c,200,1,94,https://supportdocs.extremenetworks.com/support/documentation/slx-os-20-3-2c/,2026-09-29,2026-09-29
Routing & Switching,SLX-OS Series (software),release,,20.3.2d,SLX-OS 20.3.2d,200,3,94,https://supportdocs.extremenetworks.com/support/documentation/slx-os-20-3-2d/,2026-09-29,2026-09-29
Routing & Switching,SLX-OS Series (software),release,,20.3.2e,SLX-OS 20.3.2e,200,1,94,https://supportdocs.extremenetworks.com/support/documentation/slx-os-20-3-2e/,2026-09-29,2026-09-29
Routing & Switching,SLX-OS Series (software),release,,20.3.2f,SLX-OS 20.3.2f,200,1,94,https://supportdocs.extremenetworks.com/support/documentation/slx-os-20-3-2f/,2026-09-29,2026-09-29
Routing & Switching,SLX-OS Series (software),release,,20.3.2g,SLX-OS 20.3.2g,200,1,94,https://supportdocs.extremenetworks.com/support/documentation/slx-os-20-3-2g/,2026-09-29,2026-09-29
Routing & Switching,SLX-OS Series (software),release,,20.3.2h,SLX-OS 20.3.2h,200,7,94,https://supportdocs.extremenetworks.com/support/documentation/slx-os-20-3-2h/,2026-09-29,2026-09-29
Routing & Switching,SLX-OS Series (software),release,,20.3.3,SLX-OS 20.3.3,200,23,94,https://supportdocs.extremenetworks.com/support/documentation/slx-os-20-3-3/,2026-09-29,2026-09-29
Routing & Switching,SLX-OS Series (software),release,,20.3.4,SLX-OS 20.3.4,200,23,94,https://supportdocs.extremenetworks.com/support/documentation/slx-os-20-3-4/,2026-09-29,2026-09-29
Routing & Switching,SLX-OS Series (software),release,,20.3.4a,SLX-OS 20.3.4a,200,7,94,https://supportdocs.extremenetworks.com/support/documentation/slx-os-20-3-4a/,2026-09-29,2026-09-29
Routing & Switching,SLX-OS Series (software),release,,20.3.4b,SLX-OS 20.3.4b,200,1,94,https://supportdocs.extremenetworks.com/support/documentation/slx-os-20-3-4b/,2026-09-29,2026-09-29
Routing & Switching,SLX-OS Series (software),release,,20.3.4c,SLX-OS 20.3.4c,200,7,94,https://supportdocs.extremenetworks.com/support/documentation/slx-os-20-3-4c/,2026-09-29,2026-09-29
Routing & Switching,SLX-OS Series (software),release,,20.3.4d,SLX-OS 20.3.4c,200,7,94,https://supportdocs.extremenetworks.com/support/documentation/slx-os-20-3-4d/,2026-09-29,2026-09-29
Routing & Switching,SLX-OS Series (software),release,,20.4.1,SLX-OS 20.4.1,200,23,94,https://supportdocs.extremenetworks.com/support/documentation/slx-os-20-4-1/,2026-09-29,2026-09-29
Routing & Switching,SLX-OS Series (software),release,,20.4.1a,SLX-OS 20.4.1a,200,1,94,https://supportdocs.extremenetworks.com/support/documentation/slx-os-20-4-1a/,2026-09-29,2026-09-29
Routing & Switching,SLX-OS Series (software),release,,20.4.1b,SLX-OS 20.4.1b,200,1,94,https://supportdocs.extremenetworks.com/support/documentation/slx-os-20-4-1b/,2026-09-29,2026-09-29
Routing & Switching,SLX-OS Series (software),release,,20.4.1c,SLX-OS 20.4.1c,200,2,94,https://supportdocs.extremenetworks.com/support/documentation/slx-os-20-4-1c/,2026-09-29,2026-09-29
Routing & Switching,SLX-OS Series (software),release,,20.4.1d,SLX-OS 20.4.1d,200,6,94,https://supportdocs.extremenetworks.com/support/documentation/slx-os-20-4-1d/,2026-09-29,2026-09-29
Routing & Switching,SLX-OS Series (software),release,,20.4.1e,SLX-OS 20.4.1e,200,1,94,https://supportdocs.extremenetworks.com/support/documentation/slx-os-20-4-1e/,2026-09-29,2026-09-29
Routing & Switching,SLX-OS Series (software),release,,20.4.2,SLX-OS 20.4.2,200,23,94,https://supportdocs.extremenetworks.com/support/documentation/slx-os-20-4-2/,2026-09-29,2026-09-29
Routing & Switching,SLX-OS Series (software),release,,20.4.2a,SLX-OS 20.4.2a,200,1,94,https://supportdocs.extremenetworks.com/support/documentation/slx-os-20-4-2a/,2026-09-29,2026-09-29
Routing & Switching,SLX-OS Series (software),release,,20.4.2b,SLX-OS 20.4.2b,200,1,94,https://supportdocs.extremenetworks.com/support/documentation/slx-os-20-4-2b/,2026-09-29,2026-09-29
Routing & Switching,SLX-OS Series (software),release,,20.4.2c,SLX-OS 20.4.2c,200,1,94,https://supportdocs.extremenetworks.com/support/documentation/slx-os-20-4-2c/,2026-09-29,2026-09-29
Routing & Switching,SLX-OS Series (software),release,,20.4.3,SLX-OS 20.4.3,200,23,94,https://supportdocs.extremenetworks.com/support/documentation/slx-os-20-4-3/,2026-09-29,2026-09-29
Routing & Switching,SLX-OS Series (software),release,,20.4.3a,SLX-OS 20.4.3a,200,1,94,https://supportdocs.extremenetworks.com/support/documentation/slx-os-20-4-3a/,2026-09-29,2026-09-29
Routing & Switching,SLX-OS Series (software),release,,20.4.3b,SLX-OS 20.4.3b,200,1,94,https://supportdocs.extremenetworks.com/support/documentation/slx-os-20-4-3b/,2026-09-29,2026-09-29
Routing & Switching,SLX-OS Series (software),release,,20.4.3c,SLX-OS 20.4.3c,200,1,94,https://supportdocs.extremenetworks.com/support/documentation/slx-os-20-4-3c/,2026-09-29,2026-09-29
Routing & Switching,SLX-OS Series (software),release,,20.4.3d,SLX-OS 20.4.3d,200,1,94,https://supportdocs.extremenetworks.com/support/documentation/slx-os-20-4-3d/,2026-09-29,2026-09-29
Routing & Switching,SLX-OS Series (software),release,,20.5.1,SLX-OS 20.5.1,200,23,94,https://supportdocs.extremenetworks.com/support/documentation/slx-os-20-5-1/,2026-09-29,2026-09-29
Routing & Switching,SLX-OS Series (software),release,,20.5.1a,SLX-OS 20.5.1a,200,1,94,https://supportdocs.extremenetworks.com/support/documentation/slx-os-20-5-1a/,2026-09-29,2026-09-29
Routing & Switching,SLX-OS Series (software),release,,20.5.1b,SLX-OS 20.5.1b,200,1,94,https://supportdocs.extremenetworks.com/support/documentation/slx-os-20-5-1b/,2026-09-29,2026-09-29
Routing & Switching,SLX-OS Series (software),release,,20.5.1c,SLX-OS 20.5.1c,200,1,94,https://supportdocs.extremenetworks.com/support/documentation/slx-os-20-5-1c/,2026-09-29,2026-09-29
Routing & Switching,SLX-OS Series (software),release,,20.5.2,SLX-OS 20.5.2,200,22,94,https://supportdocs.extremenetworks.com/support/documentation/slx-os-20-5-2/,2026-09-29,2026-09-29
Routing & Switching,SLX-OS Series (software),release,,20.5.2a,SLX-OS 20.5.2a,200,22,94,https://supportdocs.extremenetworks.com/support/documentation/slx-os-20-5-2a/,2026-09-29,2026-09-29
Routing & Switching,SLX-OS Series (software),release,,20.5.2b,SLX-OS 20.5.2b,200,1,94,https://supportdocs.extremenetworks.com/support/documentation/slx-os-20-5-2b/,2026-09-29,2026-09-29
Routing & Switching,SLX-OS Series (software),release,,20.5.3,SLX-OS 20.5.3,200,22,94,https://supportdocs.extremenetworks.com/support/documentation/slx-os-20-5-3/,2026-09-29,2026-09-29
Routing & Switching,SLX-OS Series (software),release,,20.5.3a,SLX-OS 20.5.3a,200,1,94,https://supportdocs.extremenetworks.com/support/documentation/slx-os-20-5-3a/,2026-09-29,2026-09-29
Routing & Switching,SLX-OS Series (software),release,,20.5.3b,SLX-OS 20.5.3b,200,1,94,https://supportdocs.extremenetworks.com/support/documentation/slx-os-20-5-3b/,2026-09-29,2026-09-29
Routing & Switching,SLX-OS Series (software),release,,20.5.3c,SLX-OS 20.5.3c,200,1,94,https://supportdocs.extremenetworks.com/support/documentation/slx-os-20-5-3c/,2026-09-29,2026-09-29
Routing & Switching,SLX-OS Series (software),release,,20.5.3d,SLX-OS 20.5.3d,200,1,94,https://supportdocs.extremenetworks.com/support/documentation/slx-os-20-5-3d/,2026-09-29,2026-09-29
Routing & Switching,SLX-OS Series (software),release,,20.6.1,SLX-OS 20.6.1,200,22,94,https://supportdocs.extremenetworks.com/support/documentation/slx-os-20-6-1/,2026-09-29,2026-09-29
Routing & Switching,SLX-OS Series (software),release,,20.6.1a,SLX-OS 20.6.1a,200,1,94,https://supportdocs.extremenetworks.com/support/documentation/slx-os-20-6-1a/,2026-09-29,2026-09-29
Routing & Switching,SLX-OS Series (software),release,,20.6.1b,SLX-OS 20.6.1b,200,1,94,https://supportdocs.extremenetworks.com/support/documentation/slx-os-20-6-1b/,2026-09-29,2026-09-29
Routing & Switching,SLX-OS Series (software),release,,20.6.1c,SLX-OS 20.6.1c,200,1,94,https://supportdocs.extremenetworks.com/support/documentation/slx-os-20-6-1c/,2026-09-29,2026-09-29
Routing & Switching,SLX-OS Series (software),release,,20.6.2,SLX-OS 20.6.2,200,22,94,https://supportdocs.extremenetworks.com/support/documentation/slx-os-20-6-1-2/,2026-09-29,2026-09-29
Routing & Switching,SLX-OS Series (software),release,,20.6.2a,SLX-OS 20.6.2a,200,1,94,https://supportdocs.extremenetworks.com/support/documentation/slx-os-20-6-2a/,2026-09-29,2026-09-29
Routing & Switching,SLX-OS Series (software),release,,20.6.2b,SLX-OS 20.6.2b,200,1,94,https://supportdocs.extremenetworks.com/support/documentation/slx-os-20-6-2b/,2026-09-29,2026-09-29
Routing & Switching,SLX-OS Series (software),release,,20.6.2c,SLX-OS 20.6.2c,200,1,94,https://supportdocs.extremenetworks.com/support/documentation/slx-os-20-6-2c/,2026-09-29,2026-09-29
Routing & Switching,SLX-OS Series (software),release,,20.6.3,SLX-OS 20.6.3,200,1,94,https://supportdocs.extremenetworks.com/support/documentation/slx-os-20-6-3-2/,2026-09-29,2026-09-29
Routing & Switching,SLX-OS Series (software),release,,20.6.3a,SLX-OS 20.6.3a,200,23,94,https://supportdocs.extremenetworks.com/support/documentation/slx-os-20-6-3/,2026-09-29,2026-09-29
Routing & Switching,SLX-OS Series (software),release,,20.6.3b,SLX-OS 20.6.3b,200,9,94,https://supportdocs.extremenetworks.com/support/documentation/slx-os-20-6-3b/,2026-09-29,2026-09-29
Routing & Switching,SLX-OS Series (software),release,,20.6.3c,SLX-OS 20.6.2c,200,1,94,https://supportdocs.extremenetworks.com/support/documentation/slx-os-20-6-3c/,2026-09-29,2026-09-29
Routing & Switching,SLX-OS Series (software),release,,20.6.3d,SLX-OS 20.6.3d,200,1,94,https://supportdocs.extremenetworks.com/support/documentation/slx-os-20-6-3d/,2026-09-29,2026-09-29
Routing & Switching,SLX-OS Series (software),release,,20.8.1,SLX-OS 20.8.1,200,23,94,https://supportdocs.extremenetworks.com/support/documentation/slx-os-20-8-1/,2026-09-29,2026-09-29
Routing & Switching,SLX-OS Series (software),release,,20.8.1a,SLX-OS 20.8.1a,200,8,94,https://supportdocs.extremenetworks.com/support/documentation/slx-os-20-8-1-2/,2026-09-29,2026-09-29
Routing & Switching,SLX-OS Series (software),release,,20.8.2,SLX-OS 20.8.2,200,23,94,https://supportdocs.extremenetworks.com/support/documentation/slx-os-20-8-2/,2026-09-29,2026-09-29
Routing & Switching,SLX-OS Series (software),release,yes,20.7.1,SLX-OS 20.7.1,200,22,94,https://supportdocs.extremenetworks.com/support/documentation/slx-os-20-7-1/,2026-09-29,2026-09-29
Routing & Switching,SLX-OS Series (software),release,yes,20.7.1a,SLX-OS 20.7.1a,200,2,94,https://supportdocs.extremenetworks.com/support/documentation/slx-os-20-7-1a/,2026-09-29,2026-09-29
Routing & Switching,SLX-OS Series (software),release,yes,20.7.1b,SLX-OS 20.7.1b,200,2,94,https://supportdocs.extremenetworks.com/support/documentation/slx-os-20-7-1b/,2026-09-29,2026-09-29
Routing & Switching,SLX-OS Series (software),release,yes,20.7.2,SLX-OS 20.7.2,200,22,94,https://supportdocs.extremenetworks.com/support/documentation/slx-os-20-7-2/,2026-09-29,2026-09-29
Routing & Switching,SLX-OS Series (software),release,yes,20.7.2a,SLX-OS 20.7.2a,200,1,94,https://supportdocs.extremenetworks.com/support/documentation/slx-os-20-7-2a/,2026-09-29,2026-09-29
Routing & Switching,SLX-OS Series (software),release,yes,20.7.3,SLX-OS 20.7.3,200,23,94,https://supportdocs.extremenetworks.com/support/documentation/slx-os-20-7-3/,2026-09-29,2026-09-29
Routing & Switching,SLX-OS Series (software),release,yes,20.7.3a,SLX-OS 20.7.3a,200,1,94,https://supportdocs.extremenetworks.com/support/documentation/slx-os-20-7-3a/,2026-09-29,2026-09-29
Routing & Switching,SLX-OS Series (software),release,yes,20.7.3b,SLX-OS 20.7.3b,200,1,94,https://supportdocs.extremenetworks.com/support/documentation/slx-os-20-7-3b/,2026-09-29,2026-09-29
Routing & Switching,SLX-OS Series (software),release,yes,20.7.3c,SLX-OS 20.7.3c,200,1,94,https://supportdocs.extremenetworks.com/support/documentation/slx-os-20-7-3c/,2026-09-29,2026-09-29
Routing & Switching,SLX-OS Series (software),release,yes,20.7.3d,SLX-OS 20.7.3d,200,1,94,https://supportdocs.extremenetworks.com/support/documentation/slx-os-20-7-3d/,2026-09-29,2026-09-29
Routing & Switching,SLX-OS Series (software),release,yes,20.7.3e,SLX-OS 20.7.3e,200,1,94,https://supportdocs.extremenetworks.com/support/documentation/slx-os-20-7-3e/,2026-09-29,2026-09-29
Routing & Switching,SLX-OS Series (software),release,yes,20.7.3f,SLX-OS 20.7.3f,200,1,94,https://supportdocs.extremenetworks.com/support/documentation/slx-os-20-7-3f/,2026-09-29,2026-09-29
Routing & Switching,SLX-OS Series (software),release,yes,20.7.3g,SLX-OS 20.7.3g,200,1,94,https://supportdocs.extremenetworks.com/support/documentation/slx-os-20-7-3g/,2026-09-29,2026-09-29
Routing & Switching,SLX-R Series (software),entry,yes,18r.1.00p,SLX-R 18r.1.00p,200,1,27,https://supportdocs.extremenetworks.com/support/documentation/slx-r-18r-1-00p/,2026-09-29,2026-09-29
Routing & Switching,SLX-R Series (software),release,,16r.1.00,SLX-R Series (software) - 16r.1.00,200,13,27,https://supportdocs.extremenetworks.com/support/documentation/slx-r-series-software-16r-1-00/,2026-09-29,2026-09-29
Routing & Switching,SLX-R Series (software),release,,16r.1.01,SLX-R Series (software) - 16r.1.01,200,15,27,https://supportdocs.extremenetworks.com/support/documentation/slx-r-series-software-16r-1-01/,2026-09-29,2026-09-29
Routing & Switching,SLX-R Series (software),release,,17r.1.00,SLX-R Series (software) - 17r.1.00,200,16,27,https://supportdocs.extremenetworks.com/support/documentation/slx-r-series-software-17r-1-00/,2026-09-29,2026-09-29
Routing & Switching,SLX-R Series (software),release,,17r.1.00a,SLX-R Series (software) - 17r.1.00a,200,2,27,https://supportdocs.extremenetworks.com/support/documentation/slx-r-series-software-17r-1-00a/,2026-09-29,2026-09-29
Routing & Switching,SLX-R Series (software),release,,17r.1.01,SLX-R Series (software) - 17r.1.01,200,16,27,https://supportdocs.extremenetworks.com/support/documentation/slx-r-series-software-17r-1-01/,2026-09-29,2026-09-29
Routing & Switching,SLX-R Series (software),release,,17r.1.01a,SLX-R Series (software) - 17r.1.01a,200,6,27,https://supportdocs.extremenetworks.com/support/documentation/slx-r-series-software-17r-1-01a/,2026-09-29,2026-09-29
Routing & Switching,SLX-R Series (software),release,,17r.2.01,SLX-R Series (software) - 17r.2.01,200,20,27,https://supportdocs.extremenetworks.com/support/documentation/slx-r-series-software-17r-2-01/,2026-09-29,2026-09-29
Routing & Switching,SLX-R Series (software),release,,17r.2.01a,SLX-R Series (software) - 17r.2.01a,200,15,27,https://supportdocs.extremenetworks.com/support/documentation/slx-r-series-software-17r-2-01a/,2026-09-29,2026-09-29
Routing & Switching,SLX-R Series (software),release,,18r.1.00,SLX-R Series (software) - 18r.1.00,200,25,27,https://supportdocs.extremenetworks.com/support/documentation/slx-r-series-software-18r-1-00/,2026-09-29,2026-09-29
Routing & Switching,SLX-R Series (software),release,,18r.1.00a,SLX-R Series (software) - 18r.1.00a,200,15,27,https://supportdocs.extremenetworks.com/support/documentation/slx-r-series-software-18r-1-00a/,2026-09-29,2026-09-29
Routing & Switching,SLX-R Series (software),release,,18r.1.00b,SLX-R Series (software) - 18r.1.00b,200,7,27,https://supportdocs.extremenetworks.com/support/documentation/slx-r-series-software-18r-1-00b/,2026-09-29,2026-09-29
Routing & Switching,SLX-R Series (software),release,,18r.1.00c,SLX-R Series (software) - 18r.1.00c,200,10,27,https://supportdocs.extremenetworks.com/support/documentation/slx-r-series-software-18r-1-00c/,2026-09-29,2026-09-29
Routing & Switching,SLX-R Series (software),release,,18r.1.00d,SLX-R Series (software) - 18r.1.00d,200,1,27,https://supportdocs.extremenetworks.com/support/documentation/slx-r-series-software-18r-1-00d/,2026-09-29,2026-09-29
Routing & Switching,SLX-R Series (software),release,,18r.1.00e,SLX-OS 18r.1.00e,200,5,27,https://supportdocs.extremenetworks.com/support/documentation/slx-os-18r-1-00e/,2026-09-29,2026-09-29
Routing & Switching,SLX-R Series (software),release,,18r.1.00f,SLX-R 18r.1.00f,200,1,27,https://supportdocs.extremenetworks.com/support/documentation/slx-r-18r-1-00f/,2026-09-29,2026-09-29
Routing & Switching,SLX-R Series (software),release,,18r.1.00g,SLX-R 18r.1.00g,200,1,27,https://supportdocs.extremenetworks.com/support/documentation/slx-r-18r-1-00g/,2026-09-29,2026-09-29
Routing & Switching,SLX-R Series (software),release,,18r.1.00h,SLX-R 18r.1.00h,200,1,27,https://supportdocs.extremenetworks.com/support/documentation/slx-r-18r-1-00h/,2026-09-29,2026-09-29
Routing & Switching,SLX-R Series (software),release,,18r.1.00j,SLX-R 18r.1.00j,200,2,27,https://supportdocs.extremenetworks.com/support/documentation/slx-r-18r-1-00j/,2026-09-29,2026-09-29
Routing & Switching,SLX-R Series (software),release,,18r.1.00k,SLX-R 18r.1.00k,200,1,27,https://supportdocs.extremenetworks.com/support/documentation/slx-r-18r-1-00k/,2026-09-29,2026-09-29
Routing & Switching,SLX-R Series (software),release,,18r.1.00m,SLX-R 18r.1.00m,200,1,27,https://supportdocs.extremenetworks.com/support/documentation/slx-r-18r-1-00m/,2026-09-29,2026-09-29
Routing & Switching,SLX-R Series (software),release,,18r.1.00n,SLX-R 18r.1.00n,200,1,27,https://supportdocs.extremenetworks.com/support/documentation/slx-r-18r-1-00n/,2026-09-29,2026-09-29
Routing & Switching,SLX-R Series (software),release,,18r.2.00,SLX-R Series (software) - 18r.2.00,200,26,27,https://supportdocs.extremenetworks.com/support/documentation/slx-r-series-software-18r-2-00/,2026-09-29,2026-09-29
Routing & Switching,SLX-R Series (software),release,,18r.2.00a,SLX-R Series (software) – 18r.2.00a,200,7,27,https://supportdocs.extremenetworks.com/support/documentation/slx-r-series-software-18r-2-00a/,2026-09-29,2026-09-29
Routing & Switching,SLX-R Series (software),release,,18r.2.00b,SLX-R Series (software) – 18r.2.00b,200,1,27,https://supportdocs.extremenetworks.com/support/documentation/slx-r-series-software-18r-2-00b/,2026-09-29,2026-09-29
Routing & Switching,SLX-R Series (software),release,,18r.2.00c,SLX-R Series (software) – 18r.2.00c,200,1,27,https://supportdocs.extremenetworks.com/support/documentation/slx-r-series-software-18r-2-00c/,2026-09-29,2026-09-29
Routing & Switching,SLX-R Series (software),release,,18r.2.00d,SLX-R Series (software) – 18r.2.00d,200,1,27,https://supportdocs.extremenetworks.com/support/documentation/slx-os-18r-2-00d/,2026-09-29,2026-09-29
Routing & Switching,SLX-S Series (software),entry,yes,18s.1.03k,SLX-S 18s.1.03k,200,1,21,https://supportdocs.extremenetworks.com/support/documentation/slx-s-18s-1-03k/,2026-09-29,2026-09-29
Routing & Switching,SLX-S Series (software),release,,17s.1.00,SLX-S Series (software) - 17s.1.00,200,13,21,https://supportdocs.extremenetworks.com/support/documentation/slx-s-series-software-17s-1-00/,2026-09-29,2026-09-29
Routing & Switching,SLX-S Series (software),release,,17s.1.01,SLX-S Series (software) - 17s.1.01,200,16,21,https://supportdocs.extremenetworks.com/support/documentation/slx-s-series-software-17s-1-01/,2026-09-29,2026-09-29
Routing & Switching,SLX-S Series (software),release,,17s.1.02,SLX-S Series (software) - 17s.1.02,200,16,21,https://supportdocs.extremenetworks.com/support/documentation/slx-s-series-software-17s-1-02/,2026-09-29,2026-09-29
Routing & Switching,SLX-S Series (software),release,,17s.1.02b,SLX-S Series (software) - 17s.1.02b,200,1,21,https://supportdocs.extremenetworks.com/support/documentation/slx-s-series-software-17s-1-02b/,2026-09-29,2026-09-29
Routing & Switching,SLX-S Series (software),release,,17s.1.02c,SLX-S Series (software) - 17s.1.02c,200,11,21,https://supportdocs.extremenetworks.com/support/documentation/slx-s-series-software-17s-1-02c/,2026-09-29,2026-09-29
Routing & Switching,SLX-S Series (software),release,,18s.1.00,SLX-S Series (software) - 18s.1.00,200,2,21,https://supportdocs.extremenetworks.com/support/documentation/slx-s-series-software-18s-1-00/,2026-09-29,2026-09-29
Routing & Switching,SLX-S Series (software),release,,18s.1.01,SLX-S Series (software) - 18s.1.01,200,18,21,https://supportdocs.extremenetworks.com/support/documentation/slx-s-series-software-18s-1-01/,2026-09-29,2026-09-29
Routing & Switching,SLX-S Series (software),release,,18s.1.01a,SLX-S Series (software) - 18s.1.01a,200,4,21,https://supportdocs.extremenetworks.com/support/documentation/version-18s-1-01a/,2026-09-29,2026-09-29
Routing & Switching,SLX-S Series (software),release,,18s.1.01c,SLX-S Series (software) - 18s.1.01c,200,2,21,https://supportdocs.extremenetworks.com/support/documentation/slx-s-series-software-18s-1-01c/,2026-09-29,2026-09-29
Routing & Switching,SLX-S Series (software),release,,18s.1.02,SLX-S Series (software) - 18s.1.02,200,3,21,https://supportdocs.extremenetworks.com/support/documentation/18s-1-02/,2026-09-29,2026-09-29
Routing & Switching,SLX-S Series (software),release,,18s.1.03,SLX-S Series (software) - 18s.1.03,200,8,21,https://supportdocs.extremenetworks.com/support/documentation/slx-s-series-software-18s-1-03/,2026-09-29,2026-09-29
Routing & Switching,SLX-S Series (software),release,,18s.1.03a,SLX-OS 18s.1.03a,200,4,21,https://supportdocs.extremenetworks.com/support/documentation/slx-os-18s-1-03a/,2026-09-29,2026-09-29
Routing & Switching,SLX-S Series (software),release,,18s.1.03b,SLX-OS 18s.1.03b,200,1,21,https://supportdocs.extremenetworks.com/support/documentation/slx-os-18s-1-03b/,2026-09-29,2026-09-29
Routing & Switching,SLX-S Series (software),release,,18s.1.03c,SLX-OS 18s.1.03c,200,1,21,https://supportdocs.extremenetworks.com/support/documentation/slx-os-18s-1-03c/,2026-09-29,2026-09-29
Routing & Switching,SLX-S Series (software),release,,18s.1.03d,SLX-OS 18s.1.03d,200,1,21,https://supportdocs.extremenetworks.com/support/documentation/slx-os-18s-1-03d/,2026-09-29,2026-09-29
Routing & Switching,SLX-S Series (software),release,,18s.1.03e,SLX-S 18s.1.03e,200,1,21,https://supportdocs.extremenetworks.com/support/documentation/slx-s-18s-1-03e/,2026-09-29,2026-09-29
Routing & Switching,SLX-S Series (software),release,,18s.1.03f,SLX-S 18s.1.03f,200,1,21,https://supportdocs.extremenetworks.com/support/documentation/slx-s-18s-1-03f/,2026-09-29,2026-09-29
Routing & Switching,SLX-S Series (software),release,,18s.1.03g,SLX-S 18s.1.03g,200,1,21,https://supportdocs.extremenetworks.com/support/documentation/slx-s-18s-1-03g/,2026-09-29,2026-09-29
Routing & Switching,SLX-S Series (software),release,,18s.1.03h,SLX-S 18s.1.03h,200,1,21,https://supportdocs.extremenetworks.com/support/documentation/slx-s-18s-1-03h/,2026-09-29,2026-09-29
Routing & Switching,SLX-S Series (software),release,,18s.1.03j,SLX-S 18s.1.03j,200,1,21,https://supportdocs.extremenetworks.com/support/documentation/slx-s-18s-1-03j/,2026-09-29,2026-09-29
Routing & Switching,SLX-X Series (Software),entry,yes,18x.1.00c,SLX-X Series (software) – 18x.1.00c,200,1,5,https://supportdocs.extremenetworks.com/support/documentation/slx-x-series-software-18x-1-00c/,2026-09-29,2026-09-29
Routing & Switching,SLX-X Series (Software),release,,18x.1.00,SLX-X Series (software) – 18x.1.00,200,16,5,https://supportdocs.extremenetworks.com/support/documentation/slx-x-series-software-18x-1-00/,2026-09-29,2026-09-29
Routing & Switching,SLX-X Series (Software),release,,18x.1.00a,SLX-X Series (software) - 18x.1.00a,200,3,5,https://supportdocs.extremenetworks.com/support/documentation/slx-x-series-software-18x-1-00a/,2026-09-29,2026-09-29
Routing & Switching,SLX-X Series (Software),release,,18x.1.00b,SLX-X Series (software) - 18x.1.00b,200,1,5,https://supportdocs.extremenetworks.com/support/documentation/slx-x-series-software-18x-1-00b/,2026-09-29,2026-09-29
Routing & Switching,SLX-X Series (Software),release,,18x.1.00bb,SLX-X Series (software) – 18x.1.00bb,200,1,5,https://supportdocs.extremenetworks.com/support/documentation/slx-x-series-software-18x-1-00bb/,2026-09-29,2026-09-29
Routing & Switching,SLX9030,entry,yes,SLX9030,SLX9030,200,3,1,https://supportdocs.extremenetworks.com/support/documentation/slx9030/,2026-09-29,2026-09-29
Routing & Switching,SLX9140,entry,yes,SLX9140,SLX9140,200,2,1,https://supportdocs.extremenetworks.com/support/documentation/slx9140/,2026-09-29,2026-09-29
Routing & Switching,SLX9150,entry,yes,,SLX9150,200,4,1,https://supportdocs.extremenetworks.com/support/documentation/slx9150/,2026-09-29,2026-09-29
Routing & Switching,SLX9240,entry,yes,SLX9240,SLX9240,200,2,1,https://supportdocs.extremenetworks.com/support/documentation/slx9240/,2026-09-29,2026-09-29
Routing & Switching,SLX9250,entry,yes,,SLX9250,200,3,1,https://supportdocs.extremenetworks.com/support/documentation/slx9250/,2026-09-29,2026-09-29
Routing & Switching,SLX9540,entry,yes,SLX9540,SLX9540,200,2,1,https://supportdocs.extremenetworks.com/support/documentation/slx9540/,2026-09-29,2026-09-29
Routing & Switching,SLX9640,entry,yes,SLX9640,SLX9640,200,2,1,https://supportdocs.extremenetworks.com/support/documentation/slx9640/,2026-09-29,2026-09-29
Routing & Switching,SLX9740,entry,yes,,SLX9740,200,3,0,https://supportdocs.extremenetworks.com/support/documentation/slx9740/,2026-09-29,2026-09-29
Routing & Switching,SLX9850,entry,yes,SLX9850,SLX9850,200,15,1,https://supportdocs.extremenetworks.com/support/documentation/slx9850/,2026-09-29,2026-09-29
Routing & Switching,SR2024 and SR2024P,entry,yes,,SR2024 and SR2024P,200,2,0,https://supportdocs.extremenetworks.com/support/documentation/sr2200-2300/,2026-09-29,2026-09-29
Routing & Switching,SR2124P,entry,yes,,SR2124P,200,2,0,https://supportdocs.extremenetworks.com/support/documentation/sr2124p/,2026-09-29,2026-09-29
Routing & Switching,SR2148P,entry,yes,,SR2148P,200,2,0,https://supportdocs.extremenetworks.com/support/documentation/sr2148p/,2026-09-29,2026-09-29
Routing & Switching,SR2208P,entry,yes,,SR2208P,200,2,0,https://supportdocs.extremenetworks.com/support/documentation/sr2208p/,2026-09-29,2026-09-29
Routing & Switching,SR2224P,entry,yes,,SR2224P,200,2,0,https://supportdocs.extremenetworks.com/support/documentation/sr2224p/,2026-09-29,2026-09-29
Routing & Switching,SR2324P,entry,yes,,SR2324P,200,2,0,https://supportdocs.extremenetworks.com/support/documentation/sr2324p/,2026-09-29,2026-09-29
Routing & Switching,SR2348P,entry,yes,,SR2348P,200,2,0,https://supportdocs.extremenetworks.com/support/documentation/sr2348p/,2026-09-29,2026-09-29
Routing & Switching,Summit Family Switches,entry,yes,,Visio Stencils Documentation,200,0,6,https://supportdocs.extremenetworks.com/support/documentation/visio-stencils/,2026-09-29,2026-09-29
Routing & Switching,Summit Family Switches,release,,Summit 200 Series,Summit 200 Series,200,3,6,https://supportdocs.extremenetworks.com/support/documentation/summit-200-series/,2026-09-29,2026-09-29
Routing & Switching,Summit Family Switches,release,,Summit 300 Series,Summit 300 Series,200,0,6,https://supportdocs.extremenetworks.com/support/documentation/summit-300-series/,2026-09-29,2026-09-29
Routing & Switching,Summit Family Switches,release,,Summit Family Hardware Guides,Summit Family Hardware Guides,200,4,6,https://supportdocs.extremenetworks.com/support/documentation/summit-family-hardware-guides/,2026-09-29,2026-09-29
Routing & Switching,Summit Family Switches,release,,Summit24x Series,Summit24x Series,200,2,6,https://supportdocs.extremenetworks.com/support/documentation/summit24x-series/,2026-09-29,2026-09-29
Routing & Switching,Summit Family Switches,release,,SummitGbX,SummitGbX,200,2,6,https://supportdocs.extremenetworks.com/support/documentation/summitgbx/,2026-09-29,2026-09-29
Routing & Switching,Summit Family Switches,release,,SummitPX1 Switch,SummitPX1 Switch,200,1,6,https://supportdocs.extremenetworks.com/support/documentation/summitpx1-switch/,2026-09-29,2026-09-29
Routing & Switching,Switch Engine,entry,yes,33.7.1,Switch Engine 33.7.1,200,8,22,https://supportdocs.extremenetworks.com/support/documentation/switch-engine-33-7-1/,2026-09-29,2026-09-29
Routing & Switching,Switch Engine,release,,31.6.x,Switch Engine 31.6.x,200,3,22,https://supportdocs.extremenetworks.com/support/documentation/switch-engine-31-6/,2026-09-29,2026-09-29
Routing & Switching,Switch Engine,release,,31.7.x,Switch Engine 31.7.x,200,20,22,https://supportdocs.extremenetworks.com/support/documentation/switch-engine-31-7-x/,2026-09-29,2026-09-29
Routing & Switching,Switch Engine,release,,32.1,Switch Engine 32.1,200,8,22,https://supportdocs.extremenetworks.com/support/documentation/switch-engine/,2026-09-29,2026-09-29
Routing & Switching,Switch Engine,release,,32.2,Switch Engine 32.2,200,5,22,https://supportdocs.extremenetworks.com/support/documentation/switch-engine-32-2/,2026-09-29,2026-09-29
Routing & Switching,Switch Engine,release,,32.3,Switch Engine 32.3,200,6,22,https://supportdocs.extremenetworks.com/support/documentation/switch-engine-32-3/,2026-09-29,2026-09-29
Routing & Switching,Switch Engine,release,,32.4,Switch Engine 32.4,200,6,22,https://supportdocs.extremenetworks.com/support/documentation/switch-engine-32-4/,2026-09-29,2026-09-29
Routing & Switching,Switch Engine,release,,32.5,Switch Engine 32.5,200,9,22,https://supportdocs.extremenetworks.com/support/documentation/switch-engine-32-5/,2026-09-29,2026-09-29
Routing & Switching,Switch Engine,release,,32.6.1,Switch Engine 32.6.1,200,7,22,https://supportdocs.extremenetworks.com/support/documentation/switch-engine-32-6-1/,2026-09-29,2026-09-29
Routing & Switching,Switch Engine,release,,32.6.3,Switch Engine 32.6.3,200,7,22,https://supportdocs.extremenetworks.com/support/documentation/switch-engine-32-6-3/,2026-09-29,2026-09-29
Routing & Switching,Switch Engine,release,,32.7.1,Switch Engine 32.7.1,200,11,22,https://supportdocs.extremenetworks.com/support/documentation/switch-engine-32-7-1/,2026-09-29,2026-09-29
Routing & Switching,Switch Engine,release,,32.7.2,Switch Engine 32.7.2,200,1,22,https://supportdocs.extremenetworks.com/support/documentation/switch-engine-32-7-2/,2026-09-29,2026-09-29
Routing & Switching,Switch Engine,release,,32.7.3,Switch Engine 32.7.3,200,5,22,https://supportdocs.extremenetworks.com/support/documentation/switch-engine-32-7-3/,2026-09-29,2026-09-29
Routing & Switching,Switch Engine,release,,32.7.4,Switch Engine 32.7.4,200,2,22,https://supportdocs.extremenetworks.com/support/documentation/switch-engine-32-7-4/,2026-09-29,2026-09-29
Routing & Switching,Switch Engine,release,,33.1.1,Switch Engine 33.1.1,200,7,22,https://supportdocs.extremenetworks.com/support/documentation/switch-engine-33-1-1/,2026-09-29,2026-09-29
Routing & Switching,Switch Engine,release,,33.1.100,Switch Engine 33.1.100,200,4,22,https://supportdocs.extremenetworks.com/support/documentation/switch-engine-33-1-100/,2026-09-29,2026-09-29
Routing & Switching,Switch Engine,release,,33.2.1,Switch Engine 33.2.1,200,7,22,https://supportdocs.extremenetworks.com/support/documentation/switch-engine-33-2-1/,2026-09-29,2026-09-29
Routing & Switching,Switch Engine,release,,33.3.1,Switch Engine 33.3.1,200,8,22,https://supportdocs.extremenetworks.com/support/documentation/switch-engine-33-3-1/,2026-09-29,2026-09-29
Routing & Switching,Switch Engine,release,,33.4.1,Switch Engine 33.4.1,200,7,22,https://supportdocs.extremenetworks.com/support/documentation/switch-engine-33-4-1/,2026-09-29,2026-09-29
Routing & Switching,Switch Engine,release,,33.5.1,Switch Engine 33.5.1,200,6,22,https://supportdocs.extremenetworks.com/support/documentation/switch-engine-33-5-1/,2026-09-29,2026-09-29
Routing & Switching,Switch Engine,release,,33.5.2,Switch Engine 33.5.2,200,4,22,https://supportdocs.extremenetworks.com/support/documentation/switch-engine-33-5-2/,2026-09-29,2026-09-29
Routing & Switching,Switch Engine,release,,33.6.1,Switch Engine 33.6.1,200,6,22,https://supportdocs.extremenetworks.com/support/documentation/switch-engine-33-6-1/,2026-09-29,2026-09-29
Routing & Switching,V300 Virtual Port Extender,entry,yes,,V300,200,5,0,https://supportdocs.extremenetworks.com/support/documentation/v300/,2026-09-29,2026-09-29
Routing & Switching,V400 Virtual Port Extender,entry,yes,,V400,200,6,0,https://supportdocs.extremenetworks.com/support/documentation/v400/,2026-09-29,2026-09-29
Routing & Switching,VDX6740,entry,yes,VDX6740,VDX6740,200,3,1,https://supportdocs.extremenetworks.com/support/documentation/vdx6740/,2026-09-29,2026-09-29
Routing & Switching,VDX6940,entry,yes,VDX6940,VDX6940,200,2,1,https://supportdocs.extremenetworks.com/support/documentation/vdx6940/,2026-09-29,2026-09-29
Routing & Switching,VDX8770,entry,yes,VDX8770,VDX8770,200,4,1,https://supportdocs.extremenetworks.com/support/documentation/vdx8770/,2026-09-29,2026-09-29
Routing & Switching,VOSS White Box Edition,entry,,Document Collections,VOSS Private Label White Box Edition - Document Collections,200,6,13,https://supportdocs.extremenetworks.com/support/documentation/voss-private-label-white-box-edition-document-collections/,2026-09-29,2026-09-29
Routing & Switching,VOSS White Box Edition,release,,4.3.0,VOSS Private Label White Box Edition - 4.3.0,200,19,13,https://supportdocs.extremenetworks.com/support/documentation/voss-4-3-0/,2026-09-29,2026-09-29
Routing & Switching,VOSS White Box Edition,release,,4.3.1,VOSS Private Label White Box Edition - 4.3.1,200,1,13,https://supportdocs.extremenetworks.com/support/documentation/voss-private-label-white-box-edition-4-3-1/,2026-09-29,2026-09-29
Routing & Switching,VOSS White Box Edition,release,,5.2.x,VOSS Private Label White Box Edition - 5.2.x,200,11,13,https://supportdocs.extremenetworks.com/support/documentation/voss-private-label-white-box-edition-5-2-x/,2026-09-29,2026-09-29
Routing & Switching,VOSS White Box Edition,release,,5.3.x,VOSS Private Label White Box Edition - 5.3.x,200,4,13,https://supportdocs.extremenetworks.com/support/documentation/voss-private-label-white-box-edition-5-3-x/,2026-09-29,2026-09-29
Routing & Switching,VOSS White Box Edition,release,,6.0.0,VOSS Private Label White Box Edition - 6.0.0,200,1,13,https://supportdocs.extremenetworks.com/support/documentation/voss-private-label-white-box-edition-6-0-0/,2026-09-29,2026-09-29
Routing & Switching,VOSS White Box Edition,release,,6.0.1.1,VOSS Private Label White Box Edition - 6.0.1.1,200,1,13,https://supportdocs.extremenetworks.com/support/documentation/vosspl-6-0-1-1/,2026-09-29,2026-09-29
Routing & Switching,VOSS White Box Edition,release,,6.0.x,VOSS Private Label White Box Edition - 6.0.x,200,19,13,https://supportdocs.extremenetworks.com/support/documentation/voss-private-label-white-box-edition-6-0-x/,2026-09-29,2026-09-29
Routing & Switching,VOSS White Box Edition,release,yes,6.1.3.0,VOSS Private Label White Box Edition - 6.1.3.0,200,1,13,https://supportdocs.extremenetworks.com/support/documentation/vosspl-6-1-3-0/,2026-09-29,2026-09-29
Routing & Switching,VOSS White Box Edition,release,yes,6.1.3.1,VOSS Private Label White Box Edition - 6.1.3.1,200,1,13,https://supportdocs.extremenetworks.com/support/documentation/vosspl-6-1-3-1/,2026-09-29,2026-09-29
Routing & Switching,VOSS White Box Edition,release,yes,6.1.3.2,VOSS Private Label White Box Edition - 6.1.3.2,200,1,13,https://supportdocs.extremenetworks.com/support/documentation/vosspl-6-1-3-2/,2026-09-29,2026-09-29
Routing & Switching,VOSS White Box Edition,release,yes,6.1.4.0,VOSS Private Label White Box Edition - 6.1.4.0,200,1,13,https://supportdocs.extremenetworks.com/support/documentation/vosspl-6-1-4-0/,2026-09-29,2026-09-29
Routing & Switching,VOSS White Box Edition,release,yes,6.1.x,VOSS Private Label White Box Edition - 6.1.x,200,20,13,https://supportdocs.extremenetworks.com/support/documentation/voss-private-label-white-box-edition-6-1-x/,2026-09-29,2026-09-29
Routing & Switching,VPN Gateway Virtual Appliance,entry,yes,,VPN Gateway Virtual Appliance Documentation,200,1,0,https://supportdocs.extremenetworks.com/support/documentation/vpn-gateway-virtual-appliance/,2026-09-29,2026-09-29
Routing & Switching,VSP 4000 Series (Hardware),entry,yes,Hardware Documents,VSP 4000 Series - Hardware Documents,200,59,1,https://supportdocs.extremenetworks.com/support/documentation/vsp-4000-series-hardware-documents/,2026-09-29,2026-09-29
Routing & Switching,VSP 4900 Series (Hardware),entry,yes,,VSP 4900 Series (Hardware),200,2,0,https://supportdocs.extremenetworks.com/support/documentation/vsp-4900-series-hardware/,2026-09-29,2026-09-29
Routing & Switching,VSP 7200 Series (Hardware),entry,yes,Hardware Documents,VSP 7200 Series - Hardware Documents,200,22,1,https://supportdocs.extremenetworks.com/support/documentation/vsp-7200-series-hardware-documents/,2026-09-29,2026-09-29
Routing & Switching,VSP 7400 Series (Hardware),entry,yes,,VSP 7400 Series (Hardware),200,2,0,https://supportdocs.extremenetworks.com/support/documentation/vsp-7400-series-hardware/,2026-09-29,2026-09-29
Routing & Switching,VSP 8000 Series (Hardware),entry,yes,Hardware Documents,VSP 8000 Series - Hardware Documents,200,9,3,https://supportdocs.extremenetworks.com/support/documentation/vsp-8000-series-hardware-documents/,2026-09-29,2026-09-29
Routing & Switching,VSP 8000 Series (Hardware),release,,Hardware (Legacy),VSP 8000 Series - Hardware (Legacy),200,18,3,https://supportdocs.extremenetworks.com/support/documentation/vsp-8000-series-hardware-legacy/,2026-09-29,2026-09-29
Routing & Switching,VSP 8000 Series (Hardware),release,,Hardware Documents (Localized),VSP 8000 Series - Hardware Documents (Localized),200,15,3,https://supportdocs.extremenetworks.com/support/documentation/vsp-8000-series-hardware-documents-localized/,2026-09-29,2026-09-29
Routing & Switching,VSP 8600 Series,entry,yes,8.1.x,VSP 8600 Series 8.1.x,200,14,7,https://supportdocs.extremenetworks.com/support/documentation/vsp-8600-series-8-1-x/,2026-09-29,2026-09-29
Routing & Switching,VSP 8600 Series,release,,4.5.0.1,VSP 8600 Series - 4.5.0.1,200,21,7,https://supportdocs.extremenetworks.com/support/documentation/vsp-8600-series-4-5-0-1/,2026-09-29,2026-09-29
Routing & Switching,VSP 8600 Series,release,,6.1.x,VSP 8600 Series 6.1.x,200,28,7,https://supportdocs.extremenetworks.com/support/documentation/vsp-8600-series-6-1/,2026-09-29,2026-09-29
Routing & Switching,VSP 8600 Series,release,,6.2.x,VSP 8600 Series 6.2.x,200,26,7,https://supportdocs.extremenetworks.com/support/documentation/vsp-8600-series-6-2-x/,2026-09-29,2026-09-29
Routing & Switching,VSP 8600 Series,release,,6.3.x,VSP 8600 Series 6.3.x,200,30,7,https://supportdocs.extremenetworks.com/support/documentation/vsp-8600-series-6-3-x/,2026-09-29,2026-09-29
Routing & Switching,VSP 8600 Series,release,,8.0.x,VSP 8600 Series 8.0.x,200,28,7,https://supportdocs.extremenetworks.com/support/documentation/vsp-8600-series-release-8-0-x/,2026-09-29,2026-09-29
Routing & Switching,VSP 8600 Series,release,,Document Collections,VSP 8600 Series - Document Collections,200,7,7,https://supportdocs.extremenetworks.com/support/documentation/vsp-8600-series-document-collections/,2026-09-29,2026-09-29
Routing & Switching,VSP 8600 Series (Hardware),entry,yes,Hardware Documents,VSP 8600 Series - Hardware Documents,200,13,1,https://supportdocs.extremenetworks.com/support/documentation/vsp-8600-series-hardware-documents/,2026-09-29,2026-09-29
Routing & Switching,VSP 9000 Series,entry,,Document Collections,VSP 9000 Series - Document Collection,200,4,9,https://supportdocs.extremenetworks.com/support/documentation/vsp-9000-series-document-collection/,2026-09-29,2026-09-29
Routing & Switching,VSP 9000 Series,release,,3.0.x,VSP 9000 Series - 3.0.x,200,3,9,https://supportdocs.extremenetworks.com/support/documentation/vsp-9000-series-3-0-x/,2026-09-29,2026-09-29
Routing & Switching,VSP 9000 Series,release,,3.1.x,VSP 9000 Series - 3.1.x,200,5,9,https://supportdocs.extremenetworks.com/support/documentation/vsp-9000-series-3-1-x/,2026-09-29,2026-09-29
Routing & Switching,VSP 9000 Series,release,,3.2.x,VSP 9000 Series - 3.2.x,200,23,9,https://supportdocs.extremenetworks.com/support/documentation/vsp-9000-series-3-2-x/,2026-09-29,2026-09-29
Routing & Switching,VSP 9000 Series,release,,3.3.x,VSP 9000 Series - 3.3.x,200,16,9,https://supportdocs.extremenetworks.com/support/documentation/vsp-9000-series-3-3-x/,2026-09-29,2026-09-29
Routing & Switching,VSP 9000 Series,release,,3.4.x,VSP 9000 Series - 3.4.x,200,27,9,https://supportdocs.extremenetworks.com/support/documentation/vsp-9000-series-3-4-x/,2026-09-29,2026-09-29
Routing & Switching,VSP 9000 Series,release,,4.0.x,VSP 9000 Series - 4.0.x,200,27,9,https://supportdocs.extremenetworks.com/support/documentation/vsp-9000-series-4-0-x/,2026-09-29,2026-09-29
Routing & Switching,VSP 9000 Series,release,,4.1.x,VSP 9000 Series - 4.1.x,200,35,9,https://supportdocs.extremenetworks.com/support/documentation/vsp-9000-series-4-1-x/,2026-09-29,2026-09-29
Routing & Switching,VSP 9000 Series,release,yes,4.2.x,VSP 9000 Series - 4.2.x,200,8,9,https://supportdocs.extremenetworks.com/support/documentation/vsp-9000-series-4-2/,2026-09-29,2026-09-29
Routing & Switching,VSP 9000 Series (Hardware),entry,yes,Hardware Documents,VSP 9000 Series - Hardware Documents,200,65,2,https://supportdocs.extremenetworks.com/support/documentation/vsp-9000-series-hardware-documents/,2026-09-29,2026-09-29
Routing & Switching,VSP 9000 Series (Hardware),release,,TCG/TSG,VSP 9000 Series - TCG/TSG,200,4,2,https://supportdocs.extremenetworks.com/support/documentation/vsp-9000-series-software-tcg-tsg/,2026-09-29,2026-09-29
Routing & Switching,VSP Operating System Software (VOSS),entry,,Document Collections,VSP Operating System Software (VOSS) - Document Collections,200,68,97,https://supportdocs.extremenetworks.com/support/documentation/vsp-operating-system-software-voss-document-collections/,2026-09-29,2026-09-29
Routing & Switching,VSP Operating System Software (VOSS),release,,4.2.0.1,VSP Operating System Software (VOSS) - 4.2.0.1,200,1,97,https://supportdocs.extremenetworks.com/support/documentation/4-2-0-1/,2026-09-29,2026-09-29
Routing & Switching,VSP Operating System Software (VOSS),release,,4.2.1.1,VSP Operating System Software (VOSS) - 4.2.1.1,200,19,97,https://supportdocs.extremenetworks.com/support/documentation/voss-4-2-1-1/,2026-09-29,2026-09-29
Routing & Switching,VSP Operating System Software (VOSS),release,,5.0.0,VSP Operating System Software (VOSS) - 5.0.0,200,2,97,https://supportdocs.extremenetworks.com/support/documentation/voss-5-0-0/,2026-09-29,2026-09-29
Routing & Switching,VSP Operating System Software (VOSS),release,,5.1.0.0,VSP Operating System Software (VOSS) - 5.1.0.0,200,10,97,https://supportdocs.extremenetworks.com/support/documentation/voss-5-1-0-0/,2026-09-29,2026-09-29
Routing & Switching,VSP Operating System Software (VOSS),release,,5.1.1,VSP Operating System Software (VOSS) - 5.1.1,200,4,97,https://supportdocs.extremenetworks.com/support/documentation/voss-5-1-1/,2026-09-29,2026-09-29
Routing & Switching,VSP Operating System Software (VOSS),release,,5.1.1.4,VSP Operating System Software (VOSS) - 5.1.1.4,200,1,97,https://supportdocs.extremenetworks.com/support/documentation/voss-5-1-1-4/,2026-09-29,2026-09-29
Routing & Switching,VSP Operating System Software (VOSS),release,,5.1.2,VSP Operating System Software (VOSS) - 5.1.2,200,13,97,https://supportdocs.extremenetworks.com/support/documentation/voss-5-1-2/,2026-09-29,2026-09-29
Routing & Switching,VSP Operating System Software (VOSS),release,,5.1.x,VSP Operating System Software (VOSS) - 5.1.x,200,8,97,https://supportdocs.extremenetworks.com/support/documentation/voss-5-1-0/,2026-09-29,2026-09-29
Routing & Switching,VSP Operating System Software (VOSS),release,,5.3,VSP Operating System Software (VOSS) - 5.3.0,200,1,97,https://supportdocs.extremenetworks.com/support/documentation/voss-5-3-0/,2026-09-29,2026-09-29
Routing & Switching,VSP Operating System Software (VOSS),release,,6.0.x,VSP Operating System Software (VOSS) - 6.0.x,200,22,97,https://supportdocs.extremenetworks.com/support/documentation/vsp-operating-system-software-voss-6/,2026-09-29,2026-09-29
Routing & Switching,VSP Operating System Software (VOSS),release,,6.1.x,VSP Operating System Software (VOSS) - 6.1.x,200,38,97,https://supportdocs.extremenetworks.com/support/documentation/voss-6-1-0/,2026-09-29,2026-09-29
Routing & Switching,VSP Operating System Software (VOSS),release,,7.0.x,VSP Operating System Software (VOSS) - 7.0.x,200,25,97,https://supportdocs.extremenetworks.com/support/documentation/vsp-operating-system-software-voss-7-0-0/,2026-09-29,2026-09-29
Routing & Switching,VSP Operating System Software (VOSS),release,,7.1.10.0,VSP Operating System Software (VOSS) - 7.1.10.0,200,1,97,https://supportdocs.extremenetworks.com/support/documentation/vsp-operating-system-software-voss-7-1-10-0/,2026-09-29,2026-09-29
Routing & Switching,VSP Operating System Software (VOSS),release,,7.1.11.0,VSP Operating System Software (VOSS) - 7.1.11.0,200,1,97,https://supportdocs.extremenetworks.com/support/documentation/vsp-operating-system-software-voss-7-1-11-0/,2026-09-29,2026-09-29
Routing & Switching,VSP Operating System Software (VOSS),release,,7.1.x,VSP Operating System Software (VOSS) – 7.1.x,200,34,97,https://supportdocs.extremenetworks.com/support/documentation/vsp-operating-system-software-voss-7-1-0/,2026-09-29,2026-09-29
Routing & Switching,VSP Operating System Software (VOSS),release,,8.0.0,VSP Operating System Software (VOSS) – 8.0.0,200,23,97,https://supportdocs.extremenetworks.com/support/documentation/vsp-operating-system-software-voss-8-0-0/,2026-09-29,2026-09-29
Routing & Switching,VSP Operating System Software (VOSS),release,,8.0.5,VSP Operating System Software (VOSS) – 8.0.5,200,24,97,https://supportdocs.extremenetworks.com/support/documentation/vsp-operating-system-software-voss-8-0-5/,2026-09-29,2026-09-29
Routing & Switching,VSP Operating System Software (VOSS),release,,8.0.50,VSP Operating System Software (VOSS) – 8.0.50,200,18,97,https://supportdocs.extremenetworks.com/support/documentation/vsp-operating-system-software-voss-8-0-50/,2026-09-29,2026-09-29
Routing & Switching,VSP Operating System Software (VOSS),release,,8.0.x,VSP Operating System Software (VOSS) – 8.0.x,200,11,97,https://supportdocs.extremenetworks.com/support/documentation/vsp-operating-system-software-voss-8-0-x/,2026-09-29,2026-09-29
Routing & Switching,VSP Operating System Software (VOSS),release,,8.1.0,VSP Operating System Software (VOSS) – 8.1.0,200,28,97,https://supportdocs.extremenetworks.com/support/documentation/vsp-operating-system-software-voss-8-1-x/,2026-09-29,2026-09-29
Routing & Switching,VSP Operating System Software (VOSS),release,,8.1.1.0,VSP Operating System Software (VOSS) – 8.1.1.0,200,1,97,https://supportdocs.extremenetworks.com/support/documentation/vsp-operating-system-software-voss-8-1-1-0/,2026-09-29,2026-09-29
Routing & Switching,VSP Operating System Software (VOSS),release,,8.1.10.0,VSP Operating System Software (VOSS) - 8.1.10.0,200,1,97,https://supportdocs.extremenetworks.com/support/documentation/vsp-operating-system-software-voss-8-1-10-0/,2026-09-29,2026-09-29
Routing & Switching,VSP Operating System Software (VOSS),release,,8.1.2.0,VSP Operating System Software (VOSS) – 8.1.2.0,200,1,97,https://supportdocs.extremenetworks.com/support/documentation/vsp-operating-system-software-voss-8-1-2-0/,2026-09-29,2026-09-29
Routing & Switching,VSP Operating System Software (VOSS),release,,8.1.5,VSP Operating System Software (VOSS) – 8.1.5,200,24,97,https://supportdocs.extremenetworks.com/support/documentation/vsp-operating-system-software-voss-8-1-5/,2026-09-29,2026-09-29
Routing & Switching,VSP Operating System Software (VOSS),release,,8.1.50,VSP Operating System Software (VOSS) – 8.1.50,200,24,97,https://supportdocs.extremenetworks.com/support/documentation/vsp-operating-system-software-voss-8-1-50/,2026-09-29,2026-09-29
Routing & Switching,VSP Operating System Software (VOSS),release,,8.1.6.0,VSP Operating System Software (VOSS) – 8.1.6.0,200,1,97,https://supportdocs.extremenetworks.com/support/documentation/vsp-operating-system-software-voss-8-1-6-0/,2026-09-29,2026-09-29
Routing & Switching,VSP Operating System Software (VOSS),release,,8.1.7.0,VSP Operating System Software (VOSS) – 8.1.7.0,200,1,97,https://supportdocs.extremenetworks.com/support/documentation/vsp-operating-system-software-voss-8-1-7-0/,2026-09-29,2026-09-29
Routing & Switching,VSP Operating System Software (VOSS),release,,8.1.8.0,VSP Operating System Software (VOSS) – 8.1.8.0,200,1,97,https://supportdocs.extremenetworks.com/support/documentation/vsp-operating-system-software-voss-8-1-8-0/,2026-09-29,2026-09-29
Routing & Switching,VSP Operating System Software (VOSS),release,,8.1.9.0,VSP Operating System Software (VOSS) - 8.1.9.0,200,1,97,https://supportdocs.extremenetworks.com/support/documentation/vsp-operating-system-software-voss-8-1-9-0/,2026-09-29,2026-09-29
Routing & Switching,VSP Operating System Software (VOSS),release,,8.10.0,VSP Operating System Software (VOSS) - 8.10.0,200,7,97,https://supportdocs.extremenetworks.com/support/documentation/vsp-operating-system-software-voss-8-10-0/,2026-09-29,2026-09-29
Routing & Switching,VSP Operating System Software (VOSS),release,,8.10.1.0,VSP Operating System Software (VOSS) - 8.10.1.0,200,1,97,https://supportdocs.extremenetworks.com/support/documentation/vsp-operating-system-software-voss-8-10-1-0/,2026-09-29,2026-09-29
Routing & Switching,VSP Operating System Software (VOSS),release,,8.10.2.0,VSP Operating System Software (VOSS) - 8.10.2.0,200,1,97,https://supportdocs.extremenetworks.com/support/documentation/vsp-operating-system-software-voss-8-10-2-0/,2026-09-29,2026-09-29
Routing & Switching,VSP Operating System Software (VOSS),release,,8.10.3.0,VSP Operating System Software (VOSS) - 8.10.3.0,200,1,97,https://supportdocs.extremenetworks.com/support/documentation/vsp-operating-system-software-voss-8-10-3-0/,2026-09-29,2026-09-29
Routing & Switching,VSP Operating System Software (VOSS),release,,8.10.4.0,VSP Operating System Software (VOSS) - 8.10.4.0,200,1,97,https://supportdocs.extremenetworks.com/support/documentation/vsp-operating-system-software-voss-8-10-4-0/,2026-09-29,2026-09-29
Routing & Switching,VSP Operating System Software (VOSS),release,,8.10.5.0,VSP Operating System Software (VOSS) - 8.10.5.0,200,1,97,https://supportdocs.extremenetworks.com/support/documentation/vsp-operating-system-software-voss-8-10-5-0/,2026-09-29,2026-09-29
Routing & Switching,VSP Operating System Software (VOSS),release,,8.10.6.0,VSP Operating System Software (VOSS) - 8.10.6.0,200,1,97,https://supportdocs.extremenetworks.com/support/documentation/vsp-operating-system-software-voss-8-10-6-0/,2026-09-29,2026-09-29
Routing & Switching,VSP Operating System Software (VOSS),release,,8.10.6.1,VSP Operating System Software (VOSS) - 8.10.6.1,200,1,97,https://supportdocs.extremenetworks.com/support/documentation/vsp-operating-system-software-voss-8-10-6-1/,2026-09-29,2026-09-29
Routing & Switching,VSP Operating System Software (VOSS),release,,8.10.7.0,VSP Operating System Software (VOSS) - 8.10.7.0,200,1,97,https://supportdocs.extremenetworks.com/support/documentation/vsp-operating-system-software-voss-8-10-7-0/,2026-09-29,2026-09-29
Routing & Switching,VSP Operating System Software (VOSS),release,,8.10.8.0,VSP Operating System Software (VOSS) - 8.10.8.0,200,1,97,https://supportdocs.extremenetworks.com/support/documentation/vsp-operating-system-software-voss-8-10-8-0/,2026-09-29,2026-09-29
Routing & Switching,VSP Operating System Software (VOSS),release,,8.10.9.0,VSP Operating System Software (VOSS) - 8.10.9.0,200,1,97,https://supportdocs.extremenetworks.com/support/documentation/vsp-operating-system-software-voss-8-10-9-0/,2026-09-29,2026-09-29
Routing & Switching,VSP Operating System Software (VOSS),release,,8.2.0,VSP Operating System Software (VOSS) – 8.2.0,200,28,97,https://supportdocs.extremenetworks.com/support/documentation/vsp-operating-system-software-voss-8-2-x/,2026-09-29,2026-09-29
Routing & Switching,VSP Operating System Software (VOSS),release,,8.2.100.0,VSP Operating System Software (VOSS) - 8.2.100.0,200,1,97,https://supportdocs.extremenetworks.com/support/documentation/vsp-operating-system-software-voss-8-2-100-0/,2026-09-29,2026-09-29
Routing & Switching,VSP Operating System Software (VOSS),release,,8.2.5,VSP Operating System Software (VOSS) – 8.2.5,200,1,97,https://supportdocs.extremenetworks.com/support/documentation/vsp-operating-system-software-voss-8-2-5/,2026-09-29,2026-09-29
Routing & Switching,VSP Operating System Software (VOSS),release,,8.2.6.0,VSP Operating System Software (VOSS) – 8.2.6.0,200,1,97,https://supportdocs.extremenetworks.com/support/documentation/vsp-operating-system-software-voss-8-2-6/,2026-09-29,2026-09-29
Routing & Switching,VSP Operating System Software (VOSS),release,,8.2.7.0,VSP Operating System Software (VOSS) – 8.2.7.0,200,1,97,https://supportdocs.extremenetworks.com/support/documentation/vsp-operating-system-software-voss-8-2-7-0/,2026-09-29,2026-09-29
Routing & Switching,VSP Operating System Software (VOSS),release,,8.2.8.0,VSP Operating System Software (VOSS) - 8.2.8.0,200,1,97,https://supportdocs.extremenetworks.com/support/documentation/vsp-operating-system-software-voss-8-2-8-0/,2026-09-29,2026-09-29
Routing & Switching,VSP Operating System Software (VOSS),release,,8.3.0,VSP Operating System Software (VOSS) – 8.3.0,200,7,97,https://supportdocs.extremenetworks.com/support/documentation/vsp-operating-system-software-voss-8-3-0/,2026-09-29,2026-09-29
Routing & Switching,VSP Operating System Software (VOSS),release,,8.3.1,VSP Operating System Software (VOSS) - 8.3.1,200,2,97,https://supportdocs.extremenetworks.com/support/documentation/vsp-operating-system-software-voss-8-3-1/,2026-09-29,2026-09-29
Routing & Switching,VSP Operating System Software (VOSS),release,,8.3.100.0,VSP Operating System Software (VOSS) - 8.3.100.0,200,1,97,https://supportdocs.extremenetworks.com/support/documentation/vsp-operating-system-software-voss-8-3-100-0/,2026-09-29,2026-09-29
Routing & Switching,VSP Operating System Software (VOSS),release,,8.4.0,VSP Operating System Software (VOSS) - 8.4.0,200,7,97,https://supportdocs.extremenetworks.com/support/documentation/vsp-operating-system-software-voss-8-4-0/,2026-09-29,2026-09-29
Routing & Switching,VSP Operating System Software (VOSS),release,,8.4.0.1,VSP Operating System Software (VOSS) – 8.4.0.1,200,1,97,https://supportdocs.extremenetworks.com/support/documentation/vsp-operating-system-software-voss-8-4-0-1/,2026-09-29,2026-09-29
Routing & Switching,VSP Operating System Software (VOSS),release,,8.4.1.0,VSP Operating System Software (VOSS) - 8.4.1.0,200,1,97,https://supportdocs.extremenetworks.com/support/documentation/vsp-operating-system-software-voss-8-4-1-0/,2026-09-29,2026-09-29
Routing & Switching,VSP Operating System Software (VOSS),release,,8.4.1.1,VSP Operating System Software (VOSS) - 8.4.1.1,200,1,97,https://supportdocs.extremenetworks.com/support/documentation/vsp-operating-system-software-voss-8-4-1-1/,2026-09-29,2026-09-29
Routing & Switching,VSP Operating System Software (VOSS),release,,8.4.2,VSP Operating System Software (VOSS) - 8.4.2,200,6,97,https://supportdocs.extremenetworks.com/support/documentation/vsp-operating-system-software-voss-8-4-2/,2026-09-29,2026-09-29
Routing & Switching,VSP Operating System Software (VOSS),release,,8.4.2.1,VSP Operating System Software (VOSS) – 8.4.2.1,200,1,97,https://supportdocs.extremenetworks.com/support/documentation/vsp-operating-system-software-voss-8-4-2-1/,2026-09-29,2026-09-29
Routing & Switching,VSP Operating System Software (VOSS),release,,8.4.3.0,VSP Operating System Software (VOSS) - 8.4.3.0,200,1,97,https://supportdocs.extremenetworks.com/support/documentation/vsp-operating-system-software-voss-8-4-3-0/,2026-09-29,2026-09-29
Routing & Switching,VSP Operating System Software (VOSS),release,,8.5.0,VSP Operating System Software (VOSS) - 8.5.0,200,7,97,https://supportdocs.extremenetworks.com/support/documentation/vsp-operating-system-software-voss-8-5-0/,2026-09-29,2026-09-29
Routing & Switching,VSP Operating System Software (VOSS),release,,8.5.1.0,VSP Operating System Software (VOSS) - 8.5.1.0,200,1,97,https://supportdocs.extremenetworks.com/support/documentation/vsp-operating-system-software-voss-8-5-1-0/,2026-09-29,2026-09-29
Routing & Switching,VSP Operating System Software (VOSS),release,,8.5.2.0,VSP Operating System Software (VOSS) - 8.5.2.0,200,1,97,https://supportdocs.extremenetworks.com/support/documentation/vsp-operating-system-software-voss-8-5-2-0/,2026-09-29,2026-09-29
Routing & Switching,VSP Operating System Software (VOSS),release,,8.5.3.0,VSP Operating System Software (VOSS) - 8.5.3.0,200,1,97,https://supportdocs.extremenetworks.com/support/documentation/vsp-operating-system-software-voss-8-5-3-0/,2026-09-29,2026-09-29
Routing & Switching,VSP Operating System Software (VOSS),release,,8.5.4.0,VSP Operating System Software (VOSS) - 8.5.4.0,200,1,97,https://supportdocs.extremenetworks.com/support/documentation/vsp-operating-system-software-voss-8-5-4-0/,2026-09-29,2026-09-29
Routing & Switching,VSP Operating System Software (VOSS),release,,8.6.0,VSP Operating System Software (VOSS) - 8.6.0,200,7,97,https://supportdocs.extremenetworks.com/support/documentation/vsp-operating-system-software-voss-8-6-0/,2026-09-29,2026-09-29
Routing & Switching,VSP Operating System Software (VOSS),release,,8.6.0.1,VSP Operating System Software (VOSS) - 8.6.0.1,200,1,97,https://supportdocs.extremenetworks.com/support/documentation/vsp-operating-system-software-voss-8-6-0-1/,2026-09-29,2026-09-29
Routing & Switching,VSP Operating System Software (VOSS),release,,8.6.1.0,VSP Operating System Software (VOSS) - 8.6.1.0,200,1,97,https://supportdocs.extremenetworks.com/support/documentation/vsp-operating-system-software-voss-8-6-1-0/,2026-09-29,2026-09-29
Routing & Switching,VSP Operating System Software (VOSS),release,,8.6.1.1,VSP Operating System Software (VOSS) - 8.6.1.1,200,1,97,https://supportdocs.extremenetworks.com/support/documentation/vsp-operating-system-software-voss-8-6-1-1/,2026-09-29,2026-09-29
Routing & Switching,VSP Operating System Software (VOSS),release,,8.6.1.2,VSP Operating System Software (VOSS) - 8.6.1.2,200,1,97,https://supportdocs.extremenetworks.com/support/documentation/vsp-operating-system-software-voss-8-6-1-2/,2026-09-29,2026-09-29
Routing & Switching,VSP Operating System Software (VOSS),release,,8.7.0,VSP Operating System Software (VOSS) - 8.7.0,200,6,97,https://supportdocs.extremenetworks.com/support/documentation/vsp-operating-system-software-voss-8-7-0/,2026-09-29,2026-09-29
Routing & Switching,VSP Operating System Software (VOSS),release,,8.7.0.1,VSP Operating System Software (VOSS) - 8.7.0.1,200,1,97,https://supportdocs.extremenetworks.com/support/documentation/vsp-operating-system-software-voss-8-7-0-1/,2026-09-29,2026-09-29
Routing & Switching,VSP Operating System Software (VOSS),release,,8.8.0,VSP Operating System Software (VOSS) - 8.8.0,200,7,97,https://supportdocs.extremenetworks.com/support/documentation/vsp-operating-system-software-voss-8-8-0/,2026-09-29,2026-09-29
Routing & Switching,VSP Operating System Software (VOSS),release,,8.8.1.0,VSP Operating System Software (VOSS) - 8.8.1.0,200,1,97,https://supportdocs.extremenetworks.com/support/documentation/vsp-operating-system-software-voss-8-8-1-0/,2026-09-29,2026-09-29
Routing & Switching,VSP Operating System Software (VOSS),release,,8.8.2.0,VSP Operating System Software (VOSS) - 8.8.2.0,200,1,97,https://supportdocs.extremenetworks.com/support/documentation/vsp-operating-system-software-voss-8-8-2-0/,2026-09-29,2026-09-29
Routing & Switching,VSP Operating System Software (VOSS),release,,8.8.3.0,VSP Operating System Software (VOSS) - 8.8.3.0,200,1,97,https://supportdocs.extremenetworks.com/support/documentation/voss-8-8-3-0/,2026-09-29,2026-09-29
Routing & Switching,VSP Operating System Software (VOSS),release,,8.9.0,VSP Operating System Software (VOSS) - 8.9.0,200,7,97,https://supportdocs.extremenetworks.com/support/documentation/vsp-operating-system-software-voss-8-9-0/,2026-09-29,2026-09-29
Routing & Switching,VSP Operating System Software (VOSS),release,,9.0.0,VSP Operating System Software (VOSS) - 9.0.0,200,6,97,https://supportdocs.extremenetworks.com/support/documentation/vsp-operating-system-software-voss-9-0-0/,2026-09-29,2026-09-29
Routing & Switching,VSP Operating System Software (VOSS),release,,9.0.2,VSP Operating System Software (VOSS) - 9.0.2,200,6,97,https://supportdocs.extremenetworks.com/support/documentation/vsp-operating-system-software-voss-9-0-2/,2026-09-29,2026-09-29
Routing & Switching,VSP Operating System Software (VOSS),release,,9.0.3,VSP Operating System Software (VOSS) - 9.0.3,200,1,97,https://supportdocs.extremenetworks.com/support/documentation/vsp-operating-system-software-voss-9-0-3/,2026-09-29,2026-09-29
Routing & Switching,VSP Operating System Software (VOSS),release,,9.0.4.0,VSP Operating System Software (VOSS) - 9.0.4.0,200,1,97,https://supportdocs.extremenetworks.com/support/documentation/vsp-operating-system-software-voss-9-0-4-0/,2026-09-29,2026-09-29
Routing & Switching,VSP Operating System Software (VOSS),release,,9.0.5.0,VSP Operating System Software (VOSS) - 9.0.5.0,200,1,97,https://supportdocs.extremenetworks.com/support/documentation/vsp-operating-system-software-voss-9-0-5-0/,2026-09-29,2026-09-29
Routing & Switching,VSP Operating System Software (VOSS),release,,9.0.5.1,VSP Operating System Software (VOSS) - 9.0.5.1,200,1,97,https://supportdocs.extremenetworks.com/support/documentation/vsp-operating-system-software-voss-9-0-5-1/,2026-09-29,2026-09-29
Routing & Switching,VSP Operating System Software (VOSS),release,,9.1.0,VSP Operating System Software (VOSS) - 9.1.0,200,7,97,https://supportdocs.extremenetworks.com/support/documentation/vsp-operating-system-software-voss-9-1-0/,2026-09-29,2026-09-29
Routing & Switching,VSP Operating System Software (VOSS),release,,9.1.0.1,VSP Operating System Software (VOSS) - 9.1.0.1,200,1,97,https://supportdocs.extremenetworks.com/support/documentation/vsp-operating-system-software-voss-9-1-0-1/,2026-09-29,2026-09-29
Routing & Switching,VSP Operating System Software (VOSS),release,,9.1.1.0,VSP Operating System Software (VOSS) - 9.1.1.0,200,1,97,https://supportdocs.extremenetworks.com/support/documentation/vsp-operating-system-software-voss-9-1-1-0/,2026-09-29,2026-09-29
Routing & Switching,VSP Operating System Software (VOSS),release,,9.1.2.0,VSP Operating System Software (VOSS) - 9.1.2.0,200,1,97,https://supportdocs.extremenetworks.com/support/documentation/vsp-operating-system-software-voss-9-1-2-0/,2026-09-29,2026-09-29
Routing & Switching,VSP Operating System Software (VOSS),release,,9.1.3.0,VSP Operating System Software (VOSS) - 9.1.3.0,200,1,97,https://supportdocs.extremenetworks.com/support/documentation/vsp-operating-system-software-voss-9-1-3-0/,2026-09-29,2026-09-29
Routing & Switching,VSP Operating System Software (VOSS),release,,9.2.0,VSP Operating System Software (VOSS) - 9.2.0,200,7,97,https://supportdocs.extremenetworks.com/support/documentation/vsp-operating-system-software-voss-9-2-0/,2026-09-29,2026-09-29
Routing & Switching,VSP Operating System Software (VOSS),release,,9.2.1.1,VSP Operating System Software (VOSS) - 9.2.1.1,200,1,97,https://supportdocs.extremenetworks.com/support/documentation/vsp-operating-system-software-voss-9-2-1-1/,2026-09-29,2026-09-29
Routing & Switching,VSP Operating System Software (VOSS),release,,9.2.2.0,VSP Operating System Software (VOSS) - 9.2.2.0,200,1,97,https://supportdocs.extremenetworks.com/support/documentation/vsp-operating-system-software-voss-9-2-2-0/,2026-09-29,2026-09-29
Routing & Switching,VSP Operating System Software (VOSS),release,,9.2.3.0,VSP Operating System Software (VOSS) - 9.2.3.0,200,1,97,https://supportdocs.extremenetworks.com/support/documentation/vsp-operating-system-software-voss-9-2-3-0/,2026-09-29,2026-09-29
Routing & Switching,VSP Operating System Software (VOSS),release,,9.3.0,VSP Operating System Software (VOSS) - 9.3.0,200,7,97,https://supportdocs.extremenetworks.com/support/documentation/vsp-operating-system-software-voss-9-3-0/,2026-09-29,2026-09-29
Routing & Switching,VSP Operating System Software (VOSS),release,,9.3.1.0,VSP Operating System Software (VOSS) - 9.3.1.0,200,1,97,https://supportdocs.extremenetworks.com/support/documentation/vsp-operating-system-software-voss-9-3-1-0/,2026-09-29,2026-09-29
Routing & Switching,VSP Operating System Software (VOSS),release,,9.3.2.0,VSP Operating System Software (VOSS) - 9.3.2.0,200,1,97,https://supportdocs.extremenetworks.com/support/documentation/vsp-operating-system-software-voss-9-3-2-0/,2026-09-29,2026-09-29
Routing & Switching,VSP Operating System Software (VOSS),release,,9.3.3.0,VSP Operating System Software (VOSS) - 9.3.3.0,200,1,97,https://supportdocs.extremenetworks.com/support/documentation/vsp-operating-system-software-voss-9-3-3-0/,2026-09-29,2026-09-29
Routing & Switching,VSP Operating System Software (VOSS),release,,9.3.4.0,VSP Operating System Software (VOSS) - 9.3.4.0,200,1,97,https://supportdocs.extremenetworks.com/support/documentation/vsp-operating-system-software-voss-9-3-4-0/,2026-09-29,2026-09-29
Routing & Switching,VSP Operating System Software (VOSS),release,,VOSS Related TCG/TSG,VOSS Series TCG/TSG,200,11,97,https://supportdocs.extremenetworks.com/support/documentation/voss-series-tcg-tsg/,2026-09-29,2026-09-29
Routing & Switching,VSP Operating System Software (VOSS),release,yes,9.4.0,VSP Operating System Software (VOSS) - 9.4.0,200,7,97,https://supportdocs.extremenetworks.com/support/documentation/vsp-operating-system-software-voss-9-4-0/,2026-09-29,2026-09-29
Routing & Switching,VSP Operating System Software (VOSS),release,yes,9.4.1.0,VSP Operating System Software (VOSS) - 9.4.1.0,200,1,97,https://supportdocs.extremenetworks.com/support/documentation/vsp-operating-system-software-voss-9-4-1-0/,2026-09-29,2026-09-29
Routing & Switching,X435,entry,yes,,X435 Documentation,200,3,0,https://supportdocs.extremenetworks.com/support/documentation/x435/,2026-09-29,2026-09-29
Routing & Switching,X440-G2,entry,yes,1,X440-G2,200,4,1,https://supportdocs.extremenetworks.com/support/documentation/x440-g2/,2026-09-29,2026-09-29
Routing & Switching,X450-G2,entry,yes,1,X450-G2,200,5,1,https://supportdocs.extremenetworks.com/support/documentation/x450-g2/,2026-09-29,2026-09-29
Routing & Switching,X460-G2,entry,yes,1,X460-G2,200,5,1,https://supportdocs.extremenetworks.com/support/documentation/x460-g2/,2026-09-29,2026-09-29
Routing & Switching,X465,entry,yes,,X465,200,4,0,https://supportdocs.extremenetworks.com/support/documentation/x465/,2026-09-29,2026-09-29
Routing & Switching,X480,entry,yes,,X480,200,1,1,https://supportdocs.extremenetworks.com/support/documentation/x480/,2026-09-29,2026-09-29
Routing & Switching,X590,entry,yes,,X590,200,4,0,https://supportdocs.extremenetworks.com/support/documentation/x590/,2026-09-29,2026-09-29
Routing & Switching,X620,entry,yes,1,X620,200,4,1,https://supportdocs.extremenetworks.com/support/documentation/x620/,2026-09-29,2026-09-29
Routing & Switching,X670,entry,yes,,X670,200,1,0,https://supportdocs.extremenetworks.com/support/documentation/x670/,2026-09-29,2026-09-29
Routing & Switching,X670-G2,entry,yes,1,X670-G2,200,5,1,https://supportdocs.extremenetworks.com/support/documentation/x670-g2/,2026-09-29,2026-09-29
Routing & Switching,X690,entry,yes,1,X690,200,4,1,https://supportdocs.extremenetworks.com/support/documentation/x690/,2026-09-29,2026-09-29
Routing & Switching,X695,entry,yes,,X695,200,3,0,https://supportdocs.extremenetworks.com/support/documentation/x695/,2026-09-29,2026-09-29
Routing & Switching,X770,entry,yes,,X770,200,3,1,https://supportdocs.extremenetworks.com/support/documentation/x770/,2026-09-29,2026-09-29
Routing & Switching,X870,entry,yes,1,X870,200,4,1,https://supportdocs.extremenetworks.com/support/documentation/x870/,2026-09-29,2026-09-29
Routing & Switching,XA1400 Series,entry,,Document Collection,XA1400 (VOSS) – Document Collections,200,15,35,https://supportdocs.extremenetworks.com/support/documentation/xa1400-voss-document-collection/,2026-09-29,2026-09-29
Routing & Switching,XA1400 Series,release,,8.0.50 (for XA1400),XA1400 (VOSS) – 8.0.50,200,18,35,https://supportdocs.extremenetworks.com/support/documentation/xa1400-vsp-operating-system-software-voss-8-0-50/,2026-09-29,2026-09-29
Routing & Switching,XA1400 Series,release,,8.1.50 (for XA1400),XA1400 (VOSS) – 8.1.50,200,24,35,https://supportdocs.extremenetworks.com/support/documentation/xa1400-voss-8-1-50/,2026-09-29,2026-09-29
Routing & Switching,XA1400 Series,release,,8.1.x (for XA1400),XA1400 (VOSS) – 8.1.x,200,1,35,https://supportdocs.extremenetworks.com/support/documentation/xa1400-voss-8-1-x/,2026-09-29,2026-09-29
Routing & Switching,XA1400 Series,release,,8.2.x,XA1400 (VOSS) – 8.2.x,200,23,35,https://supportdocs.extremenetworks.com/support/documentation/xa1400-voss-8-2-x/,2026-09-29,2026-09-29
Routing & Switching,XA1400 Series,release,,8.3.0,XA1400 (VOSS) - 8.3.0,200,4,35,https://supportdocs.extremenetworks.com/support/documentation/xa1400-voss-8-3-0/,2026-09-29,2026-09-29
Routing & Switching,XA1400 Series,release,,8.4.0,XA1400 (VOSS) - 8.4.0,200,4,35,https://supportdocs.extremenetworks.com/support/documentation/xa1400-voss-8-4-0/,2026-09-29,2026-09-29
Routing & Switching,XA1400 Series,release,,8.4.2,XA1400 (VOSS) – 8.4.2,200,5,35,https://supportdocs.extremenetworks.com/support/documentation/xa1400-voss-8-4-2/,2026-09-29,2026-09-29
Routing & Switching,XA1400 Series,release,,8.5.0,XA1400 (VOSS) - 8.5.0,200,6,35,https://supportdocs.extremenetworks.com/support/documentation/xa1400-voss-8-5-0/,2026-09-29,2026-09-29
Routing & Switching,XA1400 Series,release,,8.5.1.0,XA1400 (VOSS) - 8.5.1.0,200,1,35,https://supportdocs.extremenetworks.com/support/documentation/xa1400-voss-8-5-1-0/,2026-09-29,2026-09-29
Routing & Switching,XA1400 Series,release,,8.5.2.0,XA1400 (VOSS) - 8.5.2.0,200,1,35,https://supportdocs.extremenetworks.com/support/documentation/xa1400-voss-8-5-2-0/,2026-09-29,2026-09-29
Routing & Switching,XA1400 Series,release,,8.5.3.0,XA1400 (VOSS) - 8.5.3.0,200,1,35,https://supportdocs.extremenetworks.com/support/documentation/xa1400-voss-8-5-3-0/,2026-09-29,2026-09-29
Routing & Switching,XA1400 Series,release,,8.5.4.0,XA1400 (VOSS) - 8.5.4.0,200,1,35,https://supportdocs.extremenetworks.com/support/documentation/xa1400-voss-8-5-4-0/,2026-09-29,2026-09-29
Routing & Switching,XA1400 Series,release,,8.6.0,XA1400 (VOSS) - 8.6.0,200,5,35,https://supportdocs.extremenetworks.com/support/documentation/xa1400-voss-8-6-0/,2026-09-29,2026-09-29
Routing & Switching,XA1400 Series,release,,8.6.0.1,XA1400 (VOSS) - 8.6.0.1,200,1,35,https://supportdocs.extremenetworks.com/support/documentation/xa1400-voss-8-6-0-1/,2026-09-29,2026-09-29
Routing & Switching,XA1400 Series,release,,8.6.1.0,XA1400 (VOSS) - 8.6.1.0,200,1,35,https://supportdocs.extremenetworks.com/support/documentation/xa1400-voss-8-6-1-0/,2026-09-29,2026-09-29
Routing & Switching,XA1400 Series,release,,8.6.1.1,XA1400 (VOSS) - 8.6.1.1,200,1,35,https://supportdocs.extremenetworks.com/support/documentation/xa1400-voss-8-6-1-1/,2026-09-29,2026-09-29
Routing & Switching,XA1400 Series,release,,8.6.1.2,XA1400 (VOSS) - 8.6.1.2,200,1,35,https://supportdocs.extremenetworks.com/support/documentation/xa1400-voss-8-6-1-2/,2026-09-29,2026-09-29
Routing & Switching,XA1400 Series,release,,8.7.0,XA1400 (VOSS) - 8.7.0,200,5,35,https://supportdocs.extremenetworks.com/support/documentation/xa1400-voss-8-7-0/,2026-09-29,2026-09-29
Routing & Switching,XA1400 Series,release,,8.7.0.1,XA1400 (VOSS) - 8.7.0.1,200,1,35,https://supportdocs.extremenetworks.com/support/documentation/xa1400-voss-8-7-0-1/,2026-09-29,2026-09-29
Routing & Switching,XA1400 Series,release,,8.8.0,XA1400 (VOSS) - 8.8.0,200,6,35,https://supportdocs.extremenetworks.com/support/documentation/xa1400-voss-8-8-0/,2026-09-29,2026-09-29
Routing & Switching,XA1400 Series,release,,8.8.1.0,XA1400 (VOSS) - 8.8.1.0,200,1,35,https://supportdocs.extremenetworks.com/support/documentation/xa1400-voss-8-8-1-0/,2026-09-29,2026-09-29
Routing & Switching,XA1400 Series,release,,8.8.2.0,XA1400 (VOSS) - 8.8.2.0,200,1,35,https://supportdocs.extremenetworks.com/support/documentation/xa1400-voss-8-8-2-0/,2026-09-29,2026-09-29
Routing & Switching,XA1400 Series,release,,8.8.3.0,XA1400 (VOSS) - 8.8.3.0,200,1,35,https://supportdocs.extremenetworks.com/support/documentation/xa1400-voss-8-8-3-0/,2026-09-29,2026-09-29
Routing & Switching,XA1400 Series,release,,8.9.0,XA1400 (VOSS) - 8.9.0,200,6,35,https://supportdocs.extremenetworks.com/support/documentation/xa1400-voss-8-9-0/,2026-09-29,2026-09-29
Routing & Switching,XA1400 Series,release,yes,8.10.0,XA1400 (VOSS) - 8.10.0,200,6,35,https://supportdocs.extremenetworks.com/support/documentation/xa1400-voss-8-10-0/,2026-09-29,2026-09-29
Routing & Switching,XA1400 Series,release,yes,8.10.1.0,XA1400 (VOSS) - 8.10.1.0,200,1,35,https://supportdocs.extremenetworks.com/support/documentation/xa1400-voss-8-10-1-0/,2026-09-29,2026-09-29
Routing & Switching,XA1400 Series,release,yes,8.10.2.0,XA1400 (VOSS) - 8.10.2.0,200,1,35,https://supportdocs.extremenetworks.com/support/documentation/xa1400-voss-8-10-2-0/,2026-09-29,2026-09-29
Routing & Switching,XA1400 Series,release,yes,8.10.3.0,XA1400 (VOSS) - 8.10.3.0,200,1,35,https://supportdocs.extremenetworks.com/support/documentation/xa1400-voss-8-10-3-0/,2026-09-29,2026-09-29
Routing & Switching,XA1400 Series,release,yes,8.10.4.0,XA1400 (VOSS) - 8.10.4.0,200,1,35,https://supportdocs.extremenetworks.com/support/documentation/xa1400-voss-8-10-4-0/,2026-09-29,2026-09-29
Routing & Switching,XA1400 Series,release,yes,8.10.5.0,XA1400 (VOSS) - 8.10.5.0,200,1,35,https://supportdocs.extremenetworks.com/support/documentation/xa1400-voss-8-10-5-0/,2026-09-29,2026-09-29
Routing & Switching,XA1400 Series,release,yes,8.10.6.0,XA1400 (VOSS) - 8.10.6.0,200,1,35,https://supportdocs.extremenetworks.com/support/documentation/xa1400-voss-8-10-6-0/,2026-09-29,2026-09-29
Routing & Switching,XA1400 Series,release,yes,8.10.6.1,XA1400 (VOSS) - 8.10.6.1,200,1,35,https://supportdocs.extremenetworks.com/support/documentation/xa1400-voss-8-10-6-1/,2026-09-29,2026-09-29
Routing & Switching,XA1400 Series,release,yes,8.10.7.0,XA1400 (VOSS) - 8.10.7.0,200,1,35,https://supportdocs.extremenetworks.com/support/documentation/xa1400-voss-8-10-7-0/,2026-09-29,2026-09-29
Routing & Switching,XA1400 Series,release,yes,8.10.8.0,XA1400 (VOSS) - 8.10.8.0,200,1,35,https://supportdocs.extremenetworks.com/support/documentation/xa1400-voss-8-10-8-0/,2026-09-29,2026-09-29
Routing & Switching,XA1400 Series (Hardware),entry,yes,,XA1400,200,2,0,https://supportdocs.extremenetworks.com/support/documentation/xa1400/,2026-09-29,2026-09-29
Routing & Switching,XR200P,entry,yes,,XR200P Documentation,200,2,0,https://supportdocs.extremenetworks.com/support/documentation/xr200p/,2026-09-29,2026-09-29
Routing & Switching,XR600,entry,yes,,XR600,200,5,1,https://supportdocs.extremenetworks.com/support/documentation/xr600/,2026-09-29,2026-09-29
Routing & Switching,XR600P,entry,yes,,XR600P Documentation,200,2,0,https://supportdocs.extremenetworks.com/support/documentation/xr600p/,2026-09-29,2026-09-29
SD-WAN,ExtremeCloud OS ONE SD-WAN,entry,yes,ExtremeCloud OS ONE SD-WAN - Latest Documentation,ExtremeCloud SD-WAN OS ONE - Latest Documentation,200,6,1,https://supportdocs.extremenetworks.com/support/documentation/extremecloud-os-one-sd-wan-latest-documentation/,2026-09-29,2026-09-29
SD-WAN,ExtremeCloud SD-WAN,entry,yes,Latest Documentation,ExtremeCloud SD-WAN Latest Documentation,200,6,3,https://supportdocs.extremenetworks.com/support/documentation/extremecloud-sd-wan-latest-documentation/,2026-09-29,2026-09-29
SD-WAN,ExtremeCloud SD-WAN,release,,Previous Documentation,ExtremeCloud SD-WAN Previous Documentation,200,23,3,https://supportdocs.extremenetworks.com/support/documentation/extremecloud-sd-wan-previous-documentation/,2026-09-29,2026-09-29
SD-WAN,ExtremeCloud SD-WAN,release,,SD-WAN Appliances,SD-WAN Appliances,200,11,3,https://supportdocs.extremenetworks.com/support/documentation/extremecloud-sd-wan-appliances/,2026-09-29,2026-09-29
Security & Identity Control,Extreme Defender for IoT,entry,yes,3.41,Defender Application Version 3.41,200,5,4,https://supportdocs.extremenetworks.com/support/documentation/defender-application-version-3-41/,2026-09-29,2026-09-29
Security & Identity Control,Extreme Defender for IoT,release,,3.01,Defender Application version 3.01,200,8,4,https://supportdocs.extremenetworks.com/support/documentation/defender-application-version-3-01/,2026-09-29,2026-09-29
Security & Identity Control,Extreme Defender for IoT,release,,3.21,Defender Application Version 3.21,200,3,4,https://supportdocs.extremenetworks.com/support/documentation/extreme-defender-for-iot/,2026-09-29,2026-09-29
Security & Identity Control,Extreme Defender for IoT,release,,3.31,Defender Application Version 3.31,200,6,4,https://supportdocs.extremenetworks.com/support/documentation/defender-application-version-3-31/,2026-09-29,2026-09-29
Security & Identity Control,ExtremeControl,entry,yes,8.5.1,ExtremeControl - 8.5.1,200,2,8,https://supportdocs.extremenetworks.com/support/documentation/32668/,2026-09-29,2026-09-29
Security & Identity Control,ExtremeControl,release,,8.1,ExtremeControl - 8.1,200,9,8,https://supportdocs.extremenetworks.com/support/documentation/extremecontrol-8-1/,2026-09-29,2026-09-29
Security & Identity Control,ExtremeControl,release,,8.2,ExtremeControl - 8.2,200,12,8,https://supportdocs.extremenetworks.com/support/documentation/extremecontrol-8-2/,2026-09-29,2026-09-29
Security & Identity Control,ExtremeControl,release,,8.3,ExtremeControl - 8.3,200,18,8,https://supportdocs.extremenetworks.com/support/documentation/extremecontrol-8-3/,2026-09-29,2026-09-29
Security & Identity Control,ExtremeControl,release,,8.4,ExtremeControl - 8.4,200,13,8,https://supportdocs.extremenetworks.com/support/documentation/extremecontrol-8-4/,2026-09-29,2026-09-29
Security & Identity Control,ExtremeControl,release,yes,8.5.2,ExtremeControl - 8.5.2,200,1,8,https://supportdocs.extremenetworks.com/support/documentation/extremecontrol-8-5-2/,2026-09-29,2026-09-29
Security & Identity Control,ExtremeControl,release,yes,8.5.3,ExtremeControl - 8.5.3,200,1,8,https://supportdocs.extremenetworks.com/support/documentation/extremecontrol-8-5-3/,2026-09-29,2026-09-29
Security & Identity Control,ExtremeControl,release,yes,8.5.4,ExtremeControl – 8.5.4,200,1,8,https://supportdocs.extremenetworks.com/support/documentation/extremecontrol-8-5-4/,2026-09-29,2026-09-29
Security & Identity Control,ExtremeGuest Gateway,entry,yes,,ExtremeGuest Gateway - 10.757,200,2,0,https://supportdocs.extremenetworks.com/support/documentation/extremeguest-gateway/,2026-09-29,2026-09-29
Security & Identity Control,Guest & IoT Manager,entry,yes,8.2,Guest and IoT Manager - 8.2,200,1,1,https://supportdocs.extremenetworks.com/support/documentation/guest-and-iot-manager/,2026-09-29,2026-09-29
Security & Identity Control,Identity Engines,entry,,Document Collections,Identity Engines – Document Collections,200,2,12,https://supportdocs.extremenetworks.com/support/documentation/identity-engines-document-collections/,2026-09-29,2026-09-29
Security & Identity Control,Identity Engines,release,,6.0.0,Identity Engines - 6.0.0,200,2,12,https://supportdocs.extremenetworks.com/support/documentation/identity-engines-6-0-0/,2026-09-29,2026-09-29
Security & Identity Control,Identity Engines,release,,7.0.0,Identity Engines - 7.0.0,200,3,12,https://supportdocs.extremenetworks.com/support/documentation/identity-engines-7-0-0/,2026-09-29,2026-09-29
Security & Identity Control,Identity Engines,release,,8.0.0,Identity Engines - 8.0.0,200,4,12,https://supportdocs.extremenetworks.com/support/documentation/identity-engines-8-0-0/,2026-09-29,2026-09-29
Security & Identity Control,Identity Engines,release,,9.0.0,Identity Engines - 9.0.0,200,6,12,https://supportdocs.extremenetworks.com/support/documentation/identity-engines-9-0-0/,2026-09-29,2026-09-29
Security & Identity Control,Identity Engines,release,,9.1.0,Identity Engines - 9.1.0,200,3,12,https://supportdocs.extremenetworks.com/support/documentation/identity-engines-9-1-0/,2026-09-29,2026-09-29
Security & Identity Control,Identity Engines,release,,9.2.0,Identity Engines - 9.2.0,200,5,12,https://supportdocs.extremenetworks.com/support/documentation/identity-engines-9-2-0/,2026-09-29,2026-09-29
Security & Identity Control,Identity Engines,release,,9.3.0,Identity Engines - 9.3.0,200,6,12,https://supportdocs.extremenetworks.com/support/documentation/identity-engines-9-3-0/,2026-09-29,2026-09-29
Security & Identity Control,Identity Engines,release,,9.4.0,Identity Engines - 9.4.0,200,6,12,https://supportdocs.extremenetworks.com/support/documentation/identity-engines-9-4-0/,2026-09-29,2026-09-29
Security & Identity Control,Identity Engines,release,,9.4.1,Identity Engines - 9.4.1,200,6,12,https://supportdocs.extremenetworks.com/support/documentation/identity-engines-9-4-1/,2026-09-29,2026-09-29
Security & Identity Control,Identity Engines,release,yes,9.5.0,Identity Engines - 9.5.0,200,6,12,https://supportdocs.extremenetworks.com/support/documentation/identity-engines-9-5-0/,2026-09-29,2026-09-29
Security & Identity Control,Identity Engines,release,yes,9.5.1,Identity Engines - 9.5.1,200,6,12,https://supportdocs.extremenetworks.com/support/documentation/identity-engines-9-5-1/,2026-09-29,2026-09-29
Security & Identity Control,Security Information & Event Manager (SIEM),entry,,Log Manager,SEIM - Log Manager,200,3,11,https://supportdocs.extremenetworks.com/support/documentation/seim-log-manager/,2026-09-29,2026-09-29
Security & Identity Control,Security Information & Event Manager (SIEM),release,,7.2.2-1,SEIM - 7.2.2-1,200,1,11,https://supportdocs.extremenetworks.com/support/documentation/seim-7-2-2-1/,2026-09-29,2026-09-29
Security & Identity Control,Security Information & Event Manager (SIEM),release,yes,7.7.1.2,SIEM - 7.7.1.2,200,1,11,https://supportdocs.extremenetworks.com/support/documentation/siem-7-7-1-2/,2026-09-29,2026-09-29
Security & Identity Control,Security Information & Event Manager (SIEM),release,yes,7.7.2.0,SIEM - 7.7.2.0,200,1,11,https://supportdocs.extremenetworks.com/support/documentation/siem-7-7-2-0/,2026-09-29,2026-09-29
Security & Identity Control,Security Information & Event Manager (SIEM),release,yes,7.7.2.2,SIEM - 7.7.2.2,200,1,11,https://supportdocs.extremenetworks.com/support/documentation/siem-7-7-2-2/,2026-09-29,2026-09-29
Security & Identity Control,Security Information & Event Manager (SIEM),release,yes,7.7.2.4,SIEM - 7.7.2.4,200,1,11,https://supportdocs.extremenetworks.com/support/documentation/siem-7-7-2-4/,2026-09-29,2026-09-29
Security & Identity Control,Security Information & Event Manager (SIEM),release,yes,7.7.2.5,SIEM - 7.7.2.5,200,27,11,https://supportdocs.extremenetworks.com/support/documentation/siem-7-7-2-5/,2026-09-29,2026-09-29
Security & Identity Control,Security Information & Event Manager (SIEM),release,yes,7.7.2.6,SIEM - 7.7.2.6,200,4,11,https://supportdocs.extremenetworks.com/support/documentation/siem-7-7-2-6/,2026-09-29,2026-09-29
Security & Identity Control,Security Information & Event Manager (SIEM),release,yes,7.7.2.7,SIEM - 7.7.2.7,200,11,11,https://supportdocs.extremenetworks.com/support/documentation/siem-7-7-2-7/,2026-09-29,2026-09-29
Security & Identity Control,Security Information & Event Manager (SIEM),release,yes,7.7.2.8,SIEM - 7.7.2.8,200,1,11,https://supportdocs.extremenetworks.com/support/documentation/siem-7-7-2-8/,2026-09-29,2026-09-29
Security & Identity Control,Security Information & Event Manager (SIEM),release,yes,7.7.3.0,SIEM - 7.7.3.0,200,1,11,https://supportdocs.extremenetworks.com/support/documentation/siem-7-7-3-0/,2026-09-29,2026-09-29
Security & Identity Control,Security Threat Protection,entry,yes,,Security Threat Protection,200,5,0,https://supportdocs.extremenetworks.com/support/documentation/security-threat-protection/,2026-09-29,2026-09-29
Universal Platforms,AP302W,entry,yes,,AP302W Product Documentation - Extreme Networks,200,9,0,https://supportdocs.extremenetworks.com/support/documentation/ap302w/,2026-09-29,2026-09-29
Universal Platforms,"AP305C, AP305CX",entry,yes,,"AP305C, AP305CX",200,6,0,https://supportdocs.extremenetworks.com/support/documentation/ap305c-ap305cx/,2026-09-29,2026-09-29
Universal Platforms,AP410C,entry,yes,,AP410C Documentation - Extreme Networks,200,4,0,https://supportdocs.extremenetworks.com/support/documentation/ap410c/,2026-09-29,2026-09-29
Universal Platforms,"AP460C, AP460S6C, and AP460S12C",entry,yes,,"AP460C, AP460S6C, and AP460S12C",200,5,0,https://supportdocs.extremenetworks.com/support/documentation/ap460c/,2026-09-29,2026-09-29
Universal Platforms,Extreme Tunnel Concentrator,entry,yes,Latest Documentation,Extreme Tunnel Concentrator Latest Documentation,200,2,2,https://supportdocs.extremenetworks.com/support/documentation/extreme-tunnel-concentrator-latest-documentation/,2026-09-29,2026-09-29
Universal Platforms,Extreme Tunnel Concentrator,release,,Previous Version,Extreme Tunnel Concentrator Previous Documentation,200,19,2,https://supportdocs.extremenetworks.com/support/documentation/extreme-tunnel-concentrator-previous-documentation/,2026-09-29,2026-09-29
Universal Platforms,ExtremeCloud Edge,entry,yes,,ExtremeCloud Edge Latest Documentation,200,4,0,https://supportdocs.extremenetworks.com/support/documentation/extremecloud-edge-latest-documentation/,2026-09-29,2026-09-29
Universal Platforms,Universal Compute Platform,entry,yes,Latest Documentation,Universal Compute Platform Latest Documentation,200,20,3,https://supportdocs.extremenetworks.com/support/documentation/universal-compute-platform-latest-documentation/,2026-09-29,2026-09-29
Universal Platforms,Universal Compute Platform,release,,Localized Documentation,Universal Compute Platform Localized Documentation,200,22,3,https://supportdocs.extremenetworks.com/support/documentation/universal-compute-platform-localized-documentation/,2026-09-29,2026-09-29
Universal Platforms,Universal Compute Platform,release,,Previous Documentation,Universal Compute Platform Previous Documentation,200,20,3,https://supportdocs.extremenetworks.com/support/documentation/universal-compute-platform-previous-documentation/,2026-09-29,2026-09-29
Visibility,Extreme 9920 Software,entry,yes,21.2.2.3,Extreme 9920 Software 21.2.2.3,200,1,9,https://supportdocs.extremenetworks.com/support/documentation/extreme-9920-software-21-2-2-3/,2026-09-29,2026-09-29
Visibility,Extreme 9920 Software,release,,21.1.2.0,Extreme 9920 Software 21.1.2.0,200,8,9,https://supportdocs.extremenetworks.com/support/documentation/extreme-9920-software-21-1-2-0/,2026-09-29,2026-09-29
Visibility,Extreme 9920 Software,release,,21.1.2.5,Extreme 9920 Software 21.1.2.5,200,1,9,https://supportdocs.extremenetworks.com/support/documentation/extreme-9920-software-21-1-2-5/,2026-09-29,2026-09-29
Visibility,Extreme 9920 Software,release,,21.1.2.6,Extreme 9920 Software 21.1.2.6,200,1,9,https://supportdocs.extremenetworks.com/support/documentation/extreme-9920-software-21-1-2-6/,2026-09-29,2026-09-29
Visibility,Extreme 9920 Software,release,,21.1.2.7,Extreme 9920 Software 21.1.2.7,200,2,9,https://supportdocs.extremenetworks.com/support/documentation/extreme-9920-software-21-1-2-7/,2026-09-29,2026-09-29
Visibility,Extreme 9920 Software,release,yes,21.2.1.0,Extreme 9920 Software 21.2.1.0,200,9,9,https://supportdocs.extremenetworks.com/support/documentation/extreme-9920-software-21-2-1-0/,2026-09-29,2026-09-29
Visibility,Extreme 9920 Software,release,yes,21.2.2.0,Extreme 9920 Software 21.2.2.0,200,9,9,https://supportdocs.extremenetworks.com/support/documentation/extreme-9920-software-21-2-2-0/,2026-09-29,2026-09-29
Visibility,Extreme 9920 Software,release,yes,21.2.2.1,Extreme 9920 Software 21.2.2.1,200,1,9,https://supportdocs.extremenetworks.com/support/documentation/extreme-9920-software-21-2-2-1/,2026-09-29,2026-09-29
Visibility,Extreme 9920 Software,release,yes,21.2.2.2,Extreme 9920 Software 21.2.2.2,200,1,9,https://supportdocs.extremenetworks.com/support/documentation/extreme-9920-software-21-2-2-2/,2026-09-29,2026-09-29
Visibility,Extreme Virtual Packet Broker,entry,yes,,Virtual Packet Broker - Version 2.0.0,200,5,0,https://supportdocs.extremenetworks.com/support/documentation/virtual-packet-broker-version-2-0-0/,2026-09-29,2026-09-29
Visibility,Extreme Virtual TAP,entry,yes,2.0.0,Virtual TAP - Version 2.0.0,200,5,1,https://supportdocs.extremenetworks.com/support/documentation/virtual-tap-version-2-0-0/,2026-09-29,2026-09-29
Wireless & Mobility,802.11ax and Cloud Access Points Accessories,entry,yes,,802.11ax and Cloud Access Points Accessories,200,1,0,https://supportdocs.extremenetworks.com/support/documentation/802-11ax-access-points-accessories/,2026-09-29,2026-09-29
Wireless & Mobility,AFC Deployment Guides,entry,yes,,AFC Deployment Guides,200,1,0,https://supportdocs.extremenetworks.com/support/documentation/afc-deployment-guides/,2026-09-29,2026-09-29
Wireless & Mobility,AP Brackets Used with Indoor Access Points,entry,yes,AP Brackets Used with Indoor Access Points,AP Brackets Used with Indoor Access Points,200,1,1,https://supportdocs.extremenetworks.com/support/documentation/access-points-ap-brackets-used-with-indoor-access-points/,2026-09-29,2026-09-29
Wireless & Mobility,AP1130,entry,yes,,AP1130 Documentation,200,5,0,https://supportdocs.extremenetworks.com/support/documentation/ap1130/,2026-09-29,2026-09-29
Wireless & Mobility,AP122,entry,yes,,AP122 Documentation,200,1,0,https://supportdocs.extremenetworks.com/support/documentation/ap122/,2026-09-29,2026-09-29
Wireless & Mobility,AP122X,entry,yes,,AP122X Documentation,200,1,0,https://supportdocs.extremenetworks.com/support/documentation/ap122x/,2026-09-29,2026-09-29
Wireless & Mobility,AP130,entry,yes,,AP130 Product Documentation - Extreme Networks,200,3,0,https://supportdocs.extremenetworks.com/support/documentation/ap130/,2026-09-29,2026-09-29
Wireless & Mobility,AP150W,entry,yes,,AP150W Documentation,200,1,0,https://supportdocs.extremenetworks.com/support/documentation/ap150w/,2026-09-29,2026-09-29
Wireless & Mobility,AP230,entry,yes,,AP230,200,2,0,https://supportdocs.extremenetworks.com/support/documentation/ap230/,2026-09-29,2026-09-29
Wireless & Mobility,AP245X,entry,yes,,AP245X Documentation,200,1,0,https://supportdocs.extremenetworks.com/support/documentation/ap245x/,2026-09-29,2026-09-29
Wireless & Mobility,AP250,entry,yes,,AP250 Documentation,200,1,0,https://supportdocs.extremenetworks.com/support/documentation/ap250/,2026-09-29,2026-09-29
Wireless & Mobility,AP30,entry,yes,,AP30 Documentation,200,1,0,https://supportdocs.extremenetworks.com/support/documentation/ap30/,2026-09-29,2026-09-29
Wireless & Mobility,AP3000,entry,yes,,AP3000,200,11,0,https://supportdocs.extremenetworks.com/support/documentation/ap3000/,2026-09-29,2026-09-29
Wireless & Mobility,AP3000X,entry,yes,,AP3000X,200,9,0,https://supportdocs.extremenetworks.com/support/documentation/ap3000x/,2026-09-29,2026-09-29
Wireless & Mobility,AP3020W,entry,yes,,AP3020W,200,13,1,https://supportdocs.extremenetworks.com/support/documentation/ap3020w/,2026-09-29,2026-09-29
Wireless & Mobility,AP310i/e,entry,yes,,AP310i/e,200,7,0,https://supportdocs.extremenetworks.com/support/documentation/ap310i-e/,2026-09-29,2026-09-29
Wireless & Mobility,AP360i/e,entry,yes,,AP360i/e,200,7,0,https://supportdocs.extremenetworks.com/support/documentation/ap360i-e/,2026-09-29,2026-09-29
Wireless & Mobility,AP3865e,entry,yes,AP3865e,AP3865e,200,1,1,https://supportdocs.extremenetworks.com/support/documentation/access-points-ap3865e/,2026-09-29,2026-09-29
Wireless & Mobility,AP3912i,entry,yes,AP3912i,AP3912i,200,3,1,https://supportdocs.extremenetworks.com/support/documentation/access-points-ap3912i/,2026-09-29,2026-09-29
Wireless & Mobility,AP3915e,entry,yes,AP3915e,AP3915e,200,2,1,https://supportdocs.extremenetworks.com/support/documentation/access-points-ap3915e/,2026-09-29,2026-09-29
Wireless & Mobility,AP3915i,entry,yes,AP3915i,AP3915i,200,3,1,https://supportdocs.extremenetworks.com/support/documentation/access-points-ap3915i/,2026-09-29,2026-09-29
Wireless & Mobility,AP3916ic,entry,yes,AP3916ic,AP3916ic,200,3,1,https://supportdocs.extremenetworks.com/support/documentation/access-points-ap3916ic/,2026-09-29,2026-09-29
Wireless & Mobility,AP3917ie,entry,yes,AP3917ie,AP3917ie,200,4,1,https://supportdocs.extremenetworks.com/support/documentation/access-points-ap3917ie/,2026-09-29,2026-09-29
Wireless & Mobility,AP3935i/e,entry,yes,AP3935i/e,AP3935i/e,200,3,1,https://supportdocs.extremenetworks.com/support/documentation/access-points-ap3935i-e/,2026-09-29,2026-09-29
Wireless & Mobility,AP3965i/e,entry,yes,,AP3965i/e,200,3,0,https://supportdocs.extremenetworks.com/support/documentation/access-points-ap3965i-e/,2026-09-29,2026-09-29
Wireless & Mobility,AP4000,entry,yes,,AP4000,200,10,0,https://supportdocs.extremenetworks.com/support/documentation/ap4000/,2026-09-29,2026-09-29
Wireless & Mobility,AP4020,entry,yes,,AP4020,200,9,0,https://supportdocs.extremenetworks.com/support/documentation/ap4020/,2026-09-29,2026-09-29
Wireless & Mobility,AP4020X/FX,entry,yes,,AP4020X/FX,200,13,1,https://supportdocs.extremenetworks.com/support/documentation/ap4020x-fx/,2026-09-29,2026-09-29
Wireless & Mobility,AP4060/X,entry,yes,,AP4060/X,200,14,1,https://supportdocs.extremenetworks.com/support/documentation/ap4060-x/,2026-09-29,2026-09-29
Wireless & Mobility,AP410i/e,entry,yes,,AP410i/e,200,7,0,https://supportdocs.extremenetworks.com/support/documentation/ap410i-e/,2026-09-29,2026-09-29
Wireless & Mobility,AP460i/e,entry,yes,,AP460i/e,200,7,0,https://supportdocs.extremenetworks.com/support/documentation/ap460i-e/,2026-09-29,2026-09-29
Wireless & Mobility,AP5010,entry,yes,,AP5010,200,9,0,https://supportdocs.extremenetworks.com/support/documentation/ap5010/,2026-09-29,2026-09-29
Wireless & Mobility,AP5020,entry,yes,,AP5020,200,11,0,https://supportdocs.extremenetworks.com/support/documentation/ap5020/,2026-09-29,2026-09-29
Wireless & Mobility,AP5022/FX/S6D,entry,yes,,AP5022/FX/S6D,200,25,1,https://supportdocs.extremenetworks.com/support/documentation/ap5022-fx-s6d/,2026-09-29,2026-09-29
Wireless & Mobility,AP5050D,entry,yes,,AP5050D,200,9,0,https://supportdocs.extremenetworks.com/support/documentation/ap5050d/,2026-09-29,2026-09-29
Wireless & Mobility,AP5050U,entry,yes,,AP5050U,200,9,0,https://supportdocs.extremenetworks.com/support/documentation/ap5050u/,2026-09-29,2026-09-29
Wireless & Mobility,AP505i,entry,yes,,AP505i Documentation,200,7,1,https://supportdocs.extremenetworks.com/support/documentation/ap505i/,2026-09-29,2026-09-29
Wireless & Mobility,AP5060D and AP5060U,entry,yes,,AP5060D and AP5060U,200,15,1,https://supportdocs.extremenetworks.com/support/documentation/ap5060d-and-ap5060u/,2026-09-29,2026-09-29
Wireless & Mobility,AP510C and AP510CX,entry,yes,,"AP510C, AP510CX",200,5,0,https://supportdocs.extremenetworks.com/support/documentation/ap510cx/,2026-09-29,2026-09-29
Wireless & Mobility,AP510e,entry,yes,,AP510e,200,4,1,https://supportdocs.extremenetworks.com/support/documentation/ap510e/,2026-09-29,2026-09-29
Wireless & Mobility,AP510i,entry,yes,,AP510i,200,7,1,https://supportdocs.extremenetworks.com/support/documentation/ap510i/,2026-09-29,2026-09-29
Wireless & Mobility,AP550,entry,yes,,AP550 Documentation,200,1,0,https://supportdocs.extremenetworks.com/support/documentation/ap550/,2026-09-29,2026-09-29
Wireless & Mobility,AP560h,entry,yes,,AP560h Documentation - Extreme Networks,200,6,0,https://supportdocs.extremenetworks.com/support/documentation/ap560h/,2026-09-29,2026-09-29
Wireless & Mobility,AP560i,entry,yes,,AP560i Documentation,200,7,0,https://supportdocs.extremenetworks.com/support/documentation/ap560i/,2026-09-29,2026-09-29
Wireless & Mobility,AP630,entry,yes,,AP630,200,1,0,https://supportdocs.extremenetworks.com/support/documentation/ap630/,2026-09-29,2026-09-29
Wireless & Mobility,AP650/AP650X,entry,yes,,AP650/AP650X,200,1,0,https://supportdocs.extremenetworks.com/support/documentation/ap650-ap650x/,2026-09-29,2026-09-29
Wireless & Mobility,AP7602,entry,yes,AP-7602,AP-7602,200,2,1,https://supportdocs.extremenetworks.com/support/documentation/ap-7602/,2026-09-29,2026-09-29
Wireless & Mobility,AP7612,entry,yes,AP-7612,AP-7612,200,5,1,https://supportdocs.extremenetworks.com/support/documentation/ap-7612/,2026-09-29,2026-09-29
Wireless & Mobility,AP7622,entry,yes,AP-7622,AP-7622,200,2,1,https://supportdocs.extremenetworks.com/support/documentation/ap-7622/,2026-09-29,2026-09-29
Wireless & Mobility,AP7632,entry,yes,AP7632,AP7632,200,2,1,https://supportdocs.extremenetworks.com/support/documentation/ap7632/,2026-09-29,2026-09-29
Wireless & Mobility,AP7632i,entry,yes,AP7632i,AP7632i,200,3,1,https://supportdocs.extremenetworks.com/support/documentation/ap7632i/,2026-09-29,2026-09-29
Wireless & Mobility,AP7662i/AP7662,entry,yes,AP7662i/AP7662,AP7662i/AP7662,200,4,1,https://supportdocs.extremenetworks.com/support/documentation/ap7662i-ap7662/,2026-09-29,2026-09-29
Wireless & Mobility,AP8163,entry,yes,AP-8163,AP-8163,200,2,1,https://supportdocs.extremenetworks.com/support/documentation/ap-8163/,2026-09-29,2026-09-29
Wireless & Mobility,AP8533,entry,yes,AP-8533,AP-8533,200,6,1,https://supportdocs.extremenetworks.com/support/documentation/ap-8533/,2026-09-29,2026-09-29
Wireless & Mobility,"AP9120, AP9130",entry,yes,7.2,"AP9120, AP9130 - 7.2",200,1,1,https://supportdocs.extremenetworks.com/support/documentation/ap9120-ap9130-7-2/,2026-09-29,2026-09-29
Wireless & Mobility,AirDefense Personal,entry,yes,,Air Defense Services Platform Personal,200,1,0,https://supportdocs.extremenetworks.com/support/documentation/air-defense-services-platform-personal/,2026-09-29,2026-09-29
Wireless & Mobility,Antennas Specification Guides,entry,yes,,Antenna Guides,200,24,0,https://supportdocs.extremenetworks.com/support/documentation/antennaguides/,2026-09-29,2026-09-29
Wireless & Mobility,C35,entry,yes,C35,C35,200,1,1,https://supportdocs.extremenetworks.com/support/documentation/c35/,2026-09-29,2026-09-29
Wireless & Mobility,C5215,entry,yes,C5215,C5215,200,3,1,https://supportdocs.extremenetworks.com/support/documentation/c5215/,2026-09-29,2026-09-29
Wireless & Mobility,E1120,entry,yes,,E1120,200,6,1,https://supportdocs.extremenetworks.com/support/documentation/e1120/,2026-09-29,2026-09-29
Wireless & Mobility,E2120,entry,yes,,E2120,200,3,0,https://supportdocs.extremenetworks.com/support/documentation/e2120/,2026-09-29,2026-09-29
Wireless & Mobility,E2122,entry,yes,,E2122,200,2,0,https://supportdocs.extremenetworks.com/support/documentation/e2122/,2026-09-29,2026-09-29
Wireless & Mobility,E3120,entry,yes,,E3120,200,4,0,https://supportdocs.extremenetworks.com/support/documentation/e3120/,2026-09-29,2026-09-29
Wireless & Mobility,E3125,entry,yes,,E3125,200,2,0,https://supportdocs.extremenetworks.com/support/documentation/e3125/,2026-09-29,2026-09-29
Wireless & Mobility,EIO-04 Access Point Accessory,entry,yes,,EIO-04 Access Point Accessory,200,1,0,https://supportdocs.extremenetworks.com/support/documentation/eio-04-access-point-accessory/,2026-09-29,2026-09-29
Wireless & Mobility,Extreme AirDefense,entry,yes,10.6.2,Extreme AirDefense - 10.6.2,200,7,28,https://supportdocs.extremenetworks.com/support/documentation/extreme-airdefense-10-6-2/,2026-09-29,2026-09-29
Wireless & Mobility,Extreme AirDefense,release,,10.0.0,Extreme AirDefense - 10.0.0,200,2,28,https://supportdocs.extremenetworks.com/support/documentation/extreme-airdefense/,2026-09-29,2026-09-29
Wireless & Mobility,Extreme AirDefense,release,,10.1.0,Extreme AirDefense - 10.1.0,200,6,28,https://supportdocs.extremenetworks.com/support/documentation/extreme-airdefense-10-1-0/,2026-09-29,2026-09-29
Wireless & Mobility,Extreme AirDefense,release,,10.2.0,Extreme AirDefense - 10.2.0,200,5,28,https://supportdocs.extremenetworks.com/support/documentation/extreme-airdefense-10-2-0/,2026-09-29,2026-09-29
Wireless & Mobility,Extreme AirDefense,release,,10.2.1,Extreme AirDefense - 10.2.1,200,5,28,https://supportdocs.extremenetworks.com/support/documentation/extreme-airdefense-10-2-1/,2026-09-29,2026-09-29
Wireless & Mobility,Extreme AirDefense,release,,10.3.0,Extreme AirDefense - 10.3.0,200,4,28,https://supportdocs.extremenetworks.com/support/documentation/extreme-airdefense-10-3-0/,2026-09-29,2026-09-29
Wireless & Mobility,Extreme AirDefense,release,,10.4.0,Extreme AirDefense - 10.4.0,200,4,28,https://supportdocs.extremenetworks.com/support/documentation/extreme-airdefense-10-4-0/,2026-09-29,2026-09-29
Wireless & Mobility,Extreme AirDefense,release,,10.5.0,Extreme AirDefense - 10.5.0,200,4,28,https://supportdocs.extremenetworks.com/support/documentation/extreme-airdefense-10-5-0/,2026-09-29,2026-09-29
Wireless & Mobility,Extreme AirDefense,release,,8.1,Air Defense Services Platform - 8.1,200,1,28,https://supportdocs.extremenetworks.com/support/documentation/air-defense-services-platform-8-1/,2026-09-29,2026-09-29
Wireless & Mobility,Extreme AirDefense,release,,8.1.0,Air Defense Services Platform - 8.1.0,200,1,28,https://supportdocs.extremenetworks.com/support/documentation/air-defense-services-platform-8-1-0/,2026-09-29,2026-09-29
Wireless & Mobility,Extreme AirDefense,release,,8.1.1,Air Defense Services Platform - 8.1.1,200,1,28,https://supportdocs.extremenetworks.com/support/documentation/air-defense-services-platform-8-1-1/,2026-09-29,2026-09-29
Wireless & Mobility,Extreme AirDefense,release,,8.1.2,Air Defense Services Platform - 8.1.2,200,2,28,https://supportdocs.extremenetworks.com/support/documentation/air-defense-services-platform-8-1-2/,2026-09-29,2026-09-29
Wireless & Mobility,Extreme AirDefense,release,,8.1.3,Air Defense Services Platform - 8.1.3,200,2,28,https://supportdocs.extremenetworks.com/support/documentation/air-defense-services-platform-8-1-3/,2026-09-29,2026-09-29
Wireless & Mobility,Extreme AirDefense,release,,8.1.x,Air Defense Services Platform - 8.1.x,200,1,28,https://supportdocs.extremenetworks.com/support/documentation/air-defense-services-platform-8-1-x/,2026-09-29,2026-09-29
Wireless & Mobility,Extreme AirDefense,release,,9.0.0,Air Defense Services Platform - 9.0.0,200,3,28,https://supportdocs.extremenetworks.com/support/documentation/air-defense-services-platform-9-0-0/,2026-09-29,2026-09-29
Wireless & Mobility,Extreme AirDefense,release,,9.0.1,Air Defense Services Platform - 9.0.1,200,1,28,https://supportdocs.extremenetworks.com/support/documentation/air-defense-services-platform-9-0-1/,2026-09-29,2026-09-29
Wireless & Mobility,Extreme AirDefense,release,,9.0.2,Air Defense Services Platform - 9.0.2,200,1,28,https://supportdocs.extremenetworks.com/support/documentation/air-defense-services-platform-9-0-2/,2026-09-29,2026-09-29
Wireless & Mobility,Extreme AirDefense,release,,9.0.3,Air Defense Services Platform - 9.0.3,200,4,28,https://supportdocs.extremenetworks.com/support/documentation/air-defense-services-platform-9-0-3/,2026-09-29,2026-09-29
Wireless & Mobility,Extreme AirDefense,release,,9.1.0,Air Defense Services Platform - 9.1.0,200,2,28,https://supportdocs.extremenetworks.com/support/documentation/air-defense-services-platform-9-1-0/,2026-09-29,2026-09-29
Wireless & Mobility,Extreme AirDefense,release,,9.1.2,Air Defense Services Platform - 9.1.2,200,2,28,https://supportdocs.extremenetworks.com/support/documentation/air-defense-services-platform-9-1-2/,2026-09-29,2026-09-29
Wireless & Mobility,Extreme AirDefense,release,,9.1.3,Air Defense Services Platform - 9.1.3,200,1,28,https://supportdocs.extremenetworks.com/support/documentation/air-defense-services-platform-9-1-3/,2026-09-29,2026-09-29
Wireless & Mobility,Extreme AirDefense,release,,9.4.0,Air Defense Services Platform - 9.4.0,200,1,28,https://supportdocs.extremenetworks.com/support/documentation/adsp-940/,2026-09-29,2026-09-29
Wireless & Mobility,Extreme AirDefense,release,,9.5.0,Air Defense Services Platform - 9.5.0,200,1,28,https://supportdocs.extremenetworks.com/support/documentation/adsp-950/,2026-09-29,2026-09-29
Wireless & Mobility,Extreme AirDefense,release,,9.x,Air Defense Services Platform - 9.x,200,1,28,https://supportdocs.extremenetworks.com/support/documentation/air-defense-services-platform-9-x/,2026-09-29,2026-09-29
Wireless & Mobility,Extreme AirDefense,release,,Mobile,Air Defense Services Platform - Mobile,200,1,28,https://supportdocs.extremenetworks.com/support/documentation/air-defense-services-platform-mobile/,2026-09-29,2026-09-29
Wireless & Mobility,Extreme AirDefense,release,,Platform,Air Defense Services Platform - Platform,200,22,28,https://supportdocs.extremenetworks.com/support/documentation/air-defense-services-platform-platform/,2026-09-29,2026-09-29
Wireless & Mobility,Extreme AirDefense,release,,Proximity,Air Defense Services Platform - Proximity,200,2,28,https://supportdocs.extremenetworks.com/support/documentation/air-defense-services-platform-proximity/,2026-09-29,2026-09-29
Wireless & Mobility,Extreme AirDefense,release,yes,10.6.0,Extreme AirDefense - 10.6.0,200,4,28,https://supportdocs.extremenetworks.com/support/documentation/extreme-airdefense-10-6-0/,2026-09-29,2026-09-29
Wireless & Mobility,ExtremeGuest,entry,yes,6.0.1,ExtremeGuest - 6.0.1,200,2,5,https://supportdocs.extremenetworks.com/support/documentation/extremeguest-6-0-1/,2026-09-29,2026-09-29
Wireless & Mobility,ExtremeGuest,release,,5.9.1,ExtremeGuest - 5.9.1,200,1,5,https://supportdocs.extremenetworks.com/support/documentation/extremeguest-5-9-1/,2026-09-29,2026-09-29
Wireless & Mobility,ExtremeGuest,release,,5.9.2,ExtremeGuest - 5.9.2,200,2,5,https://supportdocs.extremenetworks.com/support/documentation/extremeguest-5-9-2/,2026-09-29,2026-09-29
Wireless & Mobility,ExtremeGuest,release,,5.9.3,ExtremeGuest - 5.9.3,200,3,5,https://supportdocs.extremenetworks.com/support/documentation/extremeguest-5-9-3/,2026-09-29,2026-09-29
Wireless & Mobility,ExtremeGuest,release,yes,6.0.0,ExtremeGuest - 6.0.0,200,6,5,https://supportdocs.extremenetworks.com/support/documentation/extremeguest-6-0-0/,2026-09-29,2026-09-29
Wireless & Mobility,ExtremeWireless Software,entry,yes,10.51,ExtremeWireless Software - 10.51,200,26,3,https://supportdocs.extremenetworks.com/support/documentation/extremewireless-software-10-51/,2026-09-29,2026-09-29
Wireless & Mobility,ExtremeWireless Software,release,,10.31,ExtremeWireless Software - 10.31 and Earlier,200,19,3,https://supportdocs.extremenetworks.com/support/documentation/extremewireless-software-10-31-and-earlier/,2026-09-29,2026-09-29
Wireless & Mobility,ExtremeWireless Software,release,,10.41,ExtremeWireless Software - 10.41,200,25,3,https://supportdocs.extremenetworks.com/support/documentation/extremewireless-software-10-41/,2026-09-29,2026-09-29
Wireless & Mobility,ExtremeWireless WiNG Software,entry,yes,Latest Documentation,ExtremeWireless WiNG Software - Latest Documentation,200,5,50,https://supportdocs.extremenetworks.com/support/documentation/extremewireless-wing-software-latest-documentation/,2026-09-29,2026-09-29
Wireless & Mobility,ExtremeWireless WiNG Software,release,,1.0,WiNG Manager 1.0.1,200,5,50,https://supportdocs.extremenetworks.com/support/documentation/wing-manager-1-0-1/,2026-09-29,2026-09-29
Wireless & Mobility,ExtremeWireless WiNG Software,release,,5.2,ExtremeWireless WiNG Software - 5.2,200,1,50,https://supportdocs.extremenetworks.com/support/documentation/extremewireless-wing-software-5-2/,2026-09-29,2026-09-29
Wireless & Mobility,ExtremeWireless WiNG Software,release,,5.4,ExtremeWireless WiNG Software – 5.4,200,3,50,https://supportdocs.extremenetworks.com/support/documentation/extremewireless-wing-software-5-4/,2026-09-29,2026-09-29
Wireless & Mobility,ExtremeWireless WiNG Software,release,,5.5,ExtremeWireless WiNG Software - 5.5,200,2,50,https://supportdocs.extremenetworks.com/support/documentation/5-5/,2026-09-29,2026-09-29
Wireless & Mobility,ExtremeWireless WiNG Software,release,,5.6,ExtremeWireless WiNG Software - 5.6,200,1,50,https://supportdocs.extremenetworks.com/support/documentation/5-6/,2026-09-29,2026-09-29
Wireless & Mobility,ExtremeWireless WiNG Software,release,,5.7,ExtremeWireless WiNG Software - 5.7,200,3,50,https://supportdocs.extremenetworks.com/support/documentation/5-7/,2026-09-29,2026-09-29
Wireless & Mobility,ExtremeWireless WiNG Software,release,,5.8,ExtremeWireless WiNG Software - 5.8,200,24,50,https://supportdocs.extremenetworks.com/support/documentation/extremewireless-wing-software-5-8-4-21/,2026-09-29,2026-09-29
Wireless & Mobility,ExtremeWireless WiNG Software,release,,5.8.6,ExtremeWireless WiNG Software - 5.8.6,200,11,50,https://supportdocs.extremenetworks.com/support/documentation/extremewireless-wing-software-5-8-6/,2026-09-29,2026-09-29
Wireless & Mobility,ExtremeWireless WiNG Software,release,,5.9.0,ExtremeWireless WiNG Software - 5.9.0,200,8,50,https://supportdocs.extremenetworks.com/support/documentation/extremewireless-wing-software-5-9-0/,2026-09-29,2026-09-29
Wireless & Mobility,ExtremeWireless WiNG Software,release,,5.9.1,ExtremeWireless WiNG Software - 5.9.1,200,13,50,https://supportdocs.extremenetworks.com/support/documentation/extremewireless-wing-software-5-9-1/,2026-09-29,2026-09-29
Wireless & Mobility,ExtremeWireless WiNG Software,release,,5.9.2,ExtremeWireless WiNG Software - 5.9.2,200,12,50,https://supportdocs.extremenetworks.com/support/documentation/extremewireless-wing-software-5-9-2/,2026-09-29,2026-09-29
Wireless & Mobility,ExtremeWireless WiNG Software,release,,5.9.3,ExtremeWireless WiNG Software - 5.9.3,200,13,50,https://supportdocs.extremenetworks.com/support/documentation/extremewireless-wing-software-5-9-3/,2026-09-29,2026-09-29
Wireless & Mobility,ExtremeWireless WiNG Software,release,,5.9.4,ExtremeWireless WiNG Software - 5.9.4,200,8,50,https://supportdocs.extremenetworks.com/support/documentation/extremewireless-wing-5-9-4/,2026-09-29,2026-09-29
Wireless & Mobility,ExtremeWireless WiNG Software,release,,5.9.5,ExtremeWireless WiNG Software - 5.9.5,200,4,50,https://supportdocs.extremenetworks.com/support/documentation/extremewireless-wing-software-5-9-5/,2026-09-29,2026-09-29
Wireless & Mobility,ExtremeWireless WiNG Software,release,,5.9.6,ExtremeWireless WiNG Software - 5.9.6,200,4,50,https://supportdocs.extremenetworks.com/support/documentation/extremewireless-wing-software-5-9-6/,2026-09-29,2026-09-29
Wireless & Mobility,ExtremeWireless WiNG Software,release,,5.9.7,ExtremeWireless WiNG Software - 5.9.7,200,5,50,https://supportdocs.extremenetworks.com/support/documentation/extremewireless-wing-software-5-9-7/,2026-09-29,2026-09-29
Wireless & Mobility,ExtremeWireless WiNG Software,release,,5.9.8,ExtremeWireless WiNG Software - 5.9.8,200,6,50,https://supportdocs.extremenetworks.com/support/documentation/extremewireless-wing-software-5-9-8/,2026-09-29,2026-09-29
Wireless & Mobility,ExtremeWireless WiNG Software,release,,5.x,ExtremeWireless WiNG Software - 5.x,200,3,50,https://supportdocs.extremenetworks.com/support/documentation/extremewireless-wing-software-5-x/,2026-09-29,2026-09-29
Wireless & Mobility,ExtremeWireless WiNG Software,release,,5.x How-to Guides,WiNG 5.x How-to Guides,200,16,50,https://supportdocs.extremenetworks.com/support/documentation/wing-5-x-how-to-guides/,2026-09-29,2026-09-29
Wireless & Mobility,ExtremeWireless WiNG Software,release,,7.1.0,ExtremeWireless WiNG Software 7.1.0,200,5,50,https://supportdocs.extremenetworks.com/support/documentation/extremewireless-wing-software-7-1-0/,2026-09-29,2026-09-29
Wireless & Mobility,ExtremeWireless WiNG Software,release,,7.1.1,ExtremeWireless WiNG Software 7.1.1,200,5,50,https://supportdocs.extremenetworks.com/support/documentation/extremewireless-wing-software-7-1-1/,2026-09-29,2026-09-29
Wireless & Mobility,ExtremeWireless WiNG Software,release,,7.1.2,ExtremeWireless WiNG Software 7.1.2,200,5,50,https://supportdocs.extremenetworks.com/support/documentation/extremewireless-wing-software-7-1-2/,2026-09-29,2026-09-29
Wireless & Mobility,ExtremeWireless WiNG Software,release,,7.2.0,ExtremeWireless WiNG Software - 7.2.0,200,5,50,https://supportdocs.extremenetworks.com/support/documentation/extremewireless-wing-software-7-2-0/,2026-09-29,2026-09-29
Wireless & Mobility,ExtremeWireless WiNG Software,release,,7.2.1,ExtremeWireless WiNG Software - 7.2.1,200,10,50,https://supportdocs.extremenetworks.com/support/documentation/extremewireless-wing-software-7-2-1/,2026-09-29,2026-09-29
Wireless & Mobility,ExtremeWireless WiNG Software,release,,7.3.0,ExtremeWireless WiNG Software - 7.3.0,200,7,50,https://supportdocs.extremenetworks.com/support/documentation/extremewireless-wing-software-7-3-0/,2026-09-29,2026-09-29
Wireless & Mobility,ExtremeWireless WiNG Software,release,,7.3.1,ExtremeWireless WiNG Software - 7.3.1,200,8,50,https://supportdocs.extremenetworks.com/support/documentation/extremewireless-wing-software-7-3-1/,2026-09-29,2026-09-29
Wireless & Mobility,ExtremeWireless WiNG Software,release,,7.4.0,ExtremeWireless WiNG Software - 7.4.0,200,3,50,https://supportdocs.extremenetworks.com/support/documentation/extremewireless-wing-software-7-4-0/,2026-09-29,2026-09-29
Wireless & Mobility,ExtremeWireless WiNG Software,release,,7.4.1,ExtremeWireless WiNG Software - 7.4.1,200,4,50,https://supportdocs.extremenetworks.com/support/documentation/extremewireless-wing-software-7-4-1/,2026-09-29,2026-09-29
Wireless & Mobility,ExtremeWireless WiNG Software,release,,7.5.1,ExtremeWireless WiNG Software - 7.5.1,200,7,50,https://supportdocs.extremenetworks.com/support/documentation/extremewireless-wing-software-7-5-1/,2026-09-29,2026-09-29
Wireless & Mobility,ExtremeWireless WiNG Software,release,,7.5.2,ExtremeWireless WiNG Software - 7.5.2,200,1,50,https://supportdocs.extremenetworks.com/support/documentation/extremewireless-wing-software-7-5-2/,2026-09-29,2026-09-29
Wireless & Mobility,ExtremeWireless WiNG Software,release,,7.6.0.1,ExtremeWireless WiNG Software - 7.6.0.1,200,1,50,https://supportdocs.extremenetworks.com/support/documentation/extremewireless-wing-software-7-6-0-1/,2026-09-29,2026-09-29
Wireless & Mobility,ExtremeWireless WiNG Software,release,,7.6.1,ExtremeWireless WiNG Software - 7.6.1,200,1,50,https://supportdocs.extremenetworks.com/support/documentation/extremewireless-wing-software-7-6-1/,2026-09-29,2026-09-29
Wireless & Mobility,ExtremeWireless WiNG Software,release,,7.6.2,ExtremeWireless WiNG Software - 7.6.2,200,2,50,https://supportdocs.extremenetworks.com/support/documentation/extremewireless-wing-software-7-6-2/,2026-09-29,2026-09-29
Wireless & Mobility,ExtremeWireless WiNG Software,release,,7.6.3,ExtremeWireless WiNG Software – 7.6.3,200,3,50,https://supportdocs.extremenetworks.com/support/documentation/extremewireless-wing-software-7-6-3/,2026-09-29,2026-09-29
Wireless & Mobility,ExtremeWireless WiNG Software,release,,7.6.4,ExtremeWireless WiNG Software - 7.6.4,200,2,50,https://supportdocs.extremenetworks.com/support/documentation/extremewireless-wing-software-7-6-4/,2026-09-29,2026-09-29
Wireless & Mobility,ExtremeWireless WiNG Software,release,,7.7.0,ExtremeWireless WiNG Software – 7.7.0,200,2,50,https://supportdocs.extremenetworks.com/support/documentation/extremewireless-wing-software-7-7-0/,2026-09-29,2026-09-29
Wireless & Mobility,ExtremeWireless WiNG Software,release,,7.7.1,ExtremeWireless WiNG Software – 7.7.1,200,14,50,https://supportdocs.extremenetworks.com/support/documentation/extremewireless-wing-software-7-7-1/,2026-09-29,2026-09-29
Wireless & Mobility,ExtremeWireless WiNG Software,release,yes,7.9.0.0,ExtremeWireless WiNG Software – 7.9.0.0,200,5,50,https://supportdocs.extremenetworks.com/support/documentation/extremewireless-wing-software-7-9-0-0/,2026-09-29,2026-09-29
Wireless & Mobility,ExtremeWireless WiNG Software,release,yes,7.9.0.1,ExtremeWireless WiNG Software - 7.9.0.1,200,1,50,https://supportdocs.extremenetworks.com/support/documentation/extremewireless-wing-software-7-9-0-1/,2026-09-29,2026-09-29
Wireless & Mobility,ExtremeWireless WiNG Software,release,yes,7.9.1.0,ExtremeWireless WiNG Software - 7.9.1.0,200,4,50,https://supportdocs.extremenetworks.com/support/documentation/extremewireless-wing-software-7-9-1-0/,2026-09-29,2026-09-29
Wireless & Mobility,ExtremeWireless WiNG Software,release,yes,7.9.2.0,ExtremeWireless WiNG Software - 7.9.2.0,200,4,50,https://supportdocs.extremenetworks.com/support/documentation/extremewireless-wing-software-7-9-2-0/,2026-09-29,2026-09-29
Wireless & Mobility,ExtremeWireless WiNG Software,release,yes,7.9.3.0,ExtremeWireless WiNG Software - 7.9.3.0,200,4,50,https://supportdocs.extremenetworks.com/support/documentation/extremewireless-wing-software-7-9-3-0/,2026-09-29,2026-09-29
Wireless & Mobility,ExtremeWireless WiNG Software,release,yes,7.9.4.0,ExtremeWireless WiNG Software - 7.9.4.0,200,4,50,https://supportdocs.extremenetworks.com/support/documentation/extremewireless-wing-software-7-9-4-0/,2026-09-29,2026-09-29
Wireless & Mobility,ExtremeWireless WiNG Software,release,yes,7.9.5.0,ExtremeWireless WiNG Software - 7.9.5.0,200,4,50,https://supportdocs.extremenetworks.com/support/documentation/extremewireless-wing-software-7-9-5-0/,2026-09-29,2026-09-29
Wireless & Mobility,ExtremeWireless WiNG Software,release,yes,7.9.5.1,ExtremeWireless WiNG Software - 7.9.5.1,200,4,50,https://supportdocs.extremenetworks.com/support/documentation/extremewireless-wing-software-7-9-5-1/,2026-09-29,2026-09-29
Wireless & Mobility,ExtremeWireless WiNG Software,release,yes,7.9.6.0,ExtremeWireless WiNG Software - 7.9.6.0,200,5,50,https://supportdocs.extremenetworks.com/support/documentation/extremewireless-wing-software-7-9-6-0/,2026-09-29,2026-09-29
Wireless & Mobility,ExtremeWireless WiNG Software,release,yes,7.9.6.1,ExtremeWireless WiNG Software - 7.9.6.1,200,4,50,https://supportdocs.extremenetworks.com/support/documentation/extremewireless-wing-software-7-9-6-1/,2026-09-29,2026-09-29
Wireless & Mobility,ExtremeWireless WiNG Software,release,yes,7.9.7.0,ExtremeWireless WiNG Software - 7.9.7.0,200,2,50,https://supportdocs.extremenetworks.com/support/documentation/extremewireless-wing-software-7-9-7-0/,2026-09-29,2026-09-29
Wireless & Mobility,ExtremeWireless WiNG Software,release,yes,7.9.7.1,ExtremeWireless WiNG Software - 7.9.7.1,200,1,50,https://supportdocs.extremenetworks.com/support/documentation/extremewireless-wing-software-7-9-7-1/,2026-09-29,2026-09-29
Wireless & Mobility,MeshConnex,entry,yes,MeshConnex,MeshConnex,200,1,1,https://supportdocs.extremenetworks.com/support/documentation/meshconnex/,2026-09-29,2026-09-29
Wireless & Mobility,NSight,entry,yes,5.9.3,Extreme NSight - 5.9.3,200,7,1,https://supportdocs.extremenetworks.com/support/documentation/nsight/,2026-09-29,2026-09-29
Wireless & Mobility,NX5500,entry,yes,NX5500,NX5500,200,2,1,https://supportdocs.extremenetworks.com/support/documentation/nx5500/,2026-09-29,2026-09-29
Wireless & Mobility,NX7500 Series,entry,yes,,NX7500 Series,200,3,0,https://supportdocs.extremenetworks.com/support/documentation/nx7500-series/,2026-09-29,2026-09-29
Wireless & Mobility,NX9000,entry,yes,,NX9000,200,1,0,https://supportdocs.extremenetworks.com/support/documentation/nx9000/,2026-09-29,2026-09-29
Wireless & Mobility,NX9500 Series,entry,yes,,NX9500 Series,200,1,0,https://supportdocs.extremenetworks.com/support/documentation/nx9500-series/,2026-09-29,2026-09-29
Wireless & Mobility,NX9600 Series,entry,yes,NX9600 Series,NX9600 Series,200,1,1,https://supportdocs.extremenetworks.com/support/documentation/nx9600-series/,2026-09-29,2026-09-29
Wireless & Mobility,RFS Series Wireless LAN Switches,entry,yes,,RFS Series Wireless LAN Switches,200,3,0,https://supportdocs.extremenetworks.com/support/documentation/rfs-series-wireless-lan-switches/,2026-09-29,2026-09-29
Wireless & Mobility,RFS4010,entry,yes,RFS4010,RFS4010,200,4,1,https://supportdocs.extremenetworks.com/support/documentation/rfs4010/,2026-09-29,2026-09-29
Wireless & Mobility,SA201,entry,yes,,ExtremeCloud Appliance - Hardware,200,5,0,https://supportdocs.extremenetworks.com/support/documentation/extremecloud-appliance-hardware/,2026-09-29,2026-09-29
Wireless & Mobility,SmartRF,entry,yes,SmartRF,SmartRF,200,1,1,https://supportdocs.extremenetworks.com/support/documentation/smartrf/,2026-09-29,2026-09-29
Wireless & Mobility,TS-524 & TW-5XX,entry,yes,TS-524 & TW-5XX,TS-524 & TW-5XX,200,5,1,https://supportdocs.extremenetworks.com/support/documentation/ts-524-tw-5xx/,2026-09-29,2026-09-29
Wireless & Mobility,V2110,entry,yes,V2110,V2110,200,2,1,https://supportdocs.extremenetworks.com/support/documentation/v2110/,2026-09-29,2026-09-29
Wireless & Mobility,VE6120 and VE6125,entry,yes,,VE6120 and VE6125,200,9,0,https://supportdocs.extremenetworks.com/support/documentation/ve6120/,2026-09-29,2026-09-29
Wireless & Mobility,VX9000,entry,yes,VX9000,VX9000,200,2,1,https://supportdocs.extremenetworks.com/support/documentation/vx9000/,2026-09-29,2026-09-29
Wireless & Mobility,Virtual Machines,entry,yes,Virtual Machines,Virtual Machines,200,1,1,https://supportdocs.extremenetworks.com/support/documentation/virtual-machines/,2026-09-29,2026-09-29
