area,title,status,links,hub_files,url,first_seen,last_seen
learn,Aerohive EOL Customer Offer,200,21,0,https://www.extremenetworks.com/learn/aerohive-eol,2026-09-29,2026-09-29
learn,Digital Healthcare Solutions,200,11,0,https://www.extremenetworks.com/learn/acute-healthcare-operations,2026-09-29,2026-09-29
learn,Extreme AI Summit 2026,200,4,0,https://www.extremenetworks.com/learn/ai-summit-2026,2026-09-29,2026-09-29
learn,Extreme Exchange,200,12,0,https://www.extremenetworks.com/learn/extreme-exchange,2026-09-29,2026-09-29
learn,Extreme Networks vs. Cisco Catalyst,200,14,0,https://www.extremenetworks.com/learn/extremenetworks-vs-cisco-workshop,2026-09-29,2026-09-29
learn,Extreme Networks vs. Cisco Catalyst,200,22,0,https://www.extremenetworks.com/learn/extremenetworks-vs-cisco,2026-09-29,2026-09-29
learn,Extreme Platform ONE Demo,200,11,0,https://www.extremenetworks.com/learn/demo,2026-09-29,2026-09-29
learn,Extreme Wireless,200,9,0,https://www.extremenetworks.com/learn/platform-one-product-tours,2026-09-29,2026-09-29
learn,Gartner IOCS 2025,200,2,0,https://www.extremenetworks.com/learn/gartner-iocs-2025,2026-09-29,2026-09-29
learn,Network Switching Made Easy,200,7,0,https://www.extremenetworks.com/learn/network-switching-made-easy,2026-09-29,2026-09-29
learn,Partner Program,200,8,2,https://www.extremenetworks.com/learn/extreme-networks-partner-program-for-juniper-hpe,2026-09-29,2026-09-29
learn,Partner for Profitability with Extreme: Book a Meeting Now,200,10,0,https://www.extremenetworks.com/learn/cisco-partner-summit,2026-09-29,2026-09-29
learn,Request an Extreme Platform ONE Demo,200,12,0,https://www.extremenetworks.com/learn/extreme-platform-one,2026-09-29,2026-09-29
learn,"Securely Connect Everyone, Everywhere",200,19,0,https://www.extremenetworks.com/learn/securing-your-network-fabric,2026-09-29,2026-09-29
learn,Switch to Extreme,200,5,1,https://www.extremenetworks.com/learn/switch-to-extreme-networks-from-juniper-hpe,2026-09-29,2026-09-29
learn,Transform your IT Operations,200,14,0,https://www.extremenetworks.com/learn/simplified-secure-hybrid-work,2026-09-29,2026-09-29
platform-one,Extreme Agent ONE – AI Agent For Network Operations,200,4,0,https://www.extremenetworks.com/platform-one/agent-one-coworker,2026-09-29,2026-09-29
platform-one,Extreme Exchange,200,0,0,https://www.extremenetworks.com/platform-one/product-tours/extreme-exchange,2026-09-29,2026-09-29
platform-one,Extreme Platform ONE – Cloud PKI,200,0,0,https://www.extremenetworks.com/platform-one/product-tours/cloud-pki,2026-09-29,2026-09-29
platform-one,Extreme Platform ONE – Connecting IoT Devices to a Virtual Network Segment,200,0,0,https://www.extremenetworks.com/platform-one/product-tours/connecting-iot-devices-to-a-virtual-network-segment,2026-09-29,2026-09-29
platform-one,Extreme Platform ONE – Guest Access,200,0,0,https://www.extremenetworks.com/platform-one/product-tours/guest-access,2026-09-29,2026-09-29
platform-one,Extreme Platform ONE – Multi-layer Network Visualization,200,0,0,https://www.extremenetworks.com/platform-one/product-tours/multi-layer-network-visualization,2026-09-29,2026-09-29
platform-one,"Extreme Platform ONE – One Powerful, Unified Experience",200,66,0,https://www.extremenetworks.com/platform-one,2026-09-29,2026-09-29
platform-one,Extreme Platform ONE – Presence Analytics,200,0,0,https://www.extremenetworks.com/platform-one/product-tours/presence-analytics,2026-09-29,2026-09-29
platform-one,Extreme Platform ONE – Security Overview,200,0,0,https://www.extremenetworks.com/platform-one/product-tours/security,2026-09-29,2026-09-29
platform-one,Extreme Platform ONE – Third-Party Management Engine,200,0,0,https://www.extremenetworks.com/platform-one/product-tours/third-party-management-engine,2026-09-29,2026-09-29
platform-one,Extreme Platform ONE – Troubleshooting Network Issues,200,0,0,https://www.extremenetworks.com/platform-one/product-tours/troubleshooting-network-issues,2026-09-29,2026-09-29
platform-one,Extreme Platform ONE – WIPS,200,0,0,https://www.extremenetworks.com/platform-one/product-tours/wips,2026-09-29,2026-09-29
platform-one,Extreme Platform ONE – Workspace Overview,200,0,0,https://www.extremenetworks.com/platform-one/product-tours/workspace-overview,2026-09-29,2026-09-29
platform-one,Extreme Platform ONE: Secure Connectivity Made Simple,200,2,1,https://www.extremenetworks.com/platform-one/extreme-platform-one-secure-connectivity-made-simple,2026-09-29,2026-09-29
platform-one,Introduction to Extreme Agent ONE Coworker,200,0,0,https://www.extremenetworks.com/platform-one/product-tours/extreme-agent-one,2026-09-29,2026-09-29
platform-one,Introduction to Nudge,200,0,0,https://www.extremenetworks.com/platform-one/product-tours/nudge,2026-09-29,2026-09-29
platform-one,See Extreme Platform ONE in Action,200,0,0,https://www.extremenetworks.com/platform-one/product-tours,2026-09-29,2026-09-29
platform-one,Talk to Knowledge and Data,200,0,0,https://www.extremenetworks.com/platform-one/product-tours/talk-to-knowledge-and-data,2026-09-29,2026-09-29
products,4000 Series,200,4,1,https://www.extremenetworks.com/products/switches/universal-switches/4000-series,2026-09-29,2026-09-29
products,5120,200,3,1,https://www.extremenetworks.com/products/switches/universal-switches/5120,2026-09-29,2026-09-29
products,5420,200,4,1,https://www.extremenetworks.com/products/switches/universal-switches/5420,2026-09-29,2026-09-29
products,5520,200,3,1,https://www.extremenetworks.com/products/switches/universal-switches/5520,2026-09-29,2026-09-29
products,5720,200,3,1,https://www.extremenetworks.com/products/switches/universal-switches/5720,2026-09-29,2026-09-29
products,7520,200,3,1,https://www.extremenetworks.com/products/switches/universal-switches/7520,2026-09-29,2026-09-29
products,7720,200,3,1,https://www.extremenetworks.com/products/switches/universal-switches/7720,2026-09-29,2026-09-29
products,7830,200,3,1,https://www.extremenetworks.com/products/switches/universal-switches/7830,2026-09-29,2026-09-29
products,8520,200,3,1,https://www.extremenetworks.com/products/switches/trusted-delivery-switches/8520,2026-09-29,2026-09-29
products,8720,200,3,1,https://www.extremenetworks.com/products/switches/trusted-delivery-switches/8720,2026-09-29,2026-09-29
products,8730,200,6,1,https://www.extremenetworks.com/products/switches/trusted-delivery-switches/8730,2026-09-29,2026-09-29
products,8820,200,3,1,https://www.extremenetworks.com/products/routers/trusted-delivery-switches-and-routers/8820,2026-09-29,2026-09-29
products,AP3000,200,5,1,https://www.extremenetworks.com/products/wi-fi-access-points/universal-aps-indoor/ap3000,2026-09-29,2026-09-29
products,AP3020W,200,6,1,https://www.extremenetworks.com/products/wi-fi-access-points/universal-aps-indoor/ap3020w,2026-09-29,2026-09-29
products,AP302W,200,3,1,https://www.extremenetworks.com/products/wi-fi-access-points/universal-aps-indoor/ap302w,2026-09-29,2026-09-29
products,AP305C and AP305CX,200,3,1,https://www.extremenetworks.com/products/wi-fi-access-points/universal-aps-indoor/ap305c-and-ap305cx,2026-09-29,2026-09-29
products,AP310i and AP310e,200,3,1,https://www.extremenetworks.com/products/wi-fi-access-points/nonuniversal-aps-indoor/ap310i-and-ap310e,2026-09-29,2026-09-29
products,AP360i and AP360e,200,3,1,https://www.extremenetworks.com/products/wi-fi-access-points/nonuniversal-aps-outdoor/ap360i-and-ap360e,2026-09-29,2026-09-29
products,AP4000,200,5,1,https://www.extremenetworks.com/products/wi-fi-access-points/universal-aps-indoor/ap4000,2026-09-29,2026-09-29
products,AP4020,200,5,1,https://www.extremenetworks.com/products/wi-fi-access-points/universal-aps-indoor/ap4020,2026-09-29,2026-09-29
products,AP4060,200,5,2,https://www.extremenetworks.com/products/wi-fi-access-points/universal-aps-outdoor/ap4060,2026-09-29,2026-09-29
products,AP410C,200,3,1,https://www.extremenetworks.com/products/wi-fi-access-points/universal-aps-indoor/ap410c,2026-09-29,2026-09-29
products,AP410i and AP410e,200,3,1,https://www.extremenetworks.com/products/wi-fi-access-points/nonuniversal-aps-indoor/ap410i-and-ap410e,2026-09-29,2026-09-29
products,AP460C,200,3,1,https://www.extremenetworks.com/products/wi-fi-access-points/universal-aps-outdoor/ap460c,2026-09-29,2026-09-29
products,AP460i and AP460e,200,3,1,https://www.extremenetworks.com/products/wi-fi-access-points/nonuniversal-aps-outdoor/ap460i-and-ap460e,2026-09-29,2026-09-29
products,AP5010,200,5,1,https://www.extremenetworks.com/products/wi-fi-access-points/universal-aps-indoor/ap5010,2026-09-29,2026-09-29
products,AP5020,200,4,1,https://www.extremenetworks.com/products/wi-fi-access-points/universal-aps-indoor/ap5020,2026-09-29,2026-09-29
products,AP5022,200,7,1,https://www.extremenetworks.com/products/wi-fi-access-points/universal-aps-indoor/ap5022,2026-09-29,2026-09-29
products,AP5050U,200,5,1,https://www.extremenetworks.com/products/wi-fi-access-points/universal-aps-outdoor/ap5050u,2026-09-29,2026-09-29
products,AP5060,200,4,1,https://www.extremenetworks.com/products/wi-fi-access-points/universal-aps-outdoor/ap5060,2026-09-29,2026-09-29
products,Adapters and Converters,200,0,0,https://www.extremenetworks.com/products/adapters-and-converters,2026-09-29,2026-09-29
products,Cloud Security,200,0,0,https://www.extremenetworks.com/products/cloud-security,2026-09-29,2026-09-29
products,ERS 3600,200,3,1,https://www.extremenetworks.com/products/switches/ethernet-routing-switches-ers/ers-3600,2026-09-29,2026-09-29
products,Extreme 5320 Series – Enterprise Switches,200,7,1,https://www.extremenetworks.com/products/switches/universal-switches/5320,2026-09-29,2026-09-29
products,Extreme 9920 Cloud-Native Network Visibility Platform,200,3,1,https://www.extremenetworks.com/products/network-packet-broker/9920-hardware-platform/extreme-9920-cloud-native-network-visibility-platform,2026-09-29,2026-09-29
products,Extreme AirDefense,200,3,1,https://www.extremenetworks.com/products/network-access-control/extreme-airdefense/extreme-airdefense,2026-09-29,2026-09-29
products,Extreme Tunnel Concentrator,200,1,0,https://www.extremenetworks.com/products/tunnel-concentrator/extreme-tunnel-concentrator,2026-09-29,2026-09-29
products,Extreme Tunnel Concentrator,200,3,1,https://www.extremenetworks.com/products/tunnel-concentrator/extreme-tunnel-concentrator/extreme-tunnel-concentrator,2026-09-29,2026-09-29
products,ExtremeAccess Platform 1400 (XA 1400),200,3,1,https://www.extremenetworks.com/products/branch-gateway/vsp-and-voss-switches/xa-1400,2026-09-29,2026-09-29
products,ExtremeAnalytics,200,3,1,https://www.extremenetworks.com/products/network-analytics/extremeanalytics/extremeanalytics,2026-09-29,2026-09-29
products,ExtremeCloud Business Insights for Venues,200,3,1,https://www.extremenetworks.com/products/network-analytics/extremeanalytics/extremecloud-business-insights-for-venues,2026-09-29,2026-09-29
products,ExtremeCloud IQ,200,4,2,https://www.extremenetworks.com/products/cloud-based-management/extremecloud-iq/extremecloud-iq,2026-09-29,2026-09-29
products,ExtremeCloud IQ - Site Engine,200,3,1,https://www.extremenetworks.com/products/network-management/extremecloud-iq-site-engine/extremecloud-iq---site-engine,2026-09-29,2026-09-29
products,ExtremeCloud IQ Controller,200,3,1,https://www.extremenetworks.com/products/wi-fi-management/extremecloud-iq-controller/extremecloud-iq-controller,2026-09-29,2026-09-29
products,ExtremeCloud Orchestrator,200,4,1,https://www.extremenetworks.com/products/cloud-based-management/extremecloud-iq/extremecloud-orchestrator,2026-09-29,2026-09-29
products,ExtremeCloud Orchestrator,200,5,1,https://www.extremenetworks.com/products/network-fabric/extreme-ip-fabric,2026-09-29,2026-09-29
products,ExtremeCloud SD-WAN,200,8,1,https://www.extremenetworks.com/products/sd-wan/extreme-sd-wan/extremecloud-sd-wan,2026-09-29,2026-09-29
products,ExtremeControl,200,3,1,https://www.extremenetworks.com/products/network-access-control/extremecontrol/extremecontrol,2026-09-29,2026-09-29
products,Half-Full Duplex Converter,200,3,1,https://www.extremenetworks.com/products/adapters-and-converters/switch-adapters-and-converters/half-full-duplex-converter,2026-09-29,2026-09-29
products,Industrial Switches (ISW),200,3,1,https://www.extremenetworks.com/products/switches/industrial-switches/isw-series,2026-09-29,2026-09-29
products,LRM and MACsec Adapter,200,3,1,https://www.extremenetworks.com/products/adapters-and-converters/switch-adapters-and-converters/lrm-and-macsec-adapter,2026-09-29,2026-09-29
products,Optics,200,4,1,https://www.extremenetworks.com/products/switches/universal-switches/optics,2026-09-29,2026-09-29
products,Products,200,1,0,https://www.extremenetworks.com/products,2026-09-29,2026-09-29
products,SLX 9240,200,3,1,https://www.extremenetworks.com/products/switches/slx-switches/slx-9240,2026-09-29,2026-09-29
products,SLX 9540,200,3,1,https://www.extremenetworks.com/products/routers/switches-and-routers/slx-9540,2026-09-29,2026-09-29
products,SLX 9640,200,3,1,https://www.extremenetworks.com/products/routers/switches-and-routers/slx-9640,2026-09-29,2026-09-29
products,SLX 9740,200,3,1,https://www.extremenetworks.com/products/routers/switches-and-routers/slx-9740,2026-09-29,2026-09-29
products,Switch Adapters and Converters,200,1,0,https://www.extremenetworks.com/products/adapters-and-converters/switch-adapters-and-converters,2026-09-29,2026-09-29
products,Thermal Sensing for Universal Switches,200,3,1,https://www.extremenetworks.com/products/switches/universal-switches/thermal-sensing-for-universal-switches,2026-09-29,2026-09-29
products,Tunnel Concentrator,200,0,0,https://www.extremenetworks.com/products/tunnel-concentrator,2026-09-29,2026-09-29
products,Universal Appliances,200,1,0,https://www.extremenetworks.com/products/universal-compute-platform/universal-appliances,2026-09-29,2026-09-29
products,Universal Compute Platform,200,0,0,https://www.extremenetworks.com/products/universal-compute-platform,2026-09-29,2026-09-29
products,Universal Compute Platform,200,3,1,https://www.extremenetworks.com/products/universal-compute-platform/universal-appliances/universal-compute-platform,2026-09-29,2026-09-29
products,V300,200,3,1,https://www.extremenetworks.com/products/switches/extremexos-switches/v300,2026-09-29,2026-09-29
products,V400,200,3,1,https://www.extremenetworks.com/products/switches/extremexos-switches/v400,2026-09-29,2026-09-29
products,VPN Gateway Virtual Appliance,200,3,1,https://www.extremenetworks.com/products/vpn-gateway/vpn-virtual-appliance/vpn-gateway-virtual-appliance,2026-09-29,2026-09-29
products,VSP 4900,200,3,1,https://www.extremenetworks.com/products/switches/vsp-and-voss-switches/vsp-4900,2026-09-29,2026-09-29
products,VSP 7400,200,3,1,https://www.extremenetworks.com/products/switches/vsp-and-voss-switches/vsp-7400,2026-09-29,2026-09-29
products,WiNG NX 7500,200,3,1,https://www.extremenetworks.com/products/wlan-controllers/wing-controllers/wing-nx-7500,2026-09-29,2026-09-29
products,WiNG VX 9000,200,3,1,https://www.extremenetworks.com/products/wlan-controllers/wing-controllers/wing-vx-9000,2026-09-29,2026-09-29
products,X435,200,3,1,https://www.extremenetworks.com/products/switches/extremexos-switches/x435,2026-09-29,2026-09-29
products,X440-G2,200,3,1,https://www.extremenetworks.com/products/switches/extremexos-switches/x440-g2,2026-09-29,2026-09-29
products,X450-G2,200,3,1,https://www.extremenetworks.com/products/switches/extremexos-switches/x450-g2,2026-09-29,2026-09-29
products,X460-G2,200,3,1,https://www.extremenetworks.com/products/switches/extremexos-switches/x460-g2,2026-09-29,2026-09-29
products,X465,200,3,1,https://www.extremenetworks.com/products/switches/extremexos-switches/x465,2026-09-29,2026-09-29
products,X590,200,3,1,https://www.extremenetworks.com/products/switches/extremexos-switches/x590,2026-09-29,2026-09-29
products,X620,200,3,1,https://www.extremenetworks.com/products/switches/extremexos-switches/x620,2026-09-29,2026-09-29
products,X670-G2,200,3,1,https://www.extremenetworks.com/products/switches/extremexos-switches/x670-g2,2026-09-29,2026-09-29
products,X690,200,3,1,https://www.extremenetworks.com/products/switches/extremexos-switches/x690,2026-09-29,2026-09-29
products,X695,200,3,1,https://www.extremenetworks.com/products/switches/extremexos-switches/x695,2026-09-29,2026-09-29
products,X870,200,3,1,https://www.extremenetworks.com/products/switches/extremexos-switches/x870,2026-09-29,2026-09-29
resources/at-a-glance,4000 Series Universal Switches,200,4,1,https://www.extremenetworks.com/resources/at-a-glance/4000-series-universal-switches,2026-09-29,2026-09-29
resources/at-a-glance,5 Reasons to Advance Your Venue Experience with Extreme Networks,200,11,1,https://www.extremenetworks.com/resources/at-a-glance/5-reasons-to-advance-your-venue-experience-with-extreme-networks,2026-09-29,2026-09-29
resources/at-a-glance,5 Ways Extreme Networks Advances Manufacturing Operations,200,1,1,https://www.extremenetworks.com/resources/at-a-glance/5-ways-extreme-networks-advances-manufacturing-operations,2026-09-29,2026-09-29
resources/at-a-glance,AV-over-IP and Network Solutions Purpose Built for the US Federal Government,200,2,1,https://www.extremenetworks.com/resources/at-a-glance/av-over-ip-and-network-solutions-purpose-built-for-the-us-federal-government,2026-09-29,2026-09-29
resources/at-a-glance,About Extreme Networks,200,6,0,https://www.extremenetworks.com/resources/at-a-glance/about-extreme-networks,2026-09-29,2026-09-29
resources/at-a-glance,Achieve Better Outcomes For Your Community,200,8,1,https://www.extremenetworks.com/resources/at-a-glance/achieve-better-outcomes-for-your-community,2026-09-29,2026-09-29
resources/at-a-glance,Achieve Better Outcomes for Your Financial Organization,200,1,1,https://www.extremenetworks.com/resources/at-a-glance/achieve-better-outcomes-for-your-financial-organization,2026-09-29,2026-09-29
resources/at-a-glance,Advance Your Community by Investing in its Future,200,1,1,https://www.extremenetworks.com/resources/at-a-glance/advance-your-community-by-investing-in-its-future,2026-09-29,2026-09-29
resources/at-a-glance,Advancing Healthcare with Purpose-Built IT Network Solutions,200,9,1,https://www.extremenetworks.com/resources/at-a-glance/advancing-healthcare-with-purpose-built-it-network-solutions,2026-09-29,2026-09-29
resources/at-a-glance,Advancing the Fairground and Theme Park Experience with Intelligent IT Network Solutions,200,7,0,https://www.extremenetworks.com/resources/at-a-glance/advancing-the-fairground-and-theme-park-experience,2026-09-29,2026-09-29
resources/at-a-glance,Always-On Casino Operations Start with the Network,200,6,0,https://www.extremenetworks.com/resources/at-a-glance/always-on-tribal-casino-operations-start-with-the-network,2026-09-29,2026-09-29
resources/at-a-glance,Benefits of Upgrading to the ExtremeSwitching 5520 Series,200,1,1,https://www.extremenetworks.com/resources/at-a-glance/benefits-of-upgrading-to-the-extremeswitching-5520-series,2026-09-29,2026-09-29
resources/at-a-glance,COVID Relief Funding Update,200,1,1,https://www.extremenetworks.com/resources/at-a-glance/covid-relief-funding-update,2026-09-29,2026-09-29
resources/at-a-glance,Cloud-Driven Networking for Retail,200,1,1,https://www.extremenetworks.com/resources/at-a-glance/cloud-driven-networking-for-retail,2026-09-29,2026-09-29
resources/at-a-glance,Debunking E-Rate Myths: Your Guide to Maximizing Funding,200,9,0,https://www.extremenetworks.com/resources/at-a-glance/e-rate-myths,2026-09-29,2026-09-29
resources/at-a-glance,Define the Future with On-Demand Network Acquisition,200,1,1,https://www.extremenetworks.com/resources/at-a-glance/define-the-future-with-on-demand-network-acquisition,2026-09-29,2026-09-29
resources/at-a-glance,Extreme Agent ONE Coworker,200,15,0,https://www.extremenetworks.com/resources/at-a-glance/extreme-agent-one-coworker,2026-09-29,2026-09-29
resources/at-a-glance,Extreme Cloud Continuum and ExtremeCloud Edge,200,2,1,https://www.extremenetworks.com/resources/at-a-glance/extreme-cloud-continuum-extremecloud-edge,2026-09-29,2026-09-29
resources/at-a-glance,Extreme Collegiate Incubator Experience Program Overview,200,9,0,https://www.extremenetworks.com/resources/at-a-glance/extreme-collegiate-incubator-experience-program-overview,2026-09-29,2026-09-29
resources/at-a-glance,Extreme Fabric + i-PRO,200,3,1,https://www.extremenetworks.com/resources/at-a-glance/fabric-i-pro-aag,2026-09-29,2026-09-29
resources/at-a-glance,Extreme Fabric at a Glance: Network Automation that Just Works,200,4,1,https://www.extremenetworks.com/resources/at-a-glance/extreme-fabric,2026-09-29,2026-09-29
resources/at-a-glance,Extreme Multi-Vendor Device Management Support,200,1,1,https://www.extremenetworks.com/resources/at-a-glance/extreme-multi-vendor-device-management-support,2026-09-29,2026-09-29
resources/at-a-glance,Extreme Networks Cloud-Native Wi-Fi 6 Access Point Portfolio,200,1,1,https://www.extremenetworks.com/resources/at-a-glance/extreme-networks-cloud-native-wi-fi-6-access-point-portfolio,2026-09-29,2026-09-29
resources/at-a-glance,Extreme Networks E-Rate Eligibility Chart,200,9,0,https://www.extremenetworks.com/resources/at-a-glance/extreme-e-rate-eligible-solutions,2026-09-29,2026-09-29
resources/at-a-glance,Extreme Networks Global Security and Compliance Office,200,8,0,https://www.extremenetworks.com/resources/at-a-glance/extreme-networks-global-security-and-compliance-office,2026-09-29,2026-09-29
resources/at-a-glance,Extreme Networks Powers Enterprise Networking and Security Management Consulting and Accounting Firms,200,6,0,https://www.extremenetworks.com/resources/at-a-glance/extreme-powers-management-consulting-and-accounting-firms,2026-09-29,2026-09-29
resources/at-a-glance,Extreme Networks Powers Enterprise Networking and Security Solutions for Financial Services,200,6,0,https://www.extremenetworks.com/resources/at-a-glance/extreme-powers-enterprise-networking-and-security-solutions-for-financial-services,2026-09-29,2026-09-29
resources/at-a-glance,Extreme Networks Powers Enterprise Networking and Security Solutions for Food Manufacturing Facilities,200,6,0,https://www.extremenetworks.com/resources/at-a-glance/extreme-powers-enterprise-networking-and-security-for-food-manufacturing-facilities,2026-09-29,2026-09-29
resources/at-a-glance,Extreme Networks Powers Enterprise Networking and Security Solutions for Healthcare,200,7,0,https://www.extremenetworks.com/resources/at-a-glance/extreme-powers-enterprise-networking-and-security-solutions-for-healthcare,2026-09-29,2026-09-29
resources/at-a-glance,Extreme Networks Powers Enterprise Networking and Security Solutions for Manufacturing,200,8,0,https://www.extremenetworks.com/resources/at-a-glance/extreme-networks-powers-enterprise-networking-and-security-solutions-for-manufacturing,2026-09-29,2026-09-29
resources/at-a-glance,Extreme Networks Powers Enterprise Networking and Security Solutions for Operational Technology,200,7,0,https://www.extremenetworks.com/resources/at-a-glance/extreme-powers-operational-technology-industries,2026-09-29,2026-09-29
resources/at-a-glance,Extreme Networks Powers Enterprise Networking and Security Solutions for Schools and School Systems,200,7,0,https://www.extremenetworks.com/resources/at-a-glance/extreme-powers-networking-and-security-solutions-for-schools-and-school-districts,2026-09-29,2026-09-29
resources/at-a-glance,Extreme Networks Powers Enterprise Networking and Security Solutions for State and Local Government,200,7,0,https://www.extremenetworks.com/resources/at-a-glance/extreme-powers-networking-and-security-solutions-for-state-and-local-governments,2026-09-29,2026-09-29
resources/at-a-glance,Extreme Networks Powers Enterprise Networking and Security Solutions for the Pharmaceutical Industry,200,8,0,https://www.extremenetworks.com/resources/at-a-glance/extreme-powers-enterprise-networking-and-security-solutions-for-pharmaceutical-industry,2026-09-29,2026-09-29
resources/at-a-glance,Extreme Networks Powers Enterprise Networking and Security for Retail,200,9,0,https://www.extremenetworks.com/resources/at-a-glance/extreme-networks-power-enterprise-networking-and-security-for-retail,2026-09-29,2026-09-29
resources/at-a-glance,Extreme Networks Powers Networking and Security Solutions for Enterprises,200,6,0,https://www.extremenetworks.com/resources/at-a-glance/extreme-powers-enterprises-of-all-sizes-worldwide,2026-09-29,2026-09-29
resources/at-a-glance,Extreme Networks Powers Networking and Security Solutions for Higher Education,200,7,0,https://www.extremenetworks.com/resources/at-a-glance/extreme-powers-networking-and-security-solutions-for-higher-education,2026-09-29,2026-09-29
resources/at-a-glance,Extreme Networks Powers Networking and Security Solutions for Hospitality,200,10,0,https://www.extremenetworks.com/resources/at-a-glance/extreme-networks-powers-networking-security-solutions-for-hospitality,2026-09-29,2026-09-29
resources/at-a-glance,Extreme Networks Powers Networking and Security Solutions for Sports and Entertainment Venues,200,6,0,https://www.extremenetworks.com/resources/at-a-glance/extreme-networks-powers-networking-and-security-solutions-for-sports-and-entertainment-venues,2026-09-29,2026-09-29
resources/at-a-glance,Extreme Networks Rapid Outdoor Connectivity Kits,200,1,1,https://www.extremenetworks.com/resources/at-a-glance/extreme-networks-rapid-outdoor-connectivity-kits,2026-09-29,2026-09-29
resources/at-a-glance,Extreme Networks Rapid Outdoor Connectivity Kits for Retail,200,1,1,https://www.extremenetworks.com/resources/at-a-glance/extreme-networks-rapid-outdoor-connectivity-kits-for-retail,2026-09-29,2026-09-29
resources/at-a-glance,Extreme Networks SLX and 8000 Series Switching and Routing Portfolio,200,1,1,https://www.extremenetworks.com/resources/at-a-glance/extreme-networks-slx-switching-and-routing-portfolio,2026-09-29,2026-09-29
resources/at-a-glance,Extreme Networks SLX and 8000 Series Switching and Routing Portfolio,200,1,1,https://www.extremenetworks.com/resources/at-a-glance/slx-agile-data-center-portfolio,2026-09-29,2026-09-29
resources/at-a-glance,Extreme Networks and Audi Revolut F1 Team Overview,200,11,0,https://www.extremenetworks.com/resources/at-a-glance/extreme-networks-and-f1,2026-09-29,2026-09-29
resources/at-a-glance,Extreme Networks and Major League Baseball,200,6,0,https://www.extremenetworks.com/resources/at-a-glance/extreme-networks-and-major-league-baseball,2026-09-29,2026-09-29
resources/at-a-glance,Extreme Networks and the NFL,200,7,0,https://www.extremenetworks.com/resources/at-a-glance/extreme-networks-and-the-nfl,2026-09-29,2026-09-29
resources/at-a-glance,Extreme Networks and the NHL,200,6,0,https://www.extremenetworks.com/resources/at-a-glance/extreme-networks-and-the-nhl,2026-09-29,2026-09-29
resources/at-a-glance,Extreme Platform ONE At a Glance,200,18,0,https://www.extremenetworks.com/resources/at-a-glance/extreme-platform-one,2026-09-29,2026-09-29
resources/at-a-glance,Extreme Platform ONE Enterprise Agreement: Power Your Enterprise with Simplicity,200,15,0,https://www.extremenetworks.com/resources/at-a-glance/extreme-platform-one-enterprise-agreement-power-your-enterprise-with-simplicity,2026-09-29,2026-09-29
resources/at-a-glance,Extreme Platform ONE Third-Party Management Engine,200,18,0,https://www.extremenetworks.com/resources/at-a-glance/extreme-platform-one-third-party-management-engine,2026-09-29,2026-09-29
resources/at-a-glance,Extreme Solutions for Healthcare,200,4,1,https://www.extremenetworks.com/resources/at-a-glance/extreme-networks-for-modern-healthcare,2026-09-29,2026-09-29
resources/at-a-glance,"Extreme VCS Fabric Provides Automation Through Zero-Touch Provisioning, Self-Forming Trunks, and Logical Chassis",200,1,1,https://www.extremenetworks.com/resources/at-a-glance/extreme-vcs-fabric-provides-automation-through-zero-touch-provisioning-self-forming-trunks,2026-09-29,2026-09-29
resources/at-a-glance,"Extreme Wired Portfolio Overview: Flexible, Automated, and Energy Efficient",200,6,2,https://www.extremenetworks.com/resources/at-a-glance/extreme-wired-at-a-glance,2026-09-29,2026-09-29
resources/at-a-glance,"Extreme Wireless Portfolio Overview: Agile, Energy Efficient, and Future-Ready",200,4,2,https://www.extremenetworks.com/resources/at-a-glance/extreme-wireless-at-a-glance,2026-09-29,2026-09-29
resources/at-a-glance,ExtremeCloud IQ + Hamina,200,4,1,https://www.extremenetworks.com/resources/at-a-glance/extremecloud-iq-and-hamina,2026-09-29,2026-09-29
resources/at-a-glance,ExtremeCloud IQ At a Glance,200,3,1,https://www.extremenetworks.com/resources/at-a-glance/extremecloud-iq-aag,2026-09-29,2026-09-29
resources/at-a-glance,ExtremeCloud IQ Cloud Services Platform,200,1,1,https://www.extremenetworks.com/resources/at-a-glance/extremecloud-iq-cloud-services-platform,2026-09-29,2026-09-29
resources/at-a-glance,ExtremeCloud IQ CoPilot,200,4,1,https://www.extremenetworks.com/resources/at-a-glance/extremecloud-iq-copilot,2026-09-29,2026-09-29
resources/at-a-glance,ExtremeCloud IQ Universal Licensing,200,4,1,https://www.extremenetworks.com/resources/at-a-glance/extremecloud-iq-universal-licensing,2026-09-29,2026-09-29
resources/at-a-glance,"ExtremeCloud SD-WAN At a Glance: Automated, Integrated, and Fabric Ready SD-WAN",200,4,1,https://www.extremenetworks.com/resources/at-a-glance/extremecloud-sd-wan-at-a-glance,2026-09-29,2026-09-29
resources/at-a-glance,ExtremeCloud Universal ZTNA,200,4,1,https://www.extremenetworks.com/resources/at-a-glance/extremecloud-universal-ztna,2026-09-29,2026-09-29
resources/at-a-glance,Extreme’s #NewNormal Solution,200,1,1,https://www.extremenetworks.com/resources/at-a-glance/extremes-newnormal-solution,2026-09-29,2026-09-29
resources/at-a-glance,Fiscal Recovery Funds Available for Strategic IT Initiatives,200,1,1,https://www.extremenetworks.com/resources/at-a-glance/fiscal-recovery-funds-available-for-strategic-it-initiatives,2026-09-29,2026-09-29
resources/at-a-glance,Flexible Financing for Every Network Need,200,1,1,https://www.extremenetworks.com/resources/at-a-glance/flexible-financing-for-every-network-need,2026-09-29,2026-09-29
resources/at-a-glance,IT Success in Airports: Harry Reid International Airport,200,8,0,https://www.extremenetworks.com/resources/at-a-glance/it-success-in-airports-harry-reid-international-airport,2026-09-29,2026-09-29
resources/at-a-glance,Integration of ExtremeControl with Fortinet Fortigate Firewalls,200,1,1,https://www.extremenetworks.com/resources/at-a-glance/integration-of-extremecontrol-with-fortinet-fortigate-firewalls,2026-09-29,2026-09-29
resources/at-a-glance,Master E-Rate Terminology: Your Essential Glossary,200,6,0,https://www.extremenetworks.com/resources/at-a-glance/e-rate-terminology,2026-09-29,2026-09-29
resources/at-a-glance,Network Services At-a-Glance,200,2,1,https://www.extremenetworks.com/resources/at-a-glance/network-services,2026-09-29,2026-09-29
resources/at-a-glance,Network-Powered Digital Transformation for Minor League Baseball Ballparks,200,1,1,https://www.extremenetworks.com/resources/at-a-glance/network-powered-digital-transformation-for-minor-league-baseball-ballparks,2026-09-29,2026-09-29
resources/at-a-glance,Network-Powered Digital Transformation for NHL Arenas,200,5,1,https://www.extremenetworks.com/resources/at-a-glance/network-powered-digital-transformation-for-nhl-arenas,2026-09-29,2026-09-29
resources/at-a-glance,Offering a Digital Government Experience – Benefits of Smart Communities,200,8,1,https://www.extremenetworks.com/resources/at-a-glance/offering-a-digital-government-experience-benefits-of-smart-communities,2026-09-29,2026-09-29
resources/at-a-glance,Precision Wi-Fi for Connected Venues - Extreme Multi-Beam Wireless At a Glance,200,7,0,https://www.extremenetworks.com/resources/at-a-glance/precision-wi-fi-for-connected-venues,2026-09-29,2026-09-29
resources/at-a-glance,Reopen Buildings Safely with Location Intelligence and Great Visitor Experiences,200,1,1,https://www.extremenetworks.com/resources/at-a-glance/reopen-buildings-safely-with-location-intelligence-and-great-visitor-experiences,2026-09-29,2026-09-29
resources/at-a-glance,Run Life-Critical Patient Data on Your Existing Network,200,1,1,https://www.extremenetworks.com/resources/at-a-glance/run-life-critical-patient-data-on-your-existing-network,2026-09-29,2026-09-29
resources/at-a-glance,Rural Healthcare Transformation: Modernizing Care Access Across Rural Communities,200,9,0,https://www.extremenetworks.com/resources/at-a-glance/modernizing-care-access-across-rural-communities,2026-09-29,2026-09-29
resources/at-a-glance,"Scalable, Always-On Video Surveillance: Extreme Networks Integrates With i-PRO Security Cameras",200,1,1,https://www.extremenetworks.com/resources/at-a-glance/scalable-always-on-video-surveillance-extreme-networks-integrates-with-panasonic-security-cameras,2026-09-29,2026-09-29
resources/at-a-glance,Secure Data Communications Between Enterprise Data Centers,200,1,1,https://www.extremenetworks.com/resources/at-a-glance/secure-data-communications-between-enterprise-data-centers,2026-09-29,2026-09-29
resources/at-a-glance,Senior Living and Long Term Care,200,7,0,https://www.extremenetworks.com/resources/at-a-glance/senior-living-and-long-term-care,2026-09-29,2026-09-29
resources/at-a-glance,Services to Ease Migration,200,2,1,https://www.extremenetworks.com/resources/at-a-glance/services-to-ease-migration,2026-09-29,2026-09-29
resources/at-a-glance,Smarter Networks for Smarter Venues,200,6,0,https://www.extremenetworks.com/resources/at-a-glance/smarter-networks-for-smarter-venues,2026-09-29,2026-09-29
resources/at-a-glance,Top 7 Talking Points for 5G vs Wi-Fi for CIOs,200,2,1,https://www.extremenetworks.com/resources/at-a-glance/top-7-talking-points-for-5g-vs-wi-fi-for-cios,2026-09-29,2026-09-29
resources/at-a-glance,Unlock Your Network Potential with 5000 Series Switches,200,1,1,https://www.extremenetworks.com/resources/at-a-glance/unlock-your-network-potential-with-5000-series-switches,2026-09-29,2026-09-29
resources/at-a-glance,Why Extreme Networks for Automotive Dealerships,200,7,0,https://www.extremenetworks.com/resources/at-a-glance/why-extreme-networks-for-automotive-dealerships,2026-09-29,2026-09-29
resources/at-a-glance,real-time-tracking-of-assets-and-people-across-departments-and-workflows,200,0,0,https://www.extremenetworks.com/resources/at-a-glance/real-time-tracking-of-assets-and-people-across-departments-and-workflows,2026-09-29,2026-09-29
resources/brochure,Priorities and Investments in the Era of Platformization,200,8,0,https://www.extremenetworks.com/resources/brochure/priorities-and-investment-plans-in-the-era-of-platformization,2026-09-29,2026-09-29
resources/brochure,Simplifying Secure Hybrid Work Overview,200,8,0,https://www.extremenetworks.com/resources/brochure/simplifying-secure-hybrid-work-mini-ebook,2026-09-29,2026-09-29
resources/brochure,Top 10 Reasons to Add Extreme Portfolio Devices to ExtremeCloud IQ,200,3,1,https://www.extremenetworks.com/resources/brochure/reasons-to-add-extreme-portfolio-devices-to-extremecloud-iq,2026-09-29,2026-09-29
resources/brochure,Unifying and Securing Your Network: Why Organizations Worldwide Trust Extreme Fabric,200,55,0,https://www.extremenetworks.com/resources/brochure/unifying-and-securing-your-network-fabric,2026-09-29,2026-09-29
resources/ebook,"1 Network, 1 Cloud, 1 Extreme Reduces Risk and Simplifies Operations",200,5,1,https://www.extremenetworks.com/resources/ebook/1-network-1-cloud-1-extreme-reduces-risk-and-simplifies-operations,2026-09-29,2026-09-29
resources/ebook,5 Key Insights to Shape Your WAN Edge Strategy,200,5,1,https://www.extremenetworks.com/resources/ebook/5-key-insights-to-shape-your-wan-edge-strategy,2026-09-29,2026-09-29
resources/ebook,A Practical Approach to Universal ZTNA,200,3,0,https://www.extremenetworks.com/resources/ebook/a-practical-approach-to-universal-ztna,2026-09-29,2026-09-29
resources/ebook,AI for Networking Playbook: An Executive Guide to the Platform Imperative,200,8,0,https://www.extremenetworks.com/resources/ebook/ai-for-networking-playbook,2026-09-29,2026-09-29
resources/ebook,An Intelligent Network for a Smart Community,200,10,1,https://www.extremenetworks.com/resources/ebook/building-a-smart-community,2026-09-29,2026-09-29
resources/ebook,Built for Big Moments: What the NFL Teaches Us About IT Agility,200,7,0,https://www.extremenetworks.com/resources/ebook/built-for-big-moments-what-the-nfl-teaches-us-about-it-agility,2026-09-29,2026-09-29
resources/ebook,Choosing Simple: A Buyer’s Guide to Moving Beyond Cisco,200,16,0,https://www.extremenetworks.com/resources/ebook/buyers-guide-moving-beyond-cisco,2026-09-29,2026-09-29
resources/ebook,Cloud-Based Network Management Buyer’s Guide,200,3,1,https://www.extremenetworks.com/resources/ebook/cloud-based-network-management-buyers-guide,2026-09-29,2026-09-29
resources/ebook,Creating a Smart Building Infrastructure,200,5,0,https://www.extremenetworks.com/resources/ebook/creating-a-smart-building-infrastructure,2026-09-29,2026-09-29
resources/ebook,Enterprise Networking Shouldn’t Be Complex,200,4,1,https://www.extremenetworks.com/resources/ebook/enterprise-networking-doesnt-have-to-be-complex,2026-09-29,2026-09-29
resources/ebook,Essential Guide to E-Rate Program Success,200,6,0,https://www.extremenetworks.com/resources/ebook/essential-guide-to-e-rate-program-success,2026-09-29,2026-09-29
resources/ebook,Extreme Partner Primer Guide,200,4,1,https://www.extremenetworks.com/resources/ebook/partner-primer-guide,2026-09-29,2026-09-29
resources/ebook,Extreme Performance: Inside the Network Powering Audi Revolut F1 Team,200,11,0,https://www.extremenetworks.com/resources/ebook/extreme-performance-inside-the-network-powering-f1-team,2026-09-29,2026-09-29
resources/ebook,Extreme Solutions for Healthcare - Download eBook,200,10,1,https://www.extremenetworks.com/resources/ebook/digital-healthcare-solutions-guide,2026-09-29,2026-09-29
resources/ebook,From Next Gen to What's Next,200,5,1,https://www.extremenetworks.com/resources/ebook/from-next-gen-to-whats-next,2026-09-29,2026-09-29
resources/ebook,How to Build the Store of Tomorrow,200,6,1,https://www.extremenetworks.com/resources/ebook/how-to-build-the-store-of-tomorrow,2026-09-29,2026-09-29
resources/ebook,How to Take Control of Your Network: A Cloud Network Management Playbook,200,11,1,https://www.extremenetworks.com/resources/ebook/cloud-network-management-playbook,2026-09-29,2026-09-29
resources/ebook,"Improve Resilience, Security, and Application Performance with SD WAN",200,5,1,https://www.extremenetworks.com/resources/ebook/improve-resilience-security-application-performance-with-sd-wan,2026-09-29,2026-09-29
resources/ebook,Leading Transformation with the Right SD-WAN Solution,200,5,1,https://www.extremenetworks.com/resources/ebook/leading-transformation-with-the-right-sd-wan-solution,2026-09-29,2026-09-29
resources/ebook,Navigating Government Tech Priorities,200,8,0,https://www.extremenetworks.com/resources/ebook/navigating-government-tech-priorities,2026-09-29,2026-09-29
resources/ebook,Powering the Network Behind Some of the World’s Biggest Stages,200,8,0,https://www.extremenetworks.com/resources/ebook/powering-the-network-behind-some-of-the-worlds-biggest-stages,2026-09-29,2026-09-29
resources/ebook,"Securely Connect Everyone, Everywhere",200,4,0,https://www.extremenetworks.com/resources/ebook/securely-connect-everyone-everywhere,2026-09-29,2026-09-29
resources/ebook,"Take Extreme’s Zero Touch, Zero Trust Fabric to Branches at the Edge",200,5,1,https://www.extremenetworks.com/resources/ebook/extremes-zero-touch-zero-trust-fabric-branches-edge,2026-09-29,2026-09-29
resources/ebook,The Advantages of AIOps,200,10,1,https://www.extremenetworks.com/resources/ebook/the-advantages-of-aiops,2026-09-29,2026-09-29
resources/ebook,The Case for SD-WAN,200,15,1,https://www.extremenetworks.com/resources/ebook/the-case-for-sd-wan,2026-09-29,2026-09-29
resources/ebook,The Case for Upgrading to Wi-Fi 6/6E,200,4,0,https://www.extremenetworks.com/resources/ebook/the-case-for-upgrading-to-wi-fi-6-6e,2026-09-29,2026-09-29
resources/ebook,The Game-Changing Power of Wi-Fi Analytics in College Venues,200,8,0,https://www.extremenetworks.com/resources/ebook/game-changing-power-of-wi-fi-analytics-in-college-venues,2026-09-29,2026-09-29
resources/ebook,The National Fabric: Connecting America with Extreme Networks,200,18,0,https://www.extremenetworks.com/resources/ebook/the-national-fabric-connecting-america-with-extreme-networks,2026-09-29,2026-09-29
resources/ebook,The Network Behind the Game: What Baseball Teaches IT About Performance Under Pressure,200,6,0,https://www.extremenetworks.com/resources/ebook/what-baseball-teaches-it-about-performance,2026-09-29,2026-09-29
resources/ebook,The Power of the Connected Campus,200,6,1,https://www.extremenetworks.com/resources/ebook/the-power-of-the-connected-campus-wifi-solutions,2026-09-29,2026-09-29
resources/ebook,The Value of Extreme Fabric: ROI Insights From Extreme Fabric Implementations,200,6,0,https://www.extremenetworks.com/resources/ebook/value-of-extreme-fabric-roi-insights,2026-09-29,2026-09-29
resources/ebook,Top 10 Network Security Best Practices,200,4,0,https://www.extremenetworks.com/resources/ebook/top-10-network-security-best-practices,2026-09-29,2026-09-29
resources/ebook,Top Benefits of Partnering with a Networking Vendor You Can Count On,200,6,0,https://www.extremenetworks.com/resources/ebook/top-benefits-of-partnering-with-a-networking-vendor-you-can-count-on,2026-09-29,2026-09-29
resources/ebook,"Transform the Network, Transform the Business",200,9,1,https://www.extremenetworks.com/resources/ebook/transform-the-network-transform-the-business,2026-09-29,2026-09-29
resources/ebook,Transforming Healthcare Operations,200,6,1,https://www.extremenetworks.com/resources/ebook/transforming-healthcare-operations,2026-09-29,2026-09-29
resources/ebook,"Transforming NHL Arenas for the Digital Fan Era: How Technology, Connectivity, and Innovation Are Shaping the Future of IT",200,6,0,https://www.extremenetworks.com/resources/ebook/transforming-nhl-arenas-for-the-digital-fan-era,2026-09-29,2026-09-29
resources/ebook,Unifying And Securing Your Network: A Comprehensive Guide to Network Fabric,200,4,0,https://www.extremenetworks.com/resources/ebook/a-comprehensive-guide-to-network-fabric,2026-09-29,2026-09-29
resources/ebook,"We Go to Extremes for You: Simpler, Smarter Networks Across Every Industry",200,19,0,https://www.extremenetworks.com/resources/ebook/we-go-to-extremes-for-you-simpler-smarter-networks-across-every-industry,2026-09-29,2026-09-29
resources/ebook,What to Know When Switching Cloud Networking Vendors: An Expert Guide,200,0,0,https://www.extremenetworks.com/resources/ebook/what-to-know-when-switching-cloud-networking-vendors,2026-09-29,2026-09-29
resources/ebook,Wi-Fi 6/6E/7 Buyer’s Guide,200,4,1,https://www.extremenetworks.com/resources/ebook/wi-fi-6-6e-buyers-guide,2026-09-29,2026-09-29
resources/flyer,E-Rate Quick Ordering Guide for US K-12 Schools and Libraries,200,11,0,https://www.extremenetworks.com/resources/flyer/e-rate-quick-ordering-guide,2026-09-29,2026-09-29
resources/flyer,K-12 Cybersecurity Pilot Program,200,8,0,https://www.extremenetworks.com/resources/flyer/k-12-cybersecurity-pilot-program,2026-09-29,2026-09-29
resources/flyer,Planning for Growth / Planning for Disruption,200,5,1,https://www.extremenetworks.com/resources/flyer/planning-for-growth-planning-for-disruption-checklist,2026-09-29,2026-09-29
resources/infographic,Addressing IT Challenges with Network Fabric,200,56,0,https://www.extremenetworks.com/resources/infographic/addressing-it-challenges-with-network-fabric,2026-09-29,2026-09-29
resources/infographic,"Bond's Extreme Journey: 10,000 Miles of Innovation in Action",200,22,0,https://www.extremenetworks.com/resources/infographic/bonds-extreme-journey,2026-09-29,2026-09-29
resources/infographic,Bring the Zombie Mall Back to Life,200,7,1,https://www.extremenetworks.com/resources/infographic/retail-network-bring-the-zombie-mall-back-to-life,2026-09-29,2026-09-29
resources/infographic,CIO Insights in the Era of Platformization,200,5,0,https://www.extremenetworks.com/resources/infographic/cio-insights-in-the-era-of-platformization,2026-09-29,2026-09-29
resources/infographic,CIO Strategies in the Era of Platformization,200,5,0,https://www.extremenetworks.com/resources/infographic/cio-strategies-in-the-era-of-platformization,2026-09-29,2026-09-29
resources/infographic,Connecting the Fastest Team Requires the Fastest Network: Extreme Fabric in Action,200,11,0,https://www.extremenetworks.com/resources/infographic/connecting-the-fastest-team-requires-the-fastest-network,2026-09-29,2026-09-29
resources/infographic,Customers Around the World Trust Extreme Fabric,200,4,1,https://www.extremenetworks.com/resources/infographic/extreme-customer-fabric-infographic,2026-09-29,2026-09-29
resources/infographic,Evolution of Moving from Peering to Interconnect,200,7,1,https://www.extremenetworks.com/resources/infographic/evolution-of-moving-from-peering-to-interconnect-1,2026-09-29,2026-09-29
resources/infographic,Extreme Networks 2024 Corporate Responsibility Report Overview,200,8,0,https://www.extremenetworks.com/resources/infographic/corporate-responsibility-report-overview,2026-09-29,2026-09-29
resources/infographic,"Extreme Networks Fabric in Action: Real Results, Real Impact",200,12,0,https://www.extremenetworks.com/resources/infographic/extreme-fabric-in-action-real-results-real-impact,2026-09-29,2026-09-29
resources/infographic,Extreme Networks' Top 10 Moments of 2023,200,19,0,https://www.extremenetworks.com/resources/infographic/extreme-top-10-moments,2026-09-29,2026-09-29
resources/infographic,Extreme Unlocks the Power of Fabric,200,6,0,https://www.extremenetworks.com/resources/infographic/extreme-unlocks-the-power-of-fabric,2026-09-29,2026-09-29
resources/infographic,Gain New Ground: Your Guide to Interoperable Network Management,200,7,0,https://www.extremenetworks.com/resources/infographic/your-guide-to-interoperable-network-management,2026-09-29,2026-09-29
resources/infographic,Healthcare's Top Pains & 3 Ways Your Network Can Help,200,5,1,https://www.extremenetworks.com/resources/infographic/top-challenges-in-healthcare-and-3-extreme-solutions,2026-09-29,2026-09-29
resources/infographic,How Extreme Networks Simplifies and Secures Hybrid Work,200,13,0,https://www.extremenetworks.com/resources/infographic/how-extreme-networks-simplifies-and-secures-hybrid-work,2026-09-29,2026-09-29
resources/infographic,MLB All Star Week 2023 Supports Record Fan Engagement,200,7,1,https://www.extremenetworks.com/resources/infographic/mlb-all-star-week-2023-supports-record-fan-engagement,2026-09-29,2026-09-29
resources/infographic,Making Hybrid Work Secure and Simple with Extreme Networks,200,8,0,https://www.extremenetworks.com/resources/infographic/making-hybrid-work-secure-and-simple,2026-09-29,2026-09-29
resources/infographic,Network Service Options for Every Need,200,5,1,https://www.extremenetworks.com/resources/infographic/network-service-options-for-every-need,2026-09-29,2026-09-29
resources/infographic,Performance Matters,200,1,0,https://www.extremenetworks.com/resources/infographic/performance-matters,2026-09-29,2026-09-29
resources/infographic,Powering Rural Healthcare Across Every Site,200,8,0,https://www.extremenetworks.com/resources/infographic/powering-rural-healthcare-across-every-site,2026-09-29,2026-09-29
resources/infographic,Powering the Connected Casino Experience,200,7,0,https://www.extremenetworks.com/resources/infographic/powering-the-connected-casino-experience,2026-09-29,2026-09-29
resources/infographic,Powering the Connected Dealership Experience,200,8,0,https://www.extremenetworks.com/resources/infographic/powering-the-connected-dealership-experience,2026-09-29,2026-09-29
resources/infographic,Revolutionizing The Gaming Experience: A Smart Casino Layout,200,10,1,https://www.extremenetworks.com/resources/infographic/revolutionizing-the-gaming-experience-smart-casino-layout,2026-09-29,2026-09-29
resources/infographic,Revolutionizing the Government Experience: A Smart Community Layout,200,11,1,https://www.extremenetworks.com/resources/infographic/revolutionizing-the-government-experience-a-smart-community-layout,2026-09-29,2026-09-29
resources/infographic,Revolutionizing the Healthcare Experience: A Smart Hospital Layout,200,9,1,https://www.extremenetworks.com/resources/infographic/revolutionizing-the-healthcare-experience-a-smart-hospital-layout,2026-09-29,2026-09-29
resources/infographic,Revolutionizing the Higher Ed Experience: A Smart Campus Experience,200,7,1,https://www.extremenetworks.com/resources/infographic/revolutionizing-the-higher-ed-experience-a-smart-campus-layout,2026-09-29,2026-09-29
resources/infographic,Revolutionizing the Hotel Experience: A Smart Hotel Layout,200,9,1,https://www.extremenetworks.com/resources/infographic/revolutionizing-the-hotel-experience-a-smart-hotel-layout,2026-09-29,2026-09-29
resources/infographic,Revolutionizing the K-12 Experience: A Smart School Layout,200,10,1,https://www.extremenetworks.com/resources/infographic/revolutionizing-the-k-12-experience-smart-school-layout,2026-09-29,2026-09-29
resources/infographic,Revolutionizing the K-12 Stadium Experience: A Smart Stadium Layout,200,11,1,https://www.extremenetworks.com/resources/infographic/revolutionizing-the-k-12-school-stadium-experience-a-smart-stadium-layout,2026-09-29,2026-09-29
resources/infographic,Revolutionizing the Manufacturing Experience: A Smart Factory Layout,200,9,1,https://www.extremenetworks.com/resources/infographic/revolutionizing-the-manufacturing-experience-a-smart-factory-layout,2026-09-29,2026-09-29
resources/infographic,Revolutionizing the Retail Experience: A Smart Store Layout,200,13,1,https://www.extremenetworks.com/resources/infographic/revolutionizing-the-retail-experience-a-smart-store-layout,2026-09-29,2026-09-29
resources/infographic,Revolutionizing the Sports and Venues Experience: A Smart Stadium Layout,200,12,1,https://www.extremenetworks.com/resources/infographic/revolutionizing-the-stadium-experience-a-smart-stadium-layout,2026-09-29,2026-09-29
resources/infographic,Revolutionizing the Traveler Experience: A Smart Airport Layout,200,13,1,https://www.extremenetworks.com/resources/infographic/revolutionizing-the-traveler-experience-a-smart-airport-layout,2026-09-29,2026-09-29
resources/infographic,Revolutionizing the Venue Experience: A Smart Venue Layout,200,12,1,https://www.extremenetworks.com/resources/infographic/revolutionizing-the-venue-experience-a-smart-venue-layout,2026-09-29,2026-09-29
resources/infographic,The Convergence of Networking and Security in the Age of AI,200,5,0,https://www.extremenetworks.com/resources/infographic/cio-insights-the-convergence-of-networking-and-security,2026-09-29,2026-09-29
resources/infographic,The Cost of Cyberattack,200,4,1,https://www.extremenetworks.com/resources/infographic/network-cybersecurity-cost-of-cyberattack,2026-09-29,2026-09-29
resources/infographic,The Customer Success Journey,200,1,1,https://www.extremenetworks.com/resources/infographic/the-customer-success-journey,2026-09-29,2026-09-29
resources/infographic,The Difference Between NFC and AFC Fan Engagement,200,10,1,https://www.extremenetworks.com/resources/infographic/the-difference-between-nfc-and-afc-fan-engagement,2026-09-29,2026-09-29
resources/infographic,The Evolution of Wi-Fi,200,8,1,https://www.extremenetworks.com/resources/infographic/evolution-of-wi-fi,2026-09-29,2026-09-29
resources/infographic,The Fastest Network in Racing: Visualizing the Data Volume from a Single F1 Car,200,11,0,https://www.extremenetworks.com/resources/infographic/the-fastest-network-in-racing-visualizing-the-data-volume-from-a-single-f1-car,2026-09-29,2026-09-29
resources/infographic,The Four Pillars of a Smart Community,200,9,1,https://www.extremenetworks.com/resources/infographic/the-four-pillars-of-a-smart-community,2026-09-29,2026-09-29
resources/infographic,The State of Cloud Networking 2025: Key Insights,200,5,0,https://www.extremenetworks.com/resources/infographic/the-state-of-cloud-networking-2025-key-insights,2026-09-29,2026-09-29
resources/infographic,The World's Biggest Brands Trust Extreme,200,15,2,https://www.extremenetworks.com/resources/infographic/worlds-biggest-brands-trust-extreme,2026-09-29,2026-09-29
resources/infographic,Top 10 Benefits of a Network Vendor That Cares,200,3,1,https://www.extremenetworks.com/resources/infographic/top-10-benefits-of-a-network-vendor-that-cares,2026-09-29,2026-09-29
resources/infographic,Unifying and Securing Your Network: Why Organizations Trust Extreme Fabric,200,61,0,https://www.extremenetworks.com/resources/infographic/unifying-and-securing-your-network,2026-09-29,2026-09-29
resources/infographic,University of Pittsburg: Engaging and Connecting Fans at the Petersen Events Center,200,5,0,https://www.extremenetworks.com/resources/infographic/university-of-pittsburg-engaging-and-connecting-fans-at-the-petersen-events-center,2026-09-29,2026-09-29
resources/infographic,What IT Leaders are Saying About AI for Networking in 2026,200,17,0,https://www.extremenetworks.com/resources/infographic/state-of-ai-for-networking-2026,2026-09-29,2026-09-29
resources/infographic,What You Need to Know About Wi-Fi 7,200,5,0,https://www.extremenetworks.com/resources/infographic/what-you-need-to-know-about-wifi-7,2026-09-29,2026-09-29
resources/infographic,Why Our Venue Solutions Matter To You,200,8,1,https://www.extremenetworks.com/resources/infographic/why-our-venue-solutions-matter-to-you,2026-09-29,2026-09-29
resources/infographic,Wi-Fi 7 and Beyond: Building a Stronger Future on the 6 GHz Spectrum,200,4,1,https://www.extremenetworks.com/resources/infographic/wi-fi-7-and-beyond-building-a-stronger-future-on-the-6-ghz-spectrum,2026-09-29,2026-09-29
resources/infographic,Wi-Fi Engagement Insights From Super Bowl LVII and the 2022 NFL Season,200,8,1,https://www.extremenetworks.com/resources/infographic/wi-fi-engagement-insights-from-super-bowl-lvii-and-the-2022-nfl-season,2026-09-29,2026-09-29
resources/infographic,Wi-Fi Engagement Insights from Super Bowl LIX,200,6,1,https://www.extremenetworks.com/resources/infographic/wi-fi-engagement-insights-from-super-bowl-lix,2026-09-29,2026-09-29
resources/infographic,Wi-Fi Engagement Insights from Super Bowl LVIII,200,11,1,https://www.extremenetworks.com/resources/infographic/wi-fi-engagement-insights-from-super-bowl-lviii,2026-09-29,2026-09-29
resources/report,Benchmark Report: The World is Connected: The Store Must Be Too,200,4,1,https://www.extremenetworks.com/resources/report/retail-systems-research-connected-store,2026-09-29,2026-09-29
resources/report,Building a Return on Investment (ROI) with Cloud Networking,200,3,1,https://www.extremenetworks.com/resources/report/cloud-networking-return-on-investment,2026-09-29,2026-09-29
resources/report,CIO Insights Report: Priorities and Investment Plans in the Era of Platformization,200,5,1,https://www.extremenetworks.com/resources/report/cio-insights-report-priorities-and-investment-plans-in-the-era-of-platformization,2026-09-29,2026-09-29
resources/report,Delivering ROI with Extreme Fabric: Views from the Field,200,10,0,https://www.extremenetworks.com/resources/report/delivering-roi-with-extreme-fabric-views-from-the-field,2026-09-29,2026-09-29
resources/report,Enterprises Embrace AI-Driven Wi-Fi to Meet Today’s Network Demands,200,18,1,https://www.extremenetworks.com/resources/report/enterprises-embrace-ai-driven-wi-fi-to-meet-todays-network-demands,2026-09-29,2026-09-29
resources/report,Extreme Networks Matures Its AI Strategy with Agentic Operations and AI Transparency,200,7,0,https://www.extremenetworks.com/resources/report/ema-extreme-matures-ai-strategy,2026-09-29,2026-09-29
resources/report,Extreme Networks Named a Leader in the ABI Research Competitive Ranking—Enterprise WLAN Infrastructure Vendors 2026,200,16,0,https://www.extremenetworks.com/resources/report/abi-wlan-vendor-analysis,2026-09-29,2026-09-29
resources/report,Extreme Networks Recognized as a Visionary in the 2026 Gartner Magic Quadrant for Enterprise Wired and Wireless LAN*,200,15,0,https://extremenetworks.com/resources/report/gartner-magic-quadrant-wireless-wired-access-points,2026-09-29,2026-09-29
resources/report,Extreme Networks Recognized in Gartner Critical Capabilities Report,200,5,0,https://www.extremenetworks.com/resources/report/gartner-critical-capabilities-wired-wireless-lan,2026-09-29,2026-09-29
resources/report,Extreme Networks is a Leader in the IDC MarketScape: Worldwide Enterprise Wireless LAN 2025 Vendor Assessment,200,6,0,https://www.extremenetworks.com/resources/report/idc-marketscape-worldwide-enterprise-wireless-lan-2025-vendor-assessment,2026-09-29,2026-09-29
resources/report,ExtremeCloud IQ Site Engine Interoperability Evaluation by Tolly Report,200,3,1,https://www.extremenetworks.com/resources/report/interoperability-extremecloud-iq-site-engine,2026-09-29,2026-09-29
resources/report,Extreme’s Third Act Shines with Extreme Platform ONE Unified Management,200,9,1,https://www.extremenetworks.com/resources/report/extreme-third-act-shines-with-extreme-platform-one-unified-management,2026-09-29,2026-09-29
resources/report,Fabric Switching and AI: Next-Gen Enterprise Networking,200,10,1,https://www.extremenetworks.com/resources/report/fabric-switching-and-ai-next-gen-enterprise-networking,2026-09-29,2026-09-29
resources/report,GlobalData Named Extreme Networks a Strong Performer in Enterprise Networking and Data Center,200,18,1,https://www.extremenetworks.com/resources/report/global-data-named-extreme-networks-a-strong-performer-in-enterprise-networking-and-data-center,2026-09-29,2026-09-29
resources/report,"IDC on Extreme Connect 2026: Extreme Advances Its Enterprise Platform with AI, Security, and a Complete Wi-Fi 7 Portfolio",200,16,0,https://www.extremenetworks.com/resources/report/idc-extreme-connect-2026-enterprise-platform-ai-security-wifi-7,2026-09-29,2026-09-29
resources/report,Inside the State of Nevada's Technology Transformation,200,8,1,https://www.extremenetworks.com/resources/report/state-of-nevada-technology-transformation,2026-09-29,2026-09-29
resources/report,Interoperability Evaluation for Cisco Catalyst and WLAN with Extreme Switches,200,5,1,https://www.extremenetworks.com/resources/report/interoperability-cisco-catalyst-wlan-extreme-switches,2026-09-29,2026-09-29
resources/report,Navigating the Future of Enterprise Networking with AI-Powered Extreme Platform ONE,200,8,1,https://www.extremenetworks.com/resources/report/extreme-connect-2025-navigating-the-future-of-enterprise-networking-with-ai-powered-platform-one,2026-09-29,2026-09-29
resources/report,"One Network, One Cloud, One Extreme: A Unique Architecture That Puts End Users First",200,4,1,https://www.extremenetworks.com/resources/report/one-network-one-cloud-one-extreme-futuriom,2026-09-29,2026-09-29
resources/report,State of AI for Networking 2026: Annual Survey Reveals New Insights and Imperatives,200,16,0,https://www.extremenetworks.com/resources/report/state-of-ai-for-networking-2026,2026-09-29,2026-09-29
resources/report,State of Cloud Networking 2025,200,7,0,https://www.extremenetworks.com/resources/report/state-of-cloud-networking-2025,2026-09-29,2026-09-29
resources/report,The Economic Benefits of Extreme Platform ONE and Extreme Fabric,200,18,1,https://www.extremenetworks.com/resources/report/the-economic-benefits-of-extreme-platform-one-and-extreme-fabric,2026-09-29,2026-09-29
resources/report,Top 10 Network Management Takeaways from Extreme Connect 2025,200,8,1,https://www.extremenetworks.com/resources/report/top-10-network-management-takeaways-from-extreme-connect-2025,2026-09-29,2026-09-29
resources/report,Transforming Sports & Public Venues: Connectivity to Actionable Insights,200,9,1,https://www.extremenetworks.com/resources/report/transforming-sports-and-public-venues-connectivity-to-actionable-insights,2026-09-29,2026-09-29
resources/report,What is the Future of NAC?,200,4,0,https://www.extremenetworks.com/resources/report/what-is-the-future-of-nac,2026-09-29,2026-09-29
resources/report,Zero Trust Security Made Simple: The Extreme Platform ONE Advantage,200,15,0,https://www.extremenetworks.com/resources/report/zero-trust-security-made-simple-extreme-platform-one-advantage,2026-09-29,2026-09-29
resources/solution-brief,5 Reasons Why ExtremeCloud Provides the Right Foundation for Your Business Solution,200,2,1,https://www.extremenetworks.com/resources/solution-brief/5-reasons-extremecloud-the-right-foundation-for-business-solution,2026-09-29,2026-09-29
resources/solution-brief,5 Reasons to Choose Extreme Networks for Retail,200,2,1,https://www.extremenetworks.com/resources/solution-brief/5-reasons-to-choose-extreme-networks-for-retail,2026-09-29,2026-09-29
resources/solution-brief,5G is Driving Mobile Edge Computing,200,5,1,https://www.extremenetworks.com/resources/solution-brief/5g-driving-multi-access-edge-micro-data-centers,2026-09-29,2026-09-29
resources/solution-brief,A Future-Ready Network for Your Smart Campus Technology,200,1,1,https://www.extremenetworks.com/resources/solution-brief/future-ready-network-for-your-smart-campus,2026-09-29,2026-09-29
resources/solution-brief,A Secure Network Foundation for Rural Healthcare,200,8,0,https://www.extremenetworks.com/resources/solution-brief/a-secure-network-foundation-for-rural-healthcare,2026-09-29,2026-09-29
resources/solution-brief,Achieving Operational Excellence,200,2,1,https://www.extremenetworks.com/resources/solution-brief/achieving-operational-excellence,2026-09-29,2026-09-29
resources/solution-brief,Aislelabs Platform Enable Wi-Fi Marketing and Location Analytics for Brick and Mortar Spaces,200,5,1,https://www.extremenetworks.com/resources/solution-brief/aislelabs-marketing-automation-for-brick-and-mortar-spaces,2026-09-29,2026-09-29
resources/solution-brief,Application Performance Management,200,2,1,https://www.extremenetworks.com/resources/solution-brief/application-performance-management,2026-09-29,2026-09-29
resources/solution-brief,Automated Campus Safety,200,1,1,https://www.extremenetworks.com/resources/solution-brief/halo-slash-ip-video-and-extreme-networks,2026-09-29,2026-09-29
resources/solution-brief,Automotive Dealerships: Operational Trust Architecture,200,9,0,https://www.extremenetworks.com/resources/solution-brief/operational-trust-architecture-one-platform-every-framework-every-rooftop,2026-09-29,2026-09-29
resources/solution-brief,Building the Network Foundation for Resilient and Smart Cities,200,11,1,https://www.extremenetworks.com/resources/solution-brief/securing-and-automating-smart-cities,2026-09-29,2026-09-29
resources/solution-brief,Clinical Efficiency and Staff Satisfaction,200,2,1,https://www.extremenetworks.com/resources/solution-brief/clinical-efficiency-and-staff-satisfaction,2026-09-29,2026-09-29
resources/solution-brief,Connected Venues: Enabling Touchless Transactions and Digital Operations,200,6,0,https://www.extremenetworks.com/resources/solution-brief/connected-venues-enabling-touchless-transactions-and-digital-operations,2026-09-29,2026-09-29
resources/solution-brief,Cylera & Extreme Network IoT Cybersecurity Platform for Healthcare,200,5,1,https://www.extremenetworks.com/resources/solution-brief/cyclera-extreme-networks-integration,2026-09-29,2026-09-29
resources/solution-brief,Delivering an Enhanced In-Store Experience,200,2,1,https://www.extremenetworks.com/resources/solution-brief/delivering-an-enhanced-in-store-experience,2026-09-29,2026-09-29
resources/solution-brief,Distributed Virtual Routing,200,1,1,https://www.extremenetworks.com/resources/solution-brief/distributed-virtual-routing,2026-09-29,2026-09-29
resources/solution-brief,Distributed Virtual Routing 2,200,1,1,https://www.extremenetworks.com/resources/solution-brief/distributed-virtual-routing-2,2026-09-29,2026-09-29
resources/solution-brief,Elevating and Optimizing the Hospitality and Gaming Experience,200,8,0,https://www.extremenetworks.com/resources/solution-brief/elevating-and-optimizing-the-hospitality-and-gaming-experience,2026-09-29,2026-09-29
resources/solution-brief,End-to-End Hyper-Segmentation for Smarter Networking,200,2,1,https://www.extremenetworks.com/resources/solution-brief/end-to-end-hyper-segmentation-for-smarter-networking,2026-09-29,2026-09-29
resources/solution-brief,Enhanced Patient Care and Experience,200,2,1,https://www.extremenetworks.com/resources/solution-brief/enhanced-patient-care-and-experience,2026-09-29,2026-09-29
resources/solution-brief,Ensuring Brand Protection,200,2,1,https://www.extremenetworks.com/resources/solution-brief/ensuring-brand-protection,2026-09-29,2026-09-29
resources/solution-brief,Enterprise Wireless Architectures in 2021,200,1,1,https://www.extremenetworks.com/resources/solution-brief/enterprise-wireless-architectures-in-2021,2026-09-29,2026-09-29
resources/solution-brief,Enterprise-Class AVB Switching for Pro AV,200,1,1,https://www.extremenetworks.com/resources/solution-brief/enterprise-class-avb-switching-for-pro-av,2026-09-29,2026-09-29
resources/solution-brief,"Extended Edge Switching: A Versatile, Easy-to-Deploy Option for the Switched Edge",200,1,1,https://www.extremenetworks.com/resources/solution-brief/extended-edge-switching-easy-deploy-option-switched-edge,2026-09-29,2026-09-29
resources/solution-brief,Extreme BGP-EVPN Network Virtualization and Data Center Interconnect,200,1,1,https://www.extremenetworks.com/resources/solution-brief/extreme-bgp-evpn-network-virtualization-and-data-center-interconnect,2026-09-29,2026-09-29
resources/solution-brief,Extreme Border Routing,200,1,1,https://www.extremenetworks.com/resources/solution-brief/extreme-networks-border-routing,2026-09-29,2026-09-29
resources/solution-brief,Extreme Cloud IQ for Retail,200,2,1,https://www.extremenetworks.com/resources/solution-brief/extreme-cloud-iq-for-retail,2026-09-29,2026-09-29
resources/solution-brief,Extreme Defender for IoT: Securing Medical and other Connected Devices with Ease,200,1,1,https://www.extremenetworks.com/resources/solution-brief/extreme-defender-for-iot-securing-medical-and-other-connected-devices-with-ease,2026-09-29,2026-09-29
resources/solution-brief,Extreme Extended Edge: Improving Operations and Lowering Costs for Retail and Transportation and Logistics,200,1,1,https://www.extremenetworks.com/resources/solution-brief/extreme-extended-edge-solution-brief,2026-09-29,2026-09-29
resources/solution-brief,Extreme Fabric for Tactical Radio Mesh Environments,200,5,0,https://www.extremenetworks.com/resources/solution-brief/extreme-fabric-for-tactical-radio-mesh-environments,2026-09-29,2026-09-29
resources/solution-brief,Extreme Manufacturing Solutions,200,1,1,https://www.extremenetworks.com/resources/solution-brief/extreme-manufacturing-solutions-connected-business-and-plant-operations,2026-09-29,2026-09-29
resources/solution-brief,Extreme Manufacturing Solutions: Transforming the Factory Floor,200,1,1,https://www.extremenetworks.com/resources/solution-brief/extreme-manufacturing-solutions-transforming-the-factory-floor,2026-09-29,2026-09-29
resources/solution-brief,Extreme Multi‑Beam Wireless: Smarter Coverage for Modern Venues,200,7,0,https://www.extremenetworks.com/resources/solution-brief/extreme-multi-beam-wireless,2026-09-29,2026-09-29
resources/solution-brief,Extreme Networks Healthcare Wireless LAN,200,1,1,https://www.extremenetworks.com/resources/solution-brief/extreme-networks-healthcare-wlan,2026-09-29,2026-09-29
resources/solution-brief,Extreme Networks Powers the Future of Audio-Visual Networking,200,8,0,https://www.extremenetworks.com/resources/solution-brief/extreme-networks-powers-the-future-of-audio-visual-networking,2026-09-29,2026-09-29
resources/solution-brief,Extreme Networks for the U.S. Department of Energy,200,11,0,https://www.extremenetworks.com/resources/solution-brief/extreme-networks-for-the-us-department-of-energy,2026-09-29,2026-09-29
resources/solution-brief,Extreme Networks’ Intuitive Insights and Zebra Edge Insights,200,1,1,https://www.extremenetworks.com/resources/solution-brief/extreme-intuitive-insights-zebra-co-branded-solution-brief,2026-09-29,2026-09-29
resources/solution-brief,Extreme Platform ONE Solution Overview,200,18,0,https://www.extremenetworks.com/resources/solution-brief/extreme-platform-one-solution-overview,2026-09-29,2026-09-29
resources/solution-brief,Extreme Platform ONE Your Network. Your Cloud. Your Choice,200,15,0,https://www.extremenetworks.com/resources/solution-brief/extreme-platform-one-your-network-your-cloud-your-choice,2026-09-29,2026-09-29
resources/solution-brief,Extreme Solutions for High-Demand Environments,200,13,0,https://www.extremenetworks.com/resources/solution-brief/extreme-solutions-for-high-demand-environments,2026-09-29,2026-09-29
resources/solution-brief,Extreme Solutions for High-Performance Environments: Audi Revolut F1 Team,200,11,0,https://www.extremenetworks.com/resources/solution-brief/extreme-solutions-for-high-performance-environments,2026-09-29,2026-09-29
resources/solution-brief,Extreme Solutions for High-Pressure Environments,200,6,0,https://www.extremenetworks.com/resources/solution-brief/extreme-solutions-for-high-pressure-environments,2026-09-29,2026-09-29
resources/solution-brief,Extreme Solutions for High-Speed Environments,200,6,0,https://www.extremenetworks.com/resources/solution-brief/extreme-solutions-for-high-speed-environments,2026-09-29,2026-09-29
resources/solution-brief,Extreme Solutions for Retail: Solution Guide,200,5,1,https://www.extremenetworks.com/resources/solution-brief/retail-solutions-guidebook,2026-09-29,2026-09-29
resources/solution-brief,ExtremeCloud IQ – Site Engine + ServiceNow,200,4,1,https://www.extremenetworks.com/resources/solution-brief/xiq-se-integration-with-servicenow-solution-brief,2026-09-29,2026-09-29
resources/solution-brief,ExtremeCloud SD-WAN Accelerating Digital Transformation and Cloud Migration,200,5,1,https://www.extremenetworks.com/resources/solution-brief/extremecloud-sd-wan-accelerating-digital-transformation-and-cloud-migration,2026-09-29,2026-09-29
resources/solution-brief,ExtremeCloud SD-WAN The Best Performance with the Lowest Risk and Complexity,200,1,1,https://www.extremenetworks.com/resources/solution-brief/extremecloud-sd-wan-best-performance-lowest-risk,2026-09-29,2026-09-29
resources/solution-brief,Fairground and Theme Park Connectivity Kits,200,10,0,https://www.extremenetworks.com/resources/solution-brief/fairground-and-theme-park-connectivity-kits,2026-09-29,2026-09-29
resources/solution-brief,Getting Increased Value out of Your Fabric Connect Network,200,1,1,https://www.extremenetworks.com/resources/solution-brief/getting-increased-value-fabric-connect-network-fabric-rspan,2026-09-29,2026-09-29
resources/solution-brief,Hospital Network Security Requirements: 5 Steps Beyond Compliance,200,1,1,https://www.extremenetworks.com/resources/solution-brief/hospital-network-security-requirements-5-steps-beyond-compliance,2026-09-29,2026-09-29
resources/solution-brief,"How Cloud-Driven Network Solutions Meet the Rising Demands of E-commerce, Distribution, and Supply Chains",200,2,1,https://www.extremenetworks.com/resources/solution-brief/cloud-driven-network-solutions-ecommerce-distribution-supply-chain,2026-09-29,2026-09-29
resources/solution-brief,IT-Network Powered A/V Digital Transformation for Sports and Entertainment,200,8,0,https://www.extremenetworks.com/resources/solution-brief/it-network-powered-av-digital-transformation-for-sports-and-entertainment,2026-09-29,2026-09-29
resources/solution-brief,Innovation in Data Center Simplicity with Extreme Fabric Automation,200,1,1,https://www.extremenetworks.com/resources/solution-brief/innovation-in-data-center-simplicity-with-extreme-fabric-automation,2026-09-29,2026-09-29
resources/solution-brief,Inseego Mobile Broadband Connectivity Solutions,200,4,1,https://www.extremenetworks.com/resources/solution-brief/inseego-mobile-broadband-connectivity-solutions,2026-09-29,2026-09-29
resources/solution-brief,Integration of ExtremeCloud IQ – Site Engine with ServiceNow,200,1,1,https://www.extremenetworks.com/resources/solution-brief/integration-of-extremecloud-iq-site-engine-with-servicenow,2026-09-29,2026-09-29
resources/solution-brief,Intelligent Site Management,200,5,1,https://www.extremenetworks.com/resources/solution-brief/intelligent-site-management-kiana,2026-09-29,2026-09-29
resources/solution-brief,Leveraging Stealth Networking to Facilitate PCI-Compliance,200,1,1,https://www.extremenetworks.com/resources/solution-brief/leveraging-stealth-networking-to-facilitate-pci-compliance,2026-09-29,2026-09-29
resources/solution-brief,MiLB Network Starter Kits,200,9,1,https://www.extremenetworks.com/resources/solution-brief/milb-network-starter-kits,2026-09-29,2026-09-29
resources/solution-brief,Network Smarter with Native Stealth Capabilities,200,3,1,https://www.extremenetworks.com/resources/solution-brief/network-smarter-with-native-stealth-capabilities,2026-09-29,2026-09-29
resources/solution-brief,New and Elevated Demands Surrounding Live Sports,200,1,1,https://www.extremenetworks.com/resources/solution-brief/network-enabled-contactless-payments-in-sports-venues,2026-09-29,2026-09-29
resources/solution-brief,New and Elevated Demands Surrounding Live Sports,200,1,1,https://www.extremenetworks.com/resources/solution-brief/wi-fi-enabled-digital-ticketing-sports-venues,2026-09-29,2026-09-29
resources/solution-brief,Online Testing for Primary and Secondary (K-12) Education,200,2,1,https://www.extremenetworks.com/resources/solution-brief/online-testing-for-k-12-education-solution-guide,2026-09-29,2026-09-29
resources/solution-brief,"Patient Safety, Security, and Privacy",200,4,1,https://www.extremenetworks.com/resources/solution-brief/patient-safety-security-and-privacy,2026-09-29,2026-09-29
resources/solution-brief,Personalized Learning for K-12 Education,200,1,1,https://www.extremenetworks.com/resources/solution-brief/personalized-learning-for-k-12-education,2026-09-29,2026-09-29
resources/solution-brief,"Pervasive, Programmable Network Visibility for Carrier-Grade Network Monitoring",200,2,1,https://www.extremenetworks.com/resources/solution-brief/pervasive-programmable-network-visibility-carrier-grade-network-monitoring,2026-09-29,2026-09-29
resources/solution-brief,Remote Access Solution Guide,200,1,1,https://www.extremenetworks.com/resources/solution-brief/extreme-remote-access-solution-brief,2026-09-29,2026-09-29
resources/solution-brief,Remote Access Solution Guide,200,1,1,https://www.extremenetworks.com/resources/solution-brief/remote-access-solution-guide,2026-09-29,2026-09-29
resources/solution-brief,STEM and Robotics for Primary and Secondary (K-12) Education,200,1,1,https://www.extremenetworks.com/resources/solution-brief/stem-robotics-primary-secondary-k-12-education,2026-09-29,2026-09-29
resources/solution-brief,Securing and Automating Networks for the Oil and Gas Industry,200,1,1,https://www.extremenetworks.com/resources/solution-brief/securing-automating-networks-for-oil-and-gas-industry,2026-09-29,2026-09-29
resources/solution-brief,Security in the Digital Era – What Does That Really Mean?,200,1,1,https://www.extremenetworks.com/resources/solution-brief/security-digital-era-what-does-that-really-mean,2026-09-29,2026-09-29
resources/solution-brief,Smart Shelves: Enabling Electronic Shelf-Labeling in Retail,200,2,1,https://www.extremenetworks.com/resources/solution-brief/smart-shelves-enabling-electronic-shelf-labeling-retail,2026-09-29,2026-09-29
resources/solution-brief,Smarter Networking with Automatic Elasticity,200,1,1,https://www.extremenetworks.com/resources/solution-brief/smart-networking-with-automatic-elasticity,2026-09-29,2026-09-29
resources/solution-brief,The Extreme Networks Federal Data Center Design Series,200,1,1,https://www.extremenetworks.com/resources/solution-brief/federal-data-center-design-series-volume-1,2026-09-29,2026-09-29
resources/solution-brief,The Extreme Networks Federal Data Center Design Series,200,1,1,https://www.extremenetworks.com/resources/solution-brief/federal-data-center-design-series-volume-3,2026-09-29,2026-09-29
resources/solution-brief,The Extreme Networks Federal Data Center Design Series Volume 1: Industry Trends Towards a De Facto Standard: IP Fabric,200,2,1,https://www.extremenetworks.com/resources/solution-brief/the-extreme-networks-federal-data-center-design-series-volume-1,2026-09-29,2026-09-29
resources/solution-brief,The Extreme Networks Federal Data Center Design Series Volume 2: Achieving Any-to-Any Connectivity with Time-Tested Design Approaches and Proven Methodologies,200,1,1,https://www.extremenetworks.com/resources/solution-brief/the-extreme-networks-federal-data-center-design-series-volume-2,2026-09-29,2026-09-29
resources/solution-brief,The Extreme Networks Federal Data Center Design Series Volume 3: Evaluation of Reliability and Availability of Network Services in the Data Center Infrastructure,200,1,1,https://www.extremenetworks.com/resources/solution-brief/the-extreme-networks-federal-data-center-design-series-volume-3,2026-09-29,2026-09-29
resources/solution-brief,The Extreme Networks Federal Data Center Design Series Volume 4: The Data Center IP Fabric Control Plane,200,1,1,https://www.extremenetworks.com/resources/solution-brief/the-extreme-networks-federal-data-center-design-series-volume-4,2026-09-29,2026-09-29
resources/solution-brief,The Growing Presence of Esports in Schools,200,1,1,https://www.extremenetworks.com/resources/solution-brief/the-growing-presence-of-esports-in-schools,2026-09-29,2026-09-29
resources/solution-brief,The Power of Network Enabled Security and Surveillance Solutions,200,7,1,https://www.extremenetworks.com/resources/solution-brief/the-power-of-network-enabled-security-and-surveillance-solutions,2026-09-29,2026-09-29
resources/solution-brief,The Power of Network-Enabled Security and Surveillance Solutions,200,1,1,https://www.extremenetworks.com/resources/solution-brief/extreme-ssi-video-surveillance-for-hospitality-gaming-solution-brief,2026-09-29,2026-09-29
resources/solution-brief,The Value of Extending Fabric Connect to Your Remote Offices,200,1,1,https://www.extremenetworks.com/resources/solution-brief/extending-fabric-connect-remote-offices,2026-09-29,2026-09-29
resources/solution-brief,The Value of Fabric Extend,200,2,1,https://www.extremenetworks.com/resources/solution-brief/the-value-of-fabric-extend,2026-09-29,2026-09-29
resources/solution-brief,Video Surveillance Made Easy with Extreme Networks,200,2,1,https://www.extremenetworks.com/resources/solution-brief/video-surveillance-made-easy-with-extreme-networks,2026-09-29,2026-09-29
resources/solution-brief,Why ExtremeCloud IQ for Manufacturing,200,5,1,https://www.extremenetworks.com/resources/solution-brief/why-extreme-cloud-iq-manufacturing,2026-09-29,2026-09-29
resources/training,Behind-the-Scenes at Kick Sauber F1 With Extreme Academy Part 2: Intro to 6 GHz Connectivity,200,2,1,https://www.extremenetworks.com/resources/training/kick-sauber-f1-with-extreme-academy-part-2,2026-09-29,2026-09-29
resources/training,Expert Talk: Behind The Scenes at Anfield Stadium with Liverpool FC,200,6,0,https://www.extremenetworks.com/resources/training/liverpool-fc-stadium-technical-deep-dive,2026-09-29,2026-09-29
resources/training,Expert Talk: Your Top Wi-Fi Questions Answered – Q&A with David Coleman,200,4,1,https://www.extremenetworks.com/resources/training/your-top-wifi-questions-answered-with-david-coleman,2026-09-29,2026-09-29
resources/training,Technical Taster: Installing and Configuring Fabric with ATP Piotr from VERSIM,200,1,1,https://www.extremenetworks.com/resources/training/installing-and-configuring-fabric-with-atp-piotr-from-versim,2026-09-29,2026-09-29
resources/training,Video-on-Demand: Behind-the-Scenes at Kick Sauber F1 With Extreme Academy Part 1: A Network to Support Multicast,200,5,1,https://www.extremenetworks.com/resources/training/kick-sauber-f1-with-extreme-academy-part-1,2026-09-29,2026-09-29
resources/white-paper,A Fabric-First Campus Architecture: Securing and Simplifying Access While Modernizing Aggregation,200,17,0,https://www.extremenetworks.com/resources/white-paper/securing-and-simplifying-access-while-modernizing-aggregation,2026-09-29,2026-09-29
resources/white-paper,A Network Fabric Is The Nervous System of the Agentic Era,200,19,0,https://www.extremenetworks.com/resources/white-paper/the-network-is-the-nervous-system-of-the-agentic-era,2026-09-29,2026-09-29
resources/white-paper,An Introduction to VCS Fabric Technology,200,1,1,https://www.extremenetworks.com/resources/white-paper/introduction-to-vcs-fabric-technology,2026-09-29,2026-09-29
resources/white-paper,Broadband Over Existing Cable in Hotels,200,4,1,https://www.extremenetworks.com/resources/white-paper/broadband-over-vdsl-vs-docsis,2026-09-29,2026-09-29
resources/white-paper,Designing Multi-Area Fabric Connect/ Shortest Path Bridging Networks,200,3,1,https://www.extremenetworks.com/resources/white-paper/designing-multi-area-fabric-connect-shortest-path-bridging-networks,2026-09-29,2026-09-29
resources/white-paper,Electronic Shelf Labels are Center Aisle in the Store of the Future,200,5,1,https://www.extremenetworks.com/resources/white-paper/electronic-shelf-labels-are-center-aisle-in-the-store-of-the-future,2026-09-29,2026-09-29
resources/white-paper,Extending Fabric Connect to the Campus Wiring Closet with Extreme’s Fabric Edge Solution,200,1,1,https://www.extremenetworks.com/resources/white-paper/extending-fabric-connect-to-the-campus-wiring-closet-with-extremes-fabric-edge-solution,2026-09-29,2026-09-29
resources/white-paper,Extreme Fabric : End-to-end Automation of Enterprise Network Configurations and Deployments,200,15,0,https://www.extremenetworks.com/resources/white-paper/end-to-end-automation-of-enterprise-network-configurations-and-deployments,2026-09-29,2026-09-29
resources/white-paper,Extreme Platform ONE Cloud Architecture & Security,200,2,0,https://www.extremenetworks.com/resources/white-paper/extreme-platform-one-cloud-architecture-and-security,2026-09-29,2026-09-29
resources/white-paper,Fabric Attach Network Automation,200,1,1,https://www.extremenetworks.com/resources/white-paper/fabric-attach-network-automation,2026-09-29,2026-09-29
resources/white-paper,Is Your Wireless Network Industrial Strength?,200,5,1,https://www.extremenetworks.com/resources/white-paper/wireless-network-industrial-strength-white-paper,2026-09-29,2026-09-29
resources/white-paper,Network Fabrics: The Foundation for Scaling and Securing Today’s Distributed Enterprises,200,7,1,https://www.extremenetworks.com/resources/white-paper/the-foundation-for-scaling-and-securing-todays-distributed-enterprises,2026-09-29,2026-09-29
resources/white-paper,New Research from Extreme Networks and HIMSS,200,8,1,https://www.extremenetworks.com/resources/white-paper/uncovering-the-underlying-issues-impacting-clinical-productivity,2026-09-29,2026-09-29
resources/white-paper,Private Cellular or Wi-Fi? Isn’t an Either/Or Question: You Can Have Both,200,4,1,https://www.extremenetworks.com/resources/white-paper/private-cellular-or-wi-fi-is-not-an-either-or-question-you-can-have-both,2026-09-29,2026-09-29
resources/white-paper,Securing the Everywhere Perimeter,200,3,1,https://www.extremenetworks.com/resources/white-paper/securing-the-everywhere-perimeter,2026-09-29,2026-09-29
resources/white-paper,The Era of Connectivity Platforms: Reimagining Networking Across the Enterprise,200,4,1,https://www.extremenetworks.com/resources/white-paper/connectivity-platforms-reimagining-networking-across-the-enterprise,2026-09-29,2026-09-29
resources/white-paper,The Four Trends Shaping the Future of Wireless in Retail,200,4,1,https://www.extremenetworks.com/resources/white-paper/the-four-trends-shaping-the-future-of-wireless-in-retail,2026-09-29,2026-09-29
resources/white-paper,The Value of Cloud Managed Networking,200,1,1,https://www.extremenetworks.com/resources/white-paper/the-value-of-cloud-managed-networking,2026-09-29,2026-09-29
services,Enterprise Networking Professional Services,200,6,0,https://www.extremenetworks.com/services/professional-services,2026-09-29,2026-09-29
services,Extreme Network Maintenance Services,200,7,0,https://www.extremenetworks.com/services/maintenance-services,2026-09-29,2026-09-29
services,Extreme Networking Services,200,8,0,https://www.extremenetworks.com/services,2026-09-29,2026-09-29
services,Networking Premier Services,200,8,0,https://www.extremenetworks.com/services/premier-services,2026-09-29,2026-09-29
solutions,Analytics,200,5,0,https://www.extremenetworks.com/solutions/cloud-management/cloud-applications/network-analytics,2026-09-29,2026-09-29
solutions,Artificial Intelligence for Operations (AIOps),200,8,0,https://www.extremenetworks.com/solutions/cloud-management/cloud-applications/aiops,2026-09-29,2026-09-29
solutions,Audi Revolut F1 Team,200,66,0,https://www.extremenetworks.com/solutions/sports-and-public-venues/audi-revolut-f1-team,2026-09-29,2026-09-29
solutions,Automotive Dealership,200,61,0,https://www.extremenetworks.com/solutions/retail/automotive-dealership,2026-09-29,2026-09-29
solutions,Campus Wi-Fi Solutions: Networks For Universities & Colleges,200,16,0,https://www.extremenetworks.com/solutions/higher-education,2026-09-29,2026-09-29
solutions,Casinos,200,13,0,https://www.extremenetworks.com/solutions/hospitality/casinos,2026-09-29,2026-09-29
solutions,Cloud Network Management,200,24,0,https://www.extremenetworks.com/solutions/cloud-management,2026-09-29,2026-09-29
solutions,Cloud Networking & Wi-Fi for K-12 Schools,200,14,0,https://www.extremenetworks.com/solutions/primary-and-secondary-education,2026-09-29,2026-09-29
solutions,Data Center Networking Solutions,200,7,0,https://www.extremenetworks.com/solutions/data-center,2026-09-29,2026-09-29
solutions,E-Rate Product Eligibility,200,2,0,https://www.extremenetworks.com/solutions/primary-and-secondary-education/erate/erate-product-eligibility,2026-09-29,2026-09-29
solutions,E-Rate Resource Center,200,24,0,https://www.extremenetworks.com/solutions/primary-and-secondary-education/erate,2026-09-29,2026-09-29
solutions,Extreme Intuitive Insights,200,3,0,https://www.extremenetworks.com/solutions/cloud-management/extreme-intuitive-insights,2026-09-29,2026-09-29
solutions,Extreme Labs,200,3,0,https://www.extremenetworks.com/solutions/extreme-labs,2026-09-29,2026-09-29
solutions,Extreme at NRF 2024: Retail's Big Show,200,10,0,https://www.extremenetworks.com/solutions/retail/nrf-2024,2026-09-29,2026-09-29
solutions,ExtremeCloud Applications,200,6,0,https://www.extremenetworks.com/solutions/cloud-management/cloud-applications,2026-09-29,2026-09-29
solutions,ExtremeCloud IQ,200,21,0,https://www.extremenetworks.com/solutions/cloud-management/cloud-applications/cloud-network-management,2026-09-29,2026-09-29
solutions,ExtremeCloud IQ Registration,200,2,0,https://www.extremenetworks.com/solutions/cloud-management/extremecloud-iq-registration,2026-09-29,2026-09-29
solutions,Extreme’s Cloud,200,3,0,https://www.extremenetworks.com/solutions/cloud-management/cloud-platform,2026-09-29,2026-09-29
solutions,Fabric Connect,200,13,0,https://www.extremenetworks.com/solutions/network-fabric/fabric-connect,2026-09-29,2026-09-29
solutions,Federal Government Network Solutions,200,6,0,https://www.extremenetworks.com/solutions/federal-government,2026-09-29,2026-09-29
solutions,Financial Services Networks: Networking For Banking,200,10,0,https://www.extremenetworks.com/solutions/financial-services,2026-09-29,2026-09-29
solutions,Food Manufacturing,200,15,0,https://www.extremenetworks.com/solutions/manufacturing/food-manufacturing,2026-09-29,2026-09-29
solutions,Government Contract Information,200,21,19,https://www.extremenetworks.com/solutions/state-and-local-government/government-contract-information,2026-09-29,2026-09-29
solutions,Government Contract Information - Texas,200,11,3,https://www.extremenetworks.com/solutions/state-and-local-government/government-contract-information/texas,2026-09-29,2026-09-29
solutions,Government Contract Question Submission,200,2,0,https://www.extremenetworks.com/solutions/state-and-local-government/government-contract-information/contract-support,2026-09-29,2026-09-29
solutions,Healthcare Network Solutions: Wi-Fi For Hospitals,200,13,0,https://www.extremenetworks.com/solutions/healthcare,2026-09-29,2026-09-29
solutions,Hospitality Wi-Fi: Hotel Wi-Fi Solutions,200,16,0,https://www.extremenetworks.com/solutions/hospitality,2026-09-29,2026-09-29
solutions,IP Fabric Networking Solutions,200,7,0,https://www.extremenetworks.com/solutions/network-fabric/ip-fabric,2026-09-29,2026-09-29
solutions,Leading Enterprise Networking Solutions,200,20,0,https://www.extremenetworks.com/solutions/enterprise-networking,2026-09-29,2026-09-29
solutions,Liverpool Football Club,200,7,0,https://www.extremenetworks.com/solutions/sports-and-public-venues/liverpool-football-club,2026-09-29,2026-09-29
solutions,Local & State Government Network Solutions,200,14,0,https://www.extremenetworks.com/solutions/state-and-local-government,2026-09-29,2026-09-29
solutions,MLB - Major League Baseball,200,59,0,https://www.extremenetworks.com/solutions/sports-and-public-venues/mlb,2026-09-29,2026-09-29
solutions,Management Consulting and Accounting,200,9,0,https://www.extremenetworks.com/solutions/management-consulting-and-accounting,2026-09-29,2026-09-29
solutions,Manchester United,200,7,0,https://www.extremenetworks.com/solutions/sports-and-public-venues/manchester-united,2026-09-29,2026-09-29
solutions,Manufacturing Network: IT Solutions For Manufacturers,200,12,0,https://www.extremenetworks.com/solutions/manufacturing,2026-09-29,2026-09-29
solutions,NASCAR,200,8,0,https://www.extremenetworks.com/solutions/sports-and-public-venues/nascar,2026-09-29,2026-09-29
solutions,NFL - National Football League,200,66,1,https://www.extremenetworks.com/solutions/sports-and-public-venues/nfl,2026-09-29,2026-09-29
solutions,NHL - National Hockey League,200,60,0,https://www.extremenetworks.com/solutions/sports-and-public-venues/nhl,2026-09-29,2026-09-29
solutions,Network Fabric – Simplify Network Operations,200,63,0,https://www.extremenetworks.com/solutions/network-fabric,2026-09-29,2026-09-29
solutions,Network Management Solutions,200,28,0,https://www.extremenetworks.com/solutions,2026-09-29,2026-09-29
solutions,Network Router Solutions: Discover Effortless Routing,200,0,0,https://www.extremenetworks.com/solutions/wired-access/routers,2026-09-29,2026-09-29
solutions,Network Security,200,16,0,https://www.extremenetworks.com/solutions/security,2026-09-29,2026-09-29
solutions,Networking Solutions For Midsize Businesses,200,7,0,https://www.extremenetworks.com/solutions/medium-business-enterprise,2026-09-29,2026-09-29
solutions,Operational Technology Networking Solutions,200,11,0,https://www.extremenetworks.com/solutions/operational-technology,2026-09-29,2026-09-29
solutions,Pharmaceuticals,200,12,0,https://www.extremenetworks.com/solutions/pharmaceuticals,2026-09-29,2026-09-29
solutions,Pro Football Edition,200,3,0,https://www.extremenetworks.com/solutions/sports-and-public-venues/nfl/pro-football-hall-of-fame,2026-09-29,2026-09-29
solutions,Retail Networks & Retail IT Services,200,14,0,https://www.extremenetworks.com/solutions/retail,2026-09-29,2026-09-29
solutions,Rural Healthcare,200,17,1,https://www.extremenetworks.com/solutions/healthcare/rural-health,2026-09-29,2026-09-29
solutions,SD-WAN,200,14,0,https://www.extremenetworks.com/solutions/sd-wan,2026-09-29,2026-09-29
solutions,SD-WAN for Retail,200,4,0,https://www.extremenetworks.com/solutions/retail/sd-wan-for-retail,2026-09-29,2026-09-29
solutions,Senior Living,200,12,0,https://www.extremenetworks.com/solutions/healthcare/senior-living,2026-09-29,2026-09-29
solutions,Service Provider Network Solutions,200,12,0,https://www.extremenetworks.com/solutions/service-provider,2026-09-29,2026-09-29
solutions,Smart Connected Cities and Communities,200,13,0,https://www.extremenetworks.com/solutions/state-and-local-government/smart-connected-cities,2026-09-29,2026-09-29
solutions,Stadium & Public Venue Wi-Fi and Cloud Networking,200,22,0,https://www.extremenetworks.com/solutions/sports-and-public-venues,2026-09-29,2026-09-29
solutions,Super Bowl Wi-Fi Network Experience,200,16,0,https://www.extremenetworks.com/solutions/sports-and-public-venues/nfl/superbowl-2024-stadium-wifi-experience,2026-09-29,2026-09-29
solutions,Transport,200,8,0,https://www.extremenetworks.com/solutions/service-provider/transport,2026-09-29,2026-09-29
solutions,Universal Platforms,200,13,0,https://www.extremenetworks.com/solutions/wired-access/universal-platforms,2026-09-29,2026-09-29
solutions,Universal Switch XIQ Pilot,200,3,0,https://www.extremenetworks.com/solutions/cloud-management/universal-switch-xiq-pilot,2026-09-29,2026-09-29
solutions,Universal ZTNA,200,12,0,https://www.extremenetworks.com/solutions/security/ztna,2026-09-29,2026-09-29
solutions,Visibility,200,5,0,https://www.extremenetworks.com/solutions/service-provider/visibility,2026-09-29,2026-09-29
solutions,Wi-Fi 6E Solutions: Faster Speed Across Your Network,200,12,0,https://www.extremenetworks.com/solutions/wireless-access/wifi-6e,2026-09-29,2026-09-29
solutions,Wired Access – Cloud Managed Switches,200,18,0,https://www.extremenetworks.com/solutions/wired-access,2026-09-29,2026-09-29
solutions,Wireless Access – Enterprise Wi-Fi Solutions,200,22,0,https://www.extremenetworks.com/solutions/wireless-access,2026-09-29,2026-09-29
support,Support and Training,200,10,0,https://www.extremenetworks.com/support,2026-09-29,2026-09-29
support/compatibility-matrices,Compatibility Matrices,200,13,0,https://www.extremenetworks.com/support/compatibility-matrices,2026-09-29,2026-09-29
support/compatibility-matrices,Extreme Wireless Wing Controllers NOVA UI Feature Support Matrix,200,1,0,https://www.extremenetworks.com/support/compatibility-matrices/extremewireless-wing-controllers-nova-ui-feature-support-matrix,2026-09-29,2026-09-29
support/compatibility-matrices,ExtremeCloud Hardware Support Matrices,200,0,0,https://www.extremenetworks.com/support/compatibility-matrices/extremecloud-hardware-support,2026-09-29,2026-09-29
support/compatibility-matrices,"ExtremeSwitching, Summit, and E4G Components: ExtremeXOS and Switch Engine Software Support",200,1,0,https://www.extremenetworks.com/support/compatibility-matrices/summit-extremeswitching-and-e4g-components-extremexos-software-support,2026-09-29,2026-09-29
support/compatibility-matrices,ExtremeXOS and Switch Engine Release Recommendations,200,8,0,https://www.extremenetworks.com/support/compatibility-matrices/sw-release-extremexos-eos,2026-09-29,2026-09-29
support/compatibility-matrices,Hardware & Software Compatibility Matrices,200,0,0,https://www.extremenetworks.com/support/compatibility-matrices/extremewireless-hardware-firmware,2026-09-29,2026-09-29
support/compatibility-matrices,Software (ExtremeXOS) Support for BlackDiamond Components,200,0,0,https://www.extremenetworks.com/support/compatibility-matrices/extremeswitching-formerly-blackdiamond-components-extremexos-software-support,2026-09-29,2026-09-29
support/compatibility-matrices,Software Release Recommendations for ERS (Stackable) Switches,200,6,0,https://www.extremenetworks.com/support/compatibility-matrices/software-release-recommendations-for-ers-stackable-switches,2026-09-29,2026-09-29
support/compatibility-matrices,"Software Release Recommendations for XCO (EFA), SLX-OS, NOS, and NetIron",200,6,0,https://www.extremenetworks.com/support/compatibility-matrices/software-release-recommendations-for-efa-slx-os-nos-and-netiron,2026-09-29,2026-09-29
support/compatibility-matrices,Software Support for EOS- Based Components,200,0,0,https://www.extremenetworks.com/support/compatibility-matrices/eos-based-components-software-and-optics-support,2026-09-29,2026-09-29
support/compatibility-matrices,"VOSS, Fabric Engine, and VSP8600 Release Recommendations",200,11,0,https://www.extremenetworks.com/support/compatibility-matrices/software-release-recommendations-for-voss-vsp-8600,2026-09-29,2026-09-29
support/compatibility-matrices,"XENPAK, XFP and CFP2 Module Support",200,0,0,https://www.extremenetworks.com/support/compatibility-matrices/xenpak-xfp-and-cfp2-module,2026-09-29,2026-09-29
support/contact,Extreme Network's Support Center,200,3,0,https://www.extremenetworks.com/support/contact,2026-09-29,2026-09-29
support/customer-success-portal,Customer Success Portal,200,25,0,https://www.extremenetworks.com/support/customer-success-portal,2026-09-29,2026-09-29
support/end-of-sale-and-end-of-support-products,End of Sale and End of Service Life,200,321,297,https://www.extremenetworks.com/support/end-of-sale-and-end-of-support-products,2026-09-29,2026-09-29
support/mean-time-between-failures,Mean Time Between Failures (MTBF),200,1,0,https://www.extremenetworks.com/support/mean-time-between-failures,2026-09-29,2026-09-29
support/policies,Open Source Declaration,200,319,315,https://www.extremenetworks.com/support/policies/open-source-declaration,2026-09-29,2026-09-29
support/policies,Policies,200,27,19,https://www.extremenetworks.com/support/policies,2026-09-29,2026-09-29
support/psirt,Customer Product Vulnerability Inquiry,200,7,0,https://www.extremenetworks.com/support/psirt/customer-product-vulnerability-inquiry,2026-09-29,2026-09-29
support/psirt,Product Security Incident Response,200,3,0,https://www.extremenetworks.com/support/psirt,2026-09-29,2026-09-29
support/restriction-hazardous-substances,Restriction of Hazardous Substances,200,1,0,https://www.extremenetworks.com/support/restriction-hazardous-substances,2026-09-29,2026-09-29
support/technical-training,Extreme Networks Training and Certifications,200,4,0,https://www.extremenetworks.com/support/technical-training,2026-09-29,2026-09-29
support/technical-training,Training Partners,200,44,0,https://www.extremenetworks.com/support/technical-training/training-partners,2026-09-29,2026-09-29
support/training,Extreme Fabric,200,25,10,https://www.extremenetworks.com/support/training/extreme-fabric,2026-09-29,2026-09-29
support/training,Extreme Networks Training,200,12,0,https://www.extremenetworks.com/support/training,2026-09-29,2026-09-29
support/training,Extreme Networks Training,200,6,0,https://www.extremenetworks.com/support/training/networking-fundamentals/become-an-extreme-academy-organization,2026-09-29,2026-09-29
support/training,Extreme Switching,200,25,10,https://www.extremenetworks.com/support/training/extreme-switching,2026-09-29,2026-09-29
support/training,ExtremeCloud IQ Controller,200,11,5,https://www.extremenetworks.com/support/training/extremecloud-iq-controller,2026-09-29,2026-09-29
support/training,ExtremeCloud IQ Site Engine,200,21,8,https://www.extremenetworks.com/support/training/extremecloud-iq-site-engine,2026-09-29,2026-09-29
support/training,ExtremeCloud SD-WAN,200,20,7,https://www.extremenetworks.com/support/training/extremecloud-sd-wan,2026-09-29,2026-09-29
support/training,ExtremeCloud Universal ZTNA,200,3,1,https://www.extremenetworks.com/support/training/extremecloud-universal-ztna,2026-09-29,2026-09-29
support/training,ExtremeControl,200,21,8,https://www.extremenetworks.com/support/training/extremecontrol,2026-09-29,2026-09-29
support/training,ExtremeWireless Cloud,200,27,10,https://www.extremenetworks.com/support/training/extremewireless-cloud,2026-09-29,2026-09-29
support/training,Networking Fundamentals,200,11,5,https://www.extremenetworks.com/support/training/networking-fundamentals,2026-09-29,2026-09-29
support/training,Reach out to Training Team,200,0,0,https://www.extremenetworks.com/support/training/training-feedback-form,2026-09-29,2026-09-29
support/training,Welcome Series Training,200,14,7,https://www.extremenetworks.com/support/training/welcome-series-training,2026-09-29,2026-09-29
support/visio-stencils,Visio Stencils,200,65,63,https://www.extremenetworks.com/support/visio-stencils,2026-09-29,2026-09-29
