Product,Calculated Value (Hrs),TelCordia Issue,Description,links
10011,2200000,2,SX GBIC,
10013,1400000,2,LX GBIC,
10017,1100000,2,ZX GBIC,
10018,1200000,2,UTP GBIC,
10019,1500000,2,LX100 GBIC,
10051,4000000,2,SX mini-GBIC,
10052,2500000,2,LX mini-GBIC,
10056,2688000,2,1000BASE-BX mini-GBIC BX-D,
10057,2695000,2,1000BASE-BX mini-GBIC BX-U,
10058,5100000,2,100BASE-BX-D mini-GBIC,
10059,2695000,2,100BASE BX-U mini-GBIC,
10060,1990000,2,100FX/1000LX mini-GBIC,
10063,3195000,2,100BASE-FX MMF mini-GBIC,
10065,5650000,2,10/100/1000Base-T mini-GBIC,
10066,2270000,2,100BASE LX10 mini-GBIC,
10067,2697000,2,100BASE FX mini-GBIC module,
10110,667000,2,SR XENPAK,
10111,571000,2,LR XENPAK,
10112,500000,2,ER XENPAK,
10113,887000,2,ZR XENPAK,
10114,185000,2,LX4 XENPAK,
10121,887000,2,SR XFP,
10122,1216000,2,LR XFP,
10124,1024000,2,ER XFP,
10125,864000,2,ZR XFP,
10301,4901000,2,SR SFP+,
10302,3930000,2,LR SFP+,
10309,2638000,2,ER SFP+,
10319,5070000,2,QSFP+ SR4,
10325,4260000,3,Tunable DWDM SFP+,
10329,4310000,3,40Gb BiDi MMF QSFP+,
10334,808000,3,40Gb LM4 QSFP+,
10335,808000,3,40Gb ER4 QSFP+,
10338,1392467,2,10Gb SFP+ 10GBASE-T,
10401,9360000,3,QSFP28 SR4,
10403,8790000,3,QSFP28 LR4 10 Km,
10404,8790000,3,QSFP28 CWDM4 2Km,
10410,125000000,3,DAC QSFP28 0.5m,
10411,125000000,3,DAC QSFP28 1m,
10412,125000000,3,DAC QSFP28 2m,
10413,125000000,3,DAC QSFP28 3m,
10414,125000000,3,DAC QSFP28 5m,
10421,50000000,3,DAC QSFP28 x 4 SFP28 1m,
10422,50000000,3,DAC QSFP28 x 4 SFP28 2m,
10423,50000000,3,DAC QSFP28 x 4 SFP28 3m,
10424,50000000,3,DAC QSFP28 x 4 SFP28 5m,
10426,83333333,3,DAC QSFP28 x 2 QSFP28 1m,
10427,83333333,3,DAC QSFP28 x 2 QSFP28 2m,
10428,83333333,3,DAC QSFP28 x 2 QSFP28 3m,
10429,83333333,3,DAC QSFP28 x 2 QSFP28 5m,
10434,468000,3,AOC QSFP28 5m,
10435,468001,3,AOC QSFP28 7m,
10436,468002,3,AOC QSFP28 10m,
10437,468003,3,AOC QSFP28 20m,
10441,187200,3,AOC QSFP28 x 4 SFP28 5m,
10442,187200,3,AOC QSFP28 x 4 SFP28 7m,
10443,187200,3,AOC QSFP28 x 4 SFP28 10m,
10444,187200,3,AOC QSFP28 x 4 SFP28 20m,
10907,660000,2,EPS-160,
10909,427000,2,EPS-150DC,
10911,557000,2,EPS-500 External AC PSU,
10912,2730000,2,EPS-C,
10913,250000,2,EPS-600LS,
10914,750000,2,Summit X650 AC PSU,
10915,750000,2,Summit X650 DC PSU,
10917,900000,2,Summit 450W AC PSU FB,
10918,900000,2,Summit 450W DC PSU FB,
10923,948407,2,RPS-500p,
10925,400000,2,550w AC PSU FB,
10926,500000,2,550w DC PSU FB,
10927,400000,2,550w AC PSU BF,
10928,500000,2,550w DC PSU BF,
10930,436000,2,Summit 300W AC PSU,
10931,544000,2,Summit 750W PoE AC PSU,
10932,400000,2,RPS-150 XT,
10933,754053,3,Summit 300W +24V/-48V DC PSU,
10934,413000,2,Summit 300W DC PSU,
10936,139000,2,EPS-C2,
10941,569823,3,Summit 1100W AC PSU FB,
10942,569823,3,Summit 1100W AC PSU BF,
10943,483027,,Summit 300W AC PSU BF,
10944,754053,3,Summit 300W DC PSU BF,
10945,3333333,3,Summit Fan module FB,
10946,3333333,3,Summit X460-G2 Fan module BF,
10948,100000,2,RPS-90,
10951,569823,3,Summit 715W AC PSU FB,
10952,569823,3,Summit 715W AC PSU BF,
10953,307472,3,"PSU,82.5Wx40Tx260.5Lmm,350W,AC,FB",
10954,307472,2,"PSU,82.5Wx40Tx260.5Lmm,350W,AC,BF",
10958,1061111,3,"HDX to FDX Converter, ROW",
10959,1061111,3,"HDX to FDX Converter, NA",
10960,1948142,3,"PSU,55Wx40.2Tx322Lmm,770W,AC,FB",
10961,1948142,3,"PSU,55Wx40.2Tx322Lmm,770W,AC,BF",
10963,2124116,3,"PSU,55Wx40.2Tx322Lmm,1100W,DC,FB (48Vdc)",
12101,750000,2,ReachNXT 100-8t,
12102,732000,2,ReachNXT 100-8t PSU,
15101,359000,2,Summit X250e-24t,
15103,295000,2,Summit X250e-48t,
15105,221000,2,Summit X250e-24p,
15107,173000,2,Summit X250e-48p,
15109,341000,2,Summit X250e-24x,
15121,324000,2,Summit X250e-24tDC,
15122,271000,2,Summit X250e-48tDC,
15123,299000,2,Summit X250e-24xDC,
15201,392000,2,Summit X150-24t,
15203,300000,2,Summit X150-48t,
15205,251000,2,Summit X150-24p,
15601,119000,2,Summit 48si AC w/Single AC PSU,
15602,119000,2,Summit 48si DC w/Single DC PSU,
15603,339000,2,Summit 48si Spare AC PSU,
15604,332000,2,Summit 48si Spare DC PSU,
15710,250000,2,Summit WM3700 WLAN Controller,
15714,180000,2,Summit WM3600 WLAN Controller,
15717,208000,2,Summit WM3400 Controller,
15720,245000,2,Altitude 3510-US abg AP,
15721,245000,2,Altitude 3510-ROW abg AP,
15722,570000,2,Altitude 3550-US abg OAP,
15723,245000,2,Altitude 3510-IL abg AP,
15724,414000,2,Altitude 4610 Access Point,
15725,414000,2,Altitude 4610 ROW,
15726,570000,2,Altitude 3550-ROW abg OAP,
15728,675000,2,Power Supply for A3510 AP,
15729,1685000,2,PowerTap Ext Pwr for A3550 AP,
15730,414000,2,Altitude 4620 Access Point,
15731,414000,2,Altitude 4620 ROW,
15800,500000,2,Altitude 450 Dual Radio NGAP,
15801,500000,2,Altitude 451 Dual Radio NGAP,
15813,1215000,2,AP4022i-EU,
15814,1215000,2,AP4022e-EU,
15815,1215000,2,AP4522i-EU,
15816,1215000,2,AP4522e-EU,
15911,1215000,2,AP4022i-US,
15912,1215000,2,AP4022i-ROW,
15913,1215000,2,AP4022e-US,
15916,1215000,2,AP4022e-ROW,
15938,503000,2,Altitude 350-2i Access Point,
15939,503000,2,Altitude 350-2d Access Point,
15956,116000,2,Summit WM2000 Wireless Switch,
15980,105000,2,Summit WM20 Controller,
15993,1215000,2,AP4522i-US,
15994,1215000,2,AP4522i-ROW,
15995,1215000,2,AP4522e-US,
15996,1215000,2,AP4522e-ROW,
16101,95000,2,Summit 400-48t,
16112,1720000,2,XGM2-2xf,
16113,794000,2,XGM2-2xn,
16114,2579000,2,XGM2-2sf,
16115,1369000,2,XGM2-2bt,
16117,1800000,2,XGM3-2sf,
16120,733000,2,XGM3SB-4sf,
16127,332000,2,E4B-B16T1E1/Module,
16141,353000,2,Summit X450e-24t,
16142,94000,2,Summit X450e-24p,
16147,289000,2,Summit X450e-48t,
16148,72000,2,Summit X450e-48p,
16151,108000,2,Summit X450a-24t,
16153,112000,2,Summit X450a-24tDC,
16155,115000,2,Summit X450a-24x,
16157,89000,2,Summit X450a-48t,
16159,120000,2,Summit X450a-24xDC,
16165,92000,2,Summit X450a-48tDC,
16172,610435,3,"X450-G2-24t-GE4-Base, w/PS, No Fan",
16173,688548,3,"X450-G2-24p-GE4-Base, No PS,Fan",
16174,544600,3,"X450-G2-48t-GE4-Base, w/PS, No Fan",
16175,582810,3,"X450-G2-48p-GE4-Base, No PS,Fan",
16176,610435,3,"X450-G2-24t-10GE4-Base, w/PS, No Fan",
16177,597659,3,"X450-G2-24p-10GE4-Base, No PS,Fan",
16178,544600,3,"X450-G2-48t-10GE4-Base, w/PS, No Fan",
16179,582810,3,"X450-G2-48p-10GE4-Base, No PS,Fan",
16201,304000,2,Summit X350-24t,
16202,243000,2,Summit X350-48t,
16301,275000,2,Summit X480-48t,
16303,245000,2,Summit X480-24x,
16304,258000,2,Summit X480-48x,
16312,462000,2,VIM2-10G4X,
16313,5747000,2,VIM2-SummitStack128,
16401,296000,2,Summit X460-24t,
16402,262000,2,Summit X460-48t,
16403,267000,2,Summit X460-24p,
16404,225000,2,Summit X460-48p,
16405,308000,2,Summit X460-24x,
16406,286000,2,Summit X460-48x,
16407,296000,2,Summit X460-24tDC,
16408,262000,2,Summit X460-48tDC,
16409,308000,2,Summit X460-24xDC,
16410,286000,2,Summit X460-48xDC,
16419,217000,2,SummitStack module,
16420,2159000,2,SummitStack-V80 module,
16431,129000,2,E4G-400-AC,
16432,119000,2,E4G-400-DC,
16441,203000,2,E4G-200,
16442,500000,2,E4G-F16T1E1,
16444,2464000,2,E4G-CLK,
16501,451000,2,Summit X440-8t,
16502,328000,2,Summit X440-8p,
16503,311000,2,Summit X440-24t,
16504,199000,2,Summit X440-24p,
16505,273000,2,Summit X440-48t,
16506,172000,2,Summit X440-48p,
16507,409000,2,Summit X440-24t-10G,
16508,197000,2,Summit X440-24p-10G,
16509,253000,2,Summit X440-48t-10G,
16510,159000,2,Summit X440-48p-10G,
16513,282000,2,Summit X440-24x,
16514,256000,2,Summit X440-24x-10G,
16515,310000,3,Summit X430-8p,
16516,452000,2,Summit X430-24t,
16517,221000,3,Summit X430-24p,
16518,339000,2,Summit X430-48t,
16530,676364,3,X440-G2-12t-10GE4,
16531,566052,3,X440-G2-12p-10GE4,
16532,660998,3,X440-G2-24t-10GE4,
16533,357268,3,X440-G2-24p-10GE4,
16534,639893,3,X440-G2-48t-10GE4,
16535,412792,3,X440-G2-48p-10GE4,
16536,374203,3,X440-G2-24t-10GE4-DC,
16537,311461,3,X440-G2-48t-10GE4-DC,
16538,653962,3,X440-G2-24x-10GE4,
16539,555296,3,X440-G2-24fx-GE4,
16540,182671,3,X440-G2-12t8fx-GE4,
16541,663942,3,X440-G2-24t-GE4,
16560,1304519,3,220-12t-10GE2,
16561,1132634,3,220-12p-10GE2,
16562,1053302,3,220-24t-10GE2,
16563,623202,3,220-24p-10GE2,
16564,814033,3,220-48t-10GE4,
16565,455844,3,220-48p-10GE4,
16566,1305117,3,210-12t-GE2,
16567,1133084,3,210-12p-GE2,
16568,1067009,3,210-24t-GE2,
16569,627559,3,210-24p-GE2,
16570,832624,3,210-48t-GE4,
16571,460030,3,210-48p-GE4,
16701,277000,3,Summit X460-G2-24t,
16702,263000,3,Summit X460-G2-48t,
16703,305000,3,Summit X460-G2-24p,
16704,282000,3,Summit X460-G2-48p,
16705,283000,3,Summit X460-G2-24x,
16706,277000,3,Summit X460-G2-48x,
16710,6180000,3,Summit X460-G2 VIM-2q,
16711,7174000,3,Summit X460-G2 VIM-2x,
16712,4902000,3,Summit X460-G2 VIM-2t,
16713,7726000,3,Summit X460-G2 VIM-2ss,
16715,11284000,3,Summit X460-G2 TM-CLK,
16716,810855,3,"X460-G2-24t-GE4-Base, No Fan,PS",
16717,712116,3,"X460-G2-48t-GE4-Base, No Fan,PS",
16718,548402,3,"X460-G2-24p-GE4-Base, No Fan,PS",
16719,474805,3,"X460-G2-48p-GE4-Base, No Fan,PS",
16720,506781,3,X460-G2-16mp-32p-10GE4,
16756,540980,3,X460-G2-24p-24hp-10GE4-Base,
16757,670222,3,X460-G2-24t-24ht-10GE4-Base,
16803,512279,1,"ISW 4GBP,2GBT,2-SFP",
16804,519240,1,"ISW 8GBP,4-SFP",
16807,169300,217,IS AC-DC PS 240W,
16920,112900,217,IS AC-DC PS 480W,
17001,91000,2,Summit X650-24t,
17002,148000,2,Summit X650-24x,
17012,716000,2,VIM1-10GX,
17013,948000,2,VIM1-SummitStack256,
17014,648000,2,VIM1-SummitStack512,
17101,237000,2,"Summit X670V-48x-FB, 3Fan, No PS",
17102,237000,2,"Summit X670V-48x-BF, 3Fan, No PS",
17103,321000,2,Summit X670-48x-FB,
17104,321000,2,Summit X670-48x-BF,
17111,5263000,2,Summit X670 fan module FB,
17112,5263000,2,Summit X670 fan module BF,
17115,5263000,3,"FAN ASSY,1x2,29.2CFM,12,FB",
17116,5263000,3,"FAN ASSY,1x2,29.2CFM,12,BF",
17121,823000,2,VIM3-40G4X,
17122,1592000,2,VIM4-40G4X,
17201,146786,2,Summit X670V-48t-FB-AC,
17202,146786,2,Summit X670V-48t-BF-AC,
17203,172039,2,Summit X670V-48t-FB-DC,
17204,172039,2,Summit X670V-48t-BF-DC,
17205,158412,2,Summit X670V-48t-FB-MIX,
17206,158412,2,Summit X670V-48t-BF-MIX,
17300,627000,3,Summit X670-G2-72X,
17310,737000,3,Summit X670-G2-48X-4Q,
17401,1003063,3,X620-16x-Base,
17402,700861,3,X620-16t-Base,
17403,658027,3,X620-16p-Base,
17404,705324,3,X620-10x-Base,
17405,655080,3,X620-8t-2x-Base,
17700,264000,2,Summit X770-32Q Base Unit,
17701,102691,3,Summit X770-32q-FB-AC,
17702,102691,3,Summit X770-32q-BF-AC,
17703,114443,3,Summit X770-32q-FB-DC,
17704,114443,3,Summit X770-32q-BF-DC,
17705,138161,3,Summit X770-32q-FB-MIX,
17706,138161,3,Summit X770-32q-BF-MIX,
17800,269841,3,X870-32c-Base,
17810,269841,3,X870-96x-8c-Base,
30135,124276,2,WS-C35 IDENTIFI WIRELESS APPLIANCE,
30512,40000,2,WS-PSI12V-MR2 12V PWR SPLY,
31012,401505,3,WS-AP3935I-FCC,
31013,401505,3,WS-AP3935I-ROW,
31014,401505,3,WS-AP3935E-FCC,
31015,401505,3,WS-AP3935E-ROW,
31016,157828,3,WS-AP3965I-FCC,
31017,157828,3,WS-AP3965I-ROW,
31018,157828,3,WS-AP3965E-FCC,
31019,157828,3,WS-AP3965E-ROW,
31020,401505,3,WS-AP3935i-IL,
31025,333418,3,WS-AP3912i-FCC,
31026,333418,3,WS-AP3912i-ROW,
31034,432108,3,WS-AP3916ic-FCC,
31035,432108,3,WS-AP3916ic-ROW,
31036,30054,3,WS-C5215 WLAN CONTROLLER,
41011,1049000,2,BD 8810 Chassis,
41012,1354000,2,BD 8806 Chassis,
41050,282000,2,BD 8806 600W/900W PSU,
41111,874000,2,BD 8810 Spare Fan Tray,
41112,817000,2,BD 12800/8800 Spare PSU/Fan Controller,
41211,156000,2,BD 8800 MSM-G8X,
41212,179000,2,BD 8800 MSM-48,
41213,216000,2,BD 8800 MSM-48C,
41231,334000,2,BD 8900 MSM128,
41251,216000,2,BD 8500 MSM-24,
41511,143000,2,BD 8800 G48T,
41512,112000,2,BD 8800 G48P,
41513,146000,2,BD 8800 G48Te,
41514,126000,2,BD 8800 G48Pe,
41515,146000,2,BD 8800 G48Ta,
41516,320000,2,BD 8800 G48Te2,
41517,320000,2,BD 8800 G48Tc,
41521,271000,2,BD 8900 G48X-xl,
41531,257000,2,BD 8900 G48T-xl,
41532,242000,2,BD 8900 G96Tc,
41541,259000,2,BD 8800 G24X,
41542,199000,2,BD 8800 G48Xa,
41543,569000,2,BD 8800 G24Xc,
41544,414000,2,BD 8800 G48Xc,
41551,320000,2,BD 8500 G48T-e,
41561,569000,2,BD 8500 G24X-e,
41611,226000,2,BD 8800 10G4X,
41612,165000,2,BD 8800 10G4Xa,
41613,192000,2,BD 8800 10G4Ca,
41614,311000,2,BD 8800 10G4Xc,
41615,211000,2,BD 8800 10G8Xc,
41631,213000,2,BD 8900 10G8X-xl,
41632,229000,2,BD 8900 10G24Xc,
41711,256000,2,BD 8900 40G6X-xm,
41811,1243000,2,BD 8800 S-POE,
41821,850000,2,BD 8800 S-G8Xc,
41822,679000,2,BD 8800 S-10G1Xc,
41823,735000,2,BD 8800 S-10G2Xc,
45012,304000,2,Alpine 3800 AC PSU,
45014,486000,2,Alpine 3800 SMMi Basic L3,
45022,314000,2,Alpine 3800 DC PSU,
45040,220000,2,Alpine 3804 Chassis,
45080,205000,2,Alpine 3808 Chassis,
45112,2054000,2,Alpine 3800 GM-4Xi,
45121,499000,2,Alpine 3800 GM-16X3,
45122,494000,2,Alpine 3800 GM-16T3,
45210,488000,2,Alpine 3800 FM-32Ti,
45211,59000,2,Alpine 3800 FM-24MFi,
48001,657000,2,BDX8-AC Chassis,
48011,388000,2,BDX-PSU-AC2500,
48015,1968000,2,BDX8-FAN,
48021,267000,2,BDX-MM1,
48031,218000,2,BDXA-FM960,
48032,218000,2,BDXA-FM480,
48038,161329,2,BDXA-G48T,
48039,201073,2,BDXA-G48X,
48040,161329,2,BDXA-10G48T,
48041,206000,2,BDXA-10G48X,
48046,165000,2,BDXA-40G12X,
48047,168870,2,BDXB-40G12X-XL,
48051,105000,2,BDXA-40G24X,
48061,237000,3,BDXB-100G4X,
48062,182508,2,BDXB-100G4X-XL,
60011,607000,2,BD 10808 Chassis,
60012,478000,2,BD 10808 Spare Fan Tray,
60013,2399000,2,BD 10K Spare PSU Controller,
60015,55000,2,BD 10K MSM-1 Mgmt Module,
60016,52000,2,BD 10K MSM-1XL Mgmt Module,
60020,282000,2,BD 700W/1200W AC PSU,
60021,300000,2,BD 1200W DC PSU,
61010,100000,2,BD 10K G60X,
61011,132000,2,BD 10K G20X,
61030,94000,2,BD 10K G60T,
61050,120000,2,BD 10K 10G6X,
61051,154000,2,BD 10K 10G2X,
61071,100000,2,BD 10K 10G2H,
65010,117000,2,BD 12800 MSM-5,
65011,106000,2,BD 12800 MSM-5R,
65013,90000,2,BD 12800 MSM-6R,
65020,2523000,2,BD 12802 Chassis,
65021,125000,2,BD 12802 325W AC PSU,
65022,198000,2,BD 12802 325W DC PSU,
65023,2247000,2,BD 12802 Spare Fan Tray,
65024,2132000,2,BD 12802 Spare PSU/Fan Controller,
65040,1354000,2,BD 12804 Chassis,
65043,1251000,2,BD 12804/8800 Spare Fan Tray,
66010,126000,2,BD 12800 GM-20XT,
66011,118000,2,BD 12800 GM-20XTR,
66030,134000,2,BD 12800 GM-20T,
66041,138000,2,BD 12800 XM-HR,
66050,163000,2,BD 12800 XM-2X,
66051,148000,2,BD 12800 XM-2XR,
68020,833000,2,BD 20K 10 slot chassis,
68021,908000,2,BD 20K XFM-1,
68023,345000,2,BD 20K MM Basic,
68024,118000,2,BD 20K XM-8XB,
68025,214000,2,BD 20K-GM40XB,
68031,1340000,2,BD 20804 XFM-2,
68040,1680000,2,BD 20804 6 Slot Chassis,
68041,616000,2,BD 20K Fan Tray,
68051,699000,2,BD 20K AC PSU,
68052,627000,2,BD 20K DC PSU,
68058,198000,2,BD 20K HM-2X24GA,
68061,597000,2,BD 20804 Spare Fan Tray,
70011,42000,2,Sentriant Appliance,
85001,86932,2,OneC-A-600 2*XEON CPUs,
86100,33252,3,ExtremeManagement Appliance NMS-A-25,
86101,30242,3,ExtremeManagement Appliance NMS-A-305,
87100,33252,3,ExtremeControl Appliance IA-A-25,
87101,30543,3,ExtremeControl Appliance IA-A-305,
88100,30543,3,ExtremeAnalytics Appliance PV-A-305,
08A-RPS-130P,160194,2,130W POE RPS FOR THE 08G20G2-08P SWITCH,
08A-RPS-150,2089743,2,150W RPS FOR 24/48 PORT 800 SERIES,
08A-RPS-24,385080,2,RPS FOR 08G20G2-08 SWITCH,
08A-RPS-500P,948407,2,500W POE RPS FOR 24/48 POE 800 SERIES,
08G20G2-08,865139,2,8 PORT 10/100/1000 800-SERIES SWITCH,
08G20G2-08P,536628,2,8 PORT 10/100/1000 POE 800-SERIES SWITCH,
08G20G4-24,532023,2,24 PORT 10/100/1000 800-SERIES SWITCH,
08G20G4-24P,275199,2,24 PORT 10/100/1000 POE 800-SERIES,
08G20G4-48,396938,2,48 PORT 10/100/1000 800-SERIES SWITCH,
08G20G4-48P,225591,2,48 PORT 10/100/1000 POE 800-SERIES,
08H20G4-24,597684,2,24 PORT 10/100 800-SERIES SWITCH,
08H20G4-24P,272651,2,24 PORT 10/100 POE 800-SERIES SWITCH,
08H20G4-48,407895,2,48 PORT 10/100 800-SERIES SWITCH,
08H20G4-48P,219440,2,48 PORT 10/100 POR 800-SERIES SWITCH,
10051H,4518000,2,"1000BASE-SX SFP, Hi",
10052H,4587156,2,"1000BASE-LX SFP, Hi",
10053H,5804504,3,"1000BASE-ZX SFP, Hi",
10070H,4492565,2,1000BASE-SX SFP,
10071H,4518000,3,"1000BASE-SX SFP 10 Pack 10051H, Hi",
10072H,4587156,3,"1000BASE-LX SFP 10 Pack 10052H, Hi",
10116E,2000000,2,LW XENPAK,
10930A,436000,2,Summit 300W AC PSU XT,
10GBASE-ER-XFP,2000000,2,10 GBE EXTENDED REACH XFP,
10GBASE-LR-XFP,4081632,2,10 GBE LONG REACH XFP,
10GBASE-SR-XFP,2631579,2,10 GBE SHORT REACH XFP,
10GBASE-ZR-XFP,1164047,2,10GBASE ZR XFP 80KM OPTIC,
10GB-EREX-SFPP,2430000,2,"10 GB, 1GB DUAL RATE ER EX SMF",
10GB-ER-SFPP,2430000,2,10GBASE ER SFP+ (40K),
10GB-LRM-SFPP,7692308,2,10GBASE-LRM SFP+ 220M MM OPTIC,
10GB-LR-SFPP,3389831,2,10 GBASE-LR SFP+ 10K SM OPTIC,
10GB-SR-SFPP,5154639,2,GBASE-SR SFP+ 33/82M MM OPTIC,
10GB-ZR-SFPP,11552680,2,10GB 80KM SFP+,
16172T,610435,3,X450-G2-24t-GE4-FB-TAA,
16173T,688548,3,X450-G2-24p-GE4-FB-715-TAA,
16177T,597659,3,X450-G2-24p-10GE4-FB-715-TAA,
16179T,582810,3,X450-G2-48p-10GE4-FB-1100-TAA,
16531T,566052,3,X440-G2-12p-10GE4-TAA,
16532T,660998,3,X440-G2-24t-10GE4-TAA,
16533T,357268,3,X440-G2-24p-10GE4-TAA,
16535T,412792,3,X440-G2-48p-10GE4-TAA,
16538T,653962,3,X440-G2-24x-10GE4-TAA,
16560C,1304519,3,220-12t-10GE2 US Cord,
16561C,1132634,3,220-12p-10GE2 US Cord,
16562C,1053302,3,220-24t-10GE2 US Cord,
16563C,623202,3,220-24p-10GE2 US Cord,
16564C,814033,3,220-48t-10GE4 US Cord,
16565C,455844,3,220-48p-10GE4 US Cord,
16566C,1305117,3,210-12t-GE2 US Cord,
16567C,1133084,3,210-12p-GE2 US Cord,
16568C,1067009,3,210-24t-GE2 US Cord,
16569C,627559,3,210-24p-GE2 US Cord,
16570C,832624,3,210-48t-GE4 US Cord,
16571C,460030,3,210-48p-GE4 US Cord,
16703T,305000,3,X460-G2-24p-10GE4-FB-715-TAA,
16704T,282000,3,X460-G2-48p-10GE4-FB-1100-TAA,
16705T,283000,3,X460-G2-24x-10GE4-FB-AC-TAA,
16706T,277000,3,X460-G2-48x-10GE4-FB-AC-TAA,
16710T,6180000,3,Summit X460-G2 VIM-2q-TAA,
16711T,7174000,3,Summit X460-G2 VIM-2x-TAA,
16712T,4902000,3,Summit X460-G2 VIM-2t-TAA,
16713T,7726000,3,Summit X460-G2 VIM-2ss-TAA,
16715T,11284000,3,Summit X460-G2 -TM-CLK-TAA,
16716T,810855,3,X460-G2-24t-GE4-FB-AC-TAA,
16718T,548402,3,X460-G2-24p-GE4-FB-715-TAA,
16719T,474805,3,X460-G2-48p-GE4-FB-1100-TAA,
16756T,540980,3,X460-G2-24p-24hp-10GE4-FB-TAA,
16757T,670222,3,X460-G2-24t-24ht-10GE4-FB-TAA,
17101T,237000,2,Summit X670V-48x-FB-TAA,
17102T,237000,2,Summit X670V-48x-BF-TAA,
17103T,321000,2,Summit X670-48x-FB-TAA,
17104T,321000,2,Summit X670-48x-BF-TAA,
17201T,146786,2,Summit X670V-48t-FB-AC-TAA,
17202T,146786,2,Summit X670V-48t-BF-AC-TAA,
17203T,172039,2,Summit X670V-48t-FB-DC-TAA,
17204T,172039,2,Summit X670V-48t-BF-DC-TAA,
17205T,158412,2,Summit X670V-48t-FB-MIX-TAA,
17206T,158412,2,Summit X670V-48t-BF-MIX-TAA,
17310T,146786,3,X670-G2-48x-4q-FB-AC-TAA,
17401G,1003063,3,X620-16x-BF TAA,
17401T,1003063,3,X620-16x-FB TAA,
17402G,700861,3,X620-16t-BF TAA,
17402T,700861,3,X620-16t-FB TAA,
40GB-F10-QSFP,3507000,2,"40GB, QSFP FIBER CABLE 10M",
40GB-F20-QSFP,3507000,2,"40GB, QSFP FIBER CABLE 20M",
40GB-LR4-QSFP,4420000,2,"40GB, 40GBASE-LR4 SMF QSFP+",
40GB-SR4-QSFP,3210000,2,"40GB, 40GBASE-SR4 MMF QSFP+",
71A-71GFAN,2500000,2,"7100G FAN MODULE, SPARE",
71A-FAN,2264493,2,7100 FAN MODULE SPARE,
71A-POE-A,1818535,2,7100G POE POWER SUPPLY I/O SIDE EXHAUST,
71A-POE-B,1818535,2,7100G POE POWER SUPPLY I/O SIDE INTAKE,
71A-PS-A,500000,2,7100 POWER SUPPLY I/O SIDE AIR EXHAUST,
71A-PS-B,500000,2,7100 POWER SUPPLY I/O SIDE AIR INTAKE,
71G11K2L2-48,116603,2,"7148G-F 48 PORT SFP, 2 SFP+, 2 QSFP+",
71G21K2L2-24P24,127413,2,7124/24G 24 PORT POE 24 SFP 2 SFP+2 QSFP,
71G21K2L2-48P,148391,2,7148G 48 PORT POE 2 SFP+ 2 QSFP+,
71K11L4-24,126756,2,"7124, 24 PORTS SFP+ W/ 4 40GIG QSFP+",
71K11L4-48,105732,2,"7148, 48 PORTS SFP+ WITH 4 40GIG QSFP+",
71K91L4-24,119934,2,7124T 24 PORTS 10GBASE-T W/4 40GIG QSFP+,
71K91L4-48,104093,2,"7148T, 48 PORTS 10GBASE-T W/ 4 40GIG Q",
A4H124-24,408618,2,24 PORT 10/100 A4 SWITCH,
A4H124-24FX,388134,2,HIGH AVAILABILITY 24 PORT 100BASE-FX A4,
A4H124-24P,286587,2,24 PORT 10/100 POE A4 SWITCH,
A4H124-48,323946,2,48 PORT 10/100 A4 SWITCH,
A4H124-48P,232259,2,48 PORT 10/100 POE A4 SWITCH,
A4H254-8F8T,388497,2,HIGH AVAILABILITY A4 W 8TX & 8FX,
AP-6511-60010-EU,265000,2,"50°C AOT, 50% electrical (duty cycle)",
AP-6511-60010-WR,265000,2,"50°C AOT, 50% electrical (duty cycle)",
AP6511E-60010-APME,265000,2,"50°C AOT, 50% electrical (duty cycle)",
AP-6511E-60010-EU,265000,2,"50°C AOT, 50% electrical (duty cycle)",
AP-6511E-60010-WR,265000,2,"50°C AOT, 50% electrical (duty cycle)",
AP-6521-60010-EU,148000,,"40°C, 100% electrical (duty cycle)",
AP-6521-60010-IL,148000,,"40°C, 100% electrical (duty cycle)",
AP-6521-60010-US,148000,,"40°C, 100% electrical (duty cycle)",
AP-6521-60010-WR,148000,,"40°C, 100% electrical (duty cycle)",
AP-6521-60020-EU,148000,,"40°C, 100% electrical (duty cycle)",
AP-6521-60020-US,148000,,"40°C, 100% electrical (duty cycle)",
AP-6521-60020-WR,148000,,"40°C, 100% electrical (duty cycle)",
AP-6521E-60010-APME,148000,,"40°C, 100% electrical (duty cycle)",
AP-6521E-60010-EU,148000,,"40°C, 100% electrical (duty cycle)",
AP-6521E-60010-US,148000,,"40°C, 100% electrical (duty cycle)",
AP-6521E-60010-WR,148000,,"40°C, 100% electrical (duty cycle)",
AP6521E-60020-APME,148000,,"40°C, 100% electrical (duty cycle)",
AP-6521E-60020-EU,148000,,"40°C, 100% electrical (duty cycle)",
AP-6521E-60020-US,148000,,"40°C, 100% electrical (duty cycle)",
AP-6521E-60020-WR,148000,,"40°C, 100% electrical (duty cycle)",
AP-6522-66003P-US,290963,,"50°C, 100% electrical (duty cycle)",
AP-6522-66003PW-US,290963,,"50°C, 100% electrical (duty cycle)",
AP-6522-66030-EU,290963,,"50°C, 50% electrical (duty cycle)",
AP-6522-66030-IL,290963,,"50°C, 50% electrical (duty cycle)",
AP-6522-66030-US,290963,,"50°C, 50% electrical (duty cycle)",
AP-6522-66030-WR,290963,,"50°C, 50% electrical (duty cycle)",
AP-6522-66040-EU,290963,,"50°C, 50% electrical (duty cycle)",
AP-6522-66040-US,290963,,"50°C, 50% electrical (duty cycle)",
AP-6522-66040-WR,290963,,"50°C, 50% electrical (duty cycle)",
AP6522E-66030-APME,290963,,"50°C, 50% electrical (duty cycle)",
AP-6522E-66030-EU,290963,,"50°C, 50% electrical (duty cycle)",
AP-6522E-66030-US,290963,,"50°C, 50% electrical (duty cycle)",
AP-6522E-66030-WR,290963,,"50°C, 50% electrical (duty cycle)",
AP6522E-66040-APME,290963,,"50°C, 50% electrical (duty cycle)",
AP-6522E-66040-EU,290963,,"50°C, 50% electrical (duty cycle)",
AP-6522E-66040-US,290963,,"50°C, 50% electrical (duty cycle)",
AP-6522E-66040-WR,290963,,"50°C, 50% electrical (duty cycle)",
AP-6522-WM-MX-FRZ,290963,,"50°C, 50% electrical (duty cycle)",
AP-6532-66030-WR,290963,,"50°C, 50% electrical (duty cycle)",
AP-6532-66040-WR,290963,,"50°C, 50% electrical (duty cycle)",
AP-6562-66030-EU,62372,,"65°C, 50% electrical (duty cycle)",
AP-6562-66030-EU,249884,,"25°C, 50% electrical (duty cycle)",
AP-6562-66030-IL,62372,,"65°C, 50% electrical (duty cycle)",
AP-6562-66030-IL,249884,,"25°C, 50% electrical (duty cycle)",
AP-6562-66030-US,62372,,"65°C, 50% electrical (duty cycle)",
AP-6562-66030-US,249884,,"25°C, 50% electrical (duty cycle)",
AP-6562-66030-WR,62372,,"65°C, 50% electrical (duty cycle)",
AP-6562-66030-WR,249884,,"25°C, 50% electrical (duty cycle)",
AP-6562-66040-EU,62372,,"65°C, 50% electrical (duty cycle)",
AP-6562-66040-EU,249884,,"25°C, 50% electrical (duty cycle)",
AP-6562-66040-US,62372,,"65°C, 50% electrical (duty cycle)",
AP-6562-66040-US,249884,,"25°C, 50% electrical (duty cycle)",
AP-6562-66040-WR,62372,,"65°C, 50% electrical (duty cycle)",
AP-6562-66040-WR,249884,,"25°C, 50% electrical (duty cycle)",
AP-6562-6604J-IL,62372,,"65°C, 50% electrical (duty cycle)",
AP-6562-6604J-IL,249884,,"25°C, 50% electrical (duty cycle)",
AP6562E-66030-APME,62372,,"65°C, 50% electrical (duty cycle)",
AP6562E-66030-APME,249884,,"25°C, 50% electrical (duty cycle)",
AP-6562E-66030-EU,62372,,"65°C, 50% electrical (duty cycle)",
AP-6562E-66030-EU,249884,,"25°C, 50% electrical (duty cycle)",
AP-6562E-66030-US,62372,,"65°C, 50% electrical (duty cycle)",
AP-6562E-66030-US,249884,,"25°C, 50% electrical (duty cycle)",
AP-6562E-66030-WR,62372,,"65°C, 50% electrical (duty cycle)",
AP-6562E-66030-WR,249884,,"25°C, 50% electrical (duty cycle)",
AP6562E-66040-APME,62372,,"65°C, 50% electrical (duty cycle)",
AP6562E-66040-APME,249884,,"25°C, 50% electrical (duty cycle)",
AP-6562E-66040-EU,62372,,"65°C, 50% electrical (duty cycle)",
AP-6562E-66040-EU,249884,,"25°C, 50% electrical (duty cycle)",
AP-6562E-66040-US,62372,,"65°C, 50% electrical (duty cycle)",
AP-6562E-66040-US,249884,,"25°C, 50% electrical (duty cycle)",
AP-6562E-66040-WR,62372,,"65°C, 50% electrical (duty cycle)",
AP-6562E-66040-WR,249884,,"25°C, 50% electrical (duty cycle)",
AP-7161-66040-WR,185380,,"50°C, 100% electrical (duty cycleTri Radio",
AP-7161-66040-WR,209750,,"50°C, 100% electrical (duty cycle) Dual Radio",
AP-7161-66S40-JP,185380,,"50°C, 100% electrical (duty cycleTri Radio",
AP-7161-66S40-JP,209750,,"50°C, 100% electrical (duty cycle) Dual Radio",
AP-7161-66S40-WR,185380,,"50°C, 100% electrical (duty cycleTri Radio",
AP-7161-66S40-WR,209750,,"50°C, 100% electrical (duty cycle) Dual Radio",
AP-7502-67030-APME,582128,,"25°C, 100% electrical (duty cycle)",
AP-7502-67030-APME,1111862,,"25°C, 50% electrical (duty cycle)",
AP-7502-67030-EU,582128,,"25°C, 100% electrical (duty cycle)",
AP-7502-67030-EU,1111862,,"25°C, 50% electrical (duty cycle)",
AP-7502-67030-IL,582128,,"25°C, 100% electrical (duty cycle)",
AP-7502-67030-IL,1111862,,"25°C, 50% electrical (duty cycle)",
AP-7502-67030-US,582128,,"25°C, 100% electrical (duty cycle)",
AP-7502-67030-US,1111862,,"25°C, 50% electrical (duty cycle)",
AP-7502-67030-WR,582128,,"25°C, 100% electrical (duty cycle)",
AP-7502-67030-WR,1111862,,"25°C, 50% electrical (duty cycle)",
AP7502E-67030-APME,582128,,"25°C, 100% electrical (duty cycle)",
AP7502E-67030-APME,1111862,,"25°C, 50% electrical (duty cycle)",
AP-7502E-67030-EU,582128,,"25°C, 100% electrical (duty cycle)",
AP-7502E-67030-EU,1111862,,"25°C, 50% electrical (duty cycle)",
AP-7502E-67030-US,582128,,"25°C, 100% electrical (duty cycle)",
AP-7502E-67030-US,1111862,,"25°C, 50% electrical (duty cycle)",
AP-7502E-67030-WR,582128,,"25°C, 100% electrical (duty cycle)",
AP-7502E-67030-WR,1111862,,"25°C, 50% electrical (duty cycle)",
AP-7522-67030-EU,100186,,"40°C, 100% electrical (duty cycle)",
AP-7522-67030-EU,123024,,"25°C, 100% electrical (duty cycle)",
AP-7522-67030-EU,200373,,"40°C, 50% electrical (duty cycle)",
AP-7522-67030-EU,246047,,"25°C, 50% electrical (duty cycle)",
AP-7522-67030-EU-B,100186,,"40°C, 100% electrical (duty cycle)",
AP-7522-67030-EU-B,123024,,"25°C, 100% electrical (duty cycle)",
AP-7522-67030-EU-B,200373,,"40°C, 50% electrical (duty cycle)",
AP-7522-67030-EU-B,246047,,"25°C, 50% electrical (duty cycle)",
AP-7522-67030-US,100186,,"40°C, 100% electrical (duty cycle)",
AP-7522-67030-US,123024,,"25°C, 100% electrical (duty cycle)",
AP-7522-67030-US,200373,,"40°C, 50% electrical (duty cycle)",
AP-7522-67030-US,246047,,"25°C, 50% electrical (duty cycle)",
AP-7522-67030-US-B,100186,,"40°C, 100% electrical (duty cycle)",
AP-7522-67030-US-B,123024,,"25°C, 100% electrical (duty cycle)",
AP-7522-67030-US-B,200373,,"40°C, 50% electrical (duty cycle)",
AP-7522-67030-US-B,246047,,"25°C, 50% electrical (duty cycle)",
AP-7522-67030-WR,100186,,"40°C, 100% electrical (duty cycle)",
AP-7522-67030-WR,123024,,"25°C, 100% electrical (duty cycle)",
AP-7522-67030-WR,200373,,"40°C, 50% electrical (duty cycle)",
AP-7522-67030-WR,246047,,"25°C, 50% electrical (duty cycle)",
AP-7522-67030-WR-B,100186,,"40°C, 100% electrical (duty cycle)",
AP-7522-67030-WR-B,123024,,"25°C, 100% electrical (duty cycle)",
AP-7522-67030-WR-B,200373,,"40°C, 50% electrical (duty cycle)",
AP-7522-67030-WR-B,246047,,"25°C, 50% electrical (duty cycle)",
AP-7522-67040-APME,139247,,"40°C, 100% electrical (duty cycle)",
AP-7522-67040-APME,196427,,"25°C, 100% electrical (duty cycle)",
AP-7522-67040-APME,200373,,"40°C, 50% electrical (duty cycle)",
AP-7522-67040-APME,392854,,"25°C, 50% electrical (duty cycle)",
AP-7522-67040-EU,139247,,"40°C, 100% electrical (duty cycle)",
AP-7522-67040-EU,196427,,"25°C, 100% electrical (duty cycle)",
AP-7522-67040-EU,200373,,"40°C, 50% electrical (duty cycle)",
AP-7522-67040-EU,392854,,"25°C, 50% electrical (duty cycle)",
AP-7522-67040-EU-B,139247,,"40°C, 100% electrical (duty cycle)",
AP-7522-67040-EU-B,196427,,"25°C, 100% electrical (duty cycle)",
AP-7522-67040-EU-B,200373,,"40°C, 50% electrical (duty cycle)",
AP-7522-67040-EU-B,392854,,"25°C, 50% electrical (duty cycle)",
AP-7522-67040-US,139247,,"40°C, 100% electrical (duty cycle)",
AP-7522-67040-US,196427,,"25°C, 100% electrical (duty cycle)",
AP-7522-67040-US,200373,,"40°C, 50% electrical (duty cycle)",
AP-7522-67040-US,392854,,"25°C, 50% electrical (duty cycle)",
AP-7522-67040-US-B,139247,,"40°C, 100% electrical (duty cycle)",
AP-7522-67040-US-B,196427,,"25°C, 100% electrical (duty cycle)",
AP-7522-67040-US-B,200373,,"40°C, 50% electrical (duty cycle)",
AP-7522-67040-US-B,392854,,"25°C, 50% electrical (duty cycle)",
AP-7522-67040-WR,139247,,"40°C, 100% electrical (duty cycle)",
AP-7522-67040-WR,196427,,"25°C, 100% electrical (duty cycle)",
AP-7522-67040-WR,200373,,"40°C, 50% electrical (duty cycle)",
AP-7522-67040-WR,392854,,"25°C, 50% electrical (duty cycle)",
AP-7522-67040-WR-B,139247,,"40°C, 100% electrical (duty cycle)",
AP-7522-67040-WR-B,196427,,"25°C, 100% electrical (duty cycle)",
AP-7522-67040-WR-B,200373,,"40°C, 50% electrical (duty cycle)",
AP-7522-67040-WR-B,392854,,"25°C, 50% electrical (duty cycle)",
AP7522E-67030-APME,100186,,"40°C, 100% electrical (duty cycle)",
AP7522E-67030-APME,123024,,"25°C, 100% electrical (duty cycle)",
AP7522E-67030-APME,200373,,"40°C, 50% electrical (duty cycle)",
AP7522E-67030-APME,246047,,"25°C, 50% electrical (duty cycle)",
AP-7522E-67030-EU,100186,,"40°C, 100% electrical (duty cycle)",
AP-7522E-67030-EU,123024,,"25°C, 100% electrical (duty cycle)",
AP-7522E-67030-EU,200373,,"40°C, 50% electrical (duty cycle)",
AP-7522E-67030-EU,246047,,"25°C, 50% electrical (duty cycle)",
AP-7522E-67030-US,100186,,"40°C, 100% electrical (duty cycle)",
AP-7522E-67030-US,123024,,"25°C, 100% electrical (duty cycle)",
AP-7522E-67030-US,200373,,"40°C, 50% electrical (duty cycle)",
AP-7522E-67030-US,246047,,"25°C, 50% electrical (duty cycle)",
AP-7522E-67030-WR,100186,,"40°C, 100% electrical (duty cycle)",
AP-7522E-67030-WR,123024,,"25°C, 100% electrical (duty cycle)",
AP-7522E-67030-WR,200373,,"40°C, 50% electrical (duty cycle)",
AP-7522E-67030-WR,246047,,"25°C, 50% electrical (duty cycle)",
AP7522E-67040-APME,139247,,"40°C, 100% electrical (duty cycle)",
AP7522E-67040-APME,196427,,"25°C, 100% electrical (duty cycle)",
AP7522E-67040-APME,283401,,"40°C, 50% electrical (duty cycle)",
AP7522E-67040-APME,392854,,"25°C, 50% electrical (duty cycle)",
AP-7522E-67040-EU,139247,,"40°C, 100% electrical (duty cycle)",
AP-7522E-67040-EU,196427,,"25°C, 100% electrical (duty cycle)",
AP-7522E-67040-EU,283401,,"40°C, 50% electrical (duty cycle)",
AP-7522E-67040-EU,392854,,"25°C, 50% electrical (duty cycle)",
AP-7522E-67040-US,139247,,"40°C, 100% electrical (duty cycle)",
AP-7522E-67040-US,196427,,"25°C, 100% electrical (duty cycle)",
AP-7522E-67040-US,283401,,"40°C, 50% electrical (duty cycle)",
AP-7522E-67040-US,392854,,"25°C, 50% electrical (duty cycle)",
AP-7522E-67040-WR,139247,,"40°C, 100% electrical (duty cycle)",
AP-7522E-67040-WR,196427,,"25°C, 100% electrical (duty cycle)",
AP-7522E-67040-WR,283401,,"40°C, 50% electrical (duty cycle)",
AP-7522E-67040-WR,392854,,"25°C, 50% electrical (duty cycle)",
AP-7532-67030-APME,100186,,"40°C, 100% electrical (duty cycle)",
AP-7532-67030-APME,123024,,"25°C, 100% electrical (duty cycle)",
AP-7532-67030-APME,200373,,"40°C, 50% electrical (duty cycle)",
AP-7532-67030-APME,246047,,"25°C, 50% electrical (duty cycle)",
AP-7532-67030-EU,100186,,"40°C, 100% electrical (duty cycle)",
AP-7532-67030-EU,123024,,"25°C, 100% electrical (duty cycle)",
AP-7532-67030-EU,200373,,"40°C, 50% electrical (duty cycle)",
AP-7532-67030-EU,246047,,"25°C, 50% electrical (duty cycle)",
AP-7532-67030-EU-B,100186,,"40°C, 100% electrical (duty cycle)",
AP-7532-67030-EU-B,123024,,"25°C, 100% electrical (duty cycle)",
AP-7532-67030-EU-B,200373,,"40°C, 50% electrical (duty cycle)",
AP-7532-67030-EU-B,246047,,"25°C, 50% electrical (duty cycle)",
AP-7532-67030-IL,100186,,"40°C, 100% electrical (duty cycle)",
AP-7532-67030-IL,123024,,"25°C, 100% electrical (duty cycle)",
AP-7532-67030-IL,200373,,"40°C, 50% electrical (duty cycle)",
AP-7532-67030-IL,246047,,"25°C, 50% electrical (duty cycle)",
AP-7532-67030-US,100186,,"40°C, 100% electrical (duty cycle)",
AP-7532-67030-US,123024,,"25°C, 100% electrical (duty cycle)",
AP-7532-67030-US,200373,,"40°C, 50% electrical (duty cycle)",
AP-7532-67030-US,246047,,"25°C, 50% electrical (duty cycle)",
AP-7532-67030-US-B,100186,,"40°C, 100% electrical (duty cycle)",
AP-7532-67030-US-B,123024,,"25°C, 100% electrical (duty cycle)",
AP-7532-67030-US-B,200373,,"40°C, 50% electrical (duty cycle)",
AP-7532-67030-US-B,246047,,"25°C, 50% electrical (duty cycle)",
AP-7532-67030-WR,100186,,"40°C, 100% electrical (duty cycle)",
AP-7532-67030-WR,123024,,"25°C, 100% electrical (duty cycle)",
AP-7532-67030-WR,200373,,"40°C, 50% electrical (duty cycle)",
AP-7532-67030-WR,246047,,"25°C, 50% electrical (duty cycle)",
AP-7532-67030-WR-B,100186,,"40°C, 100% electrical (duty cycle)",
AP-7532-67030-WR-B,123024,,"25°C, 100% electrical (duty cycle)",
AP-7532-67030-WR-B,200373,,"40°C, 50% electrical (duty cycle)",
AP-7532-67030-WR-B,246047,,"25°C, 50% electrical (duty cycle)",
AP-7532-67040-APME,192067,,"25°C, 100% electrical (duty cycle)",
AP-7532-67040-APME,192067,,"40°C, 100% electrical (duty cycle)",
AP-7532-67040-APME,384133,,"25°C, 50% electrical (duty cycle)",
AP-7532-67040-APME,384133,,"40°C, 50% electrical (duty cycle)",
AP-7532-67040-EU,192067,,"25°C, 100% electrical (duty cycle)",
AP-7532-67040-EU,192067,,"40°C, 100% electrical (duty cycle)",
AP-7532-67040-EU,384133,,"25°C, 50% electrical (duty cycle)",
AP-7532-67040-EU,384133,,"40°C, 50% electrical (duty cycle)",
AP-7532-67040-EU-B,192067,,"25°C, 100% electrical (duty cycle)",
AP-7532-67040-EU-B,192067,,"40°C, 100% electrical (duty cycle)",
AP-7532-67040-EU-B,384133,,"25°C, 50% electrical (duty cycle)",
AP-7532-67040-EU-B,384133,,"40°C, 50% electrical (duty cycle)",
AP-7532-67040-US,192067,,"25°C, 100% electrical (duty cycle)",
AP-7532-67040-US,192067,,"40°C, 100% electrical (duty cycle)",
AP-7532-67040-US,384133,,"25°C, 50% electrical (duty cycle)",
AP-7532-67040-US,384133,,"40°C, 50% electrical (duty cycle)",
AP-7532-67040-US-B,192067,,"25°C, 100% electrical (duty cycle)",
AP-7532-67040-US-B,192067,,"40°C, 100% electrical (duty cycle)",
AP-7532-67040-US-B,384133,,"25°C, 50% electrical (duty cycle)",
AP-7532-67040-US-B,384133,,"40°C, 50% electrical (duty cycle)",
AP-7532-67040-WR,192067,,"25°C, 100% electrical (duty cycle)",
AP-7532-67040-WR,192067,,"40°C, 100% electrical (duty cycle)",
AP-7532-67040-WR,384133,,"25°C, 50% electrical (duty cycle)",
AP-7532-67040-WR,384133,,"40°C, 50% electrical (duty cycle)",
AP-7532-67040-WR-B,192067,,"25°C, 100% electrical (duty cycle)",
AP-7532-67040-WR-B,192067,,"40°C, 100% electrical (duty cycle)",
AP-7532-67040-WR-B,384133,,"25°C, 50% electrical (duty cycle)",
AP-7532-67040-WR-B,384133,,"40°C, 50% electrical (duty cycle)",
AP-7562-670042APME,128879,,"25°C, 100% electrical (duty cycle)",
AP-7562-670042APME,146367,,"0°C, 100% electrical (duty cycle)",
AP-7562-670042APME,257757,,"25°C, 50% electrical (duty cycle)",
AP-7562-670042APME,292733,,"0°C, 50% electrical (duty cycle)",
AP-7562-670042-EU,128879,,"25°C, 100% electrical (duty cycle)",
AP-7562-670042-EU,146367,,"0°C, 100% electrical (duty cycle)",
AP-7562-670042-EU,257757,,"25°C, 50% electrical (duty cycle)",
AP-7562-670042-EU,292733,,"0°C, 50% electrical (duty cycle)",
AP-7562-670042-IL,128879,,"50°C, 100% electrical (duty cycle)",
AP-7562-670042-IL,146367,,"0°C, 100% electrical (duty cycle)",
AP-7562-670042-IL,257757,,"25°C, 50% electrical (duty cycle)",
AP-7562-670042-IL,292733,,"0°C, 50% electrical (duty cycle)",
AP-7562-670042-US,128879,,"25°C, 100% electrical (duty cycle)",
AP-7562-670042-US,146367,,"0°C, 100% electrical (duty cycle)",
AP-7562-670042-US,257757,,"25°C, 50% electrical (duty cycle)",
AP-7562-670042-US,292733,,"0°C, 50% electrical (duty cycle)",
AP-7562-670042-WR,128879,,"25°C, 100% electrical (duty cycle)",
AP-7562-670042-WR,146367,,"0°C, 100% electrical (duty cycle)",
AP-7562-670042-WR,257757,,"25°C, 50% electrical (duty cycle)",
AP-7562-670042-WR,292733,,"0°C, 50% electrical (duty cycle)",
AP-7562-67040-EU,128879,,"25°C, 100% electrical (duty cycle)",
AP-7562-67040-EU,146367,,"0°C, 100% electrical (duty cycle)",
AP-7562-67040-EU,257757,,"25°C, 50% electrical (duty cycle)",
AP-7562-67040-EU,292733,,"0°C, 50% electrical (duty cycle)",
AP-7562-67040-US,128879,,"25°C, 100% electrical (duty cycle)",
AP-7562-67040-US,146367,,"0°C, 100% electrical (duty cycle)",
AP-7562-67040-US,257757,,"25°C, 50% electrical (duty cycle)",
AP-7562-67040-US,292733,,"0°C, 50% electrical (duty cycle)",
AP-7562-67040-WR,128879,,"25°C, 100% electrical (duty cycle)",
AP-7562-67040-WR,146367,,"0°C, 100% electrical (duty cycle)",
AP-7562-67040-WR,257757,,"25°C, 50% electrical (duty cycle)",
AP-7562-67040-WR,292733,,"0°C, 50% electrical (duty cycle)",
AP-7562-6704M-EU,128879,,"50°C, 100% electrical (duty cycle)",
AP-7562-6704M-EU,146367,,"0°C, 100% electrical (duty cycle)",
AP-7562-6704M-EU,257757,,"25°C, 50% electrical (duty cycle)",
AP-7562-6704M-EU,292733,,"0°C, 50% electrical (duty cycle)",
AP-7562-6704M-US,128879,,"50°C, 100% electrical (duty cycle)",
AP-7562-6704M-US,146367,,"0°C, 100% electrical (duty cycle)",
AP-7562-6704M-US,257757,,"25°C, 50% electrical (duty cycle)",
AP-7562-6704M-US,292733,,"0°C, 50% electrical (duty cycle)",
AP-7562-6704M-WR,128879,,"50°C, 100% electrical (duty cycle)",
AP-7562-6704M-WR,146367,,"0°C, 100% electrical (duty cycle)",
AP-7562-6704M-WR,257757,,"25°C, 50% electrical (duty cycle)",
AP-7562-6704M-WR,292733,,"0°C, 50% electrical (duty cycle)",
AP-8122-66030-EU,310711,,"25°C, 100% electrical (duty cycle)",
AP-8122-66030-EU,621422,,"25°C, 50% electrical (duty cycle)",
AP-8122-66030-US,310711,,"25°C, 100% electrical (duty cycle)",
AP-8122-66030-US,621422,,"25°C, 50% electrical (duty cycle)",
AP-8122-66030-WR,310711,,"25°C, 100% electrical (duty cycle)",
AP-8122-66030-WR,621422,,"25°C, 50% electrical (duty cycle)",
AP-8132-66040-EU,281531,,"25°C, 100% electrical (duty cycle)",
AP-8132-66040-EU,563061,,"25°C, 50% electrical (duty cycle)",
AP-8132-66040-US,281531,,"25°C, 100% electrical (duty cycle)",
AP-8132-66040-US,563061,,"25°C, 50% electrical (duty cycle)",
AP-8132-66040-WR,281531,,"25°C, 100% electrical (duty cycle)",
AP-8132-66040-WR,563061,,"25°C, 50% electrical (duty cycle)",
AP-8163-66S40-EU,294601,,"25°C, 100% electrical (duty cycle)",
AP-8163-66S40-EU,589061,,"25°C, 50% electrical (duty cycle)",
AP-8163-66S40-US,294601,,"25°C, 100% electrical (duty cycle)",
AP-8163-66S40-US,589061,,"25°C, 50% electrical (duty cycle)",
AP-8163-66S40-WR,294601,,"25°C, 100% electrical (duty cycle)",
AP-8163-66S40-WR,589061,,"25°C, 50% electrical (duty cycle)",
AP-8232-67040-EU,365494,,"25°C, 100% electrical (duty cycle)",
AP-8232-67040-EU,730988,,"25°C, 50% electrical (duty cycle)",
AP-8232-67040-US,365494,,"25°C, 100% electrical (duty cycle)",
AP-8232-67040-US,730988,,"25°C, 50% electrical (duty cycle)",
AP-8232-67040-WR,365494,,"25°C, 100% electrical (duty cycle)",
AP-8232-67040-WR,730988,,"25°C, 50% electrical (duty cycle)",
AP-8432-680B30-EU,34292,,"50°C, 100% electrical (duty cycle)",
AP-8432-680B30-EU,68584,,"50°C, 50% electrical (duty cycle)",
AP-8432-680B30-EU,152174,,"25°C, 100% electrical (duty cycle)",
AP-8432-680B30-EU,304347,,"25°C, 50% electrical (duty cycle)",
AP-8432-680B30-US,34292,,"50°C, 100% electrical (duty cycle)",
AP-8432-680B30-US,68584,,"50°C, 50% electrical (duty cycle)",
AP-8432-680B30-US,152174,,"25°C, 100% electrical (duty cycle)",
AP-8432-680B30-US,304347,,"25°C, 50% electrical (duty cycle)",
AP-8432-680B30-WR,34292,,"50°C, 100% electrical (duty cycle)",
AP-8432-680B30-WR,68584,,"50°C, 50% electrical (duty cycle)",
AP-8432-680B30-WR,152174,,"25°C, 100% electrical (duty cycle)",
AP-8432-680B30-WR,304347,,"25°C, 50% electrical (duty cycle)",
AP-8533-68SB30-EU,32048,,"50°C, 100% electrical (duty cycle)",
AP-8533-68SB30-EU,64096,,"50°C, 50% electrical (duty cycle)",
AP-8533-68SB30-EU,141325,,"25°C, 100% electrical (duty cycle)",
AP-8533-68SB30-EU,282649,,"25°C, 50% electrical (duty cycle)",
AP-8533-68SB30-US,32048,,"50°C, 100% electrical (duty cycle)",
AP-8533-68SB30-US,64096,,"50°C, 50% electrical (duty cycle)",
AP-8533-68SB30-US,141325,,"25°C, 100% electrical (duty cycle)",
AP-8533-68SB30-US,282649,,"25°C, 50% electrical (duty cycle)",
AP-8533-68SB30-WR,32048,,"50°C, 100% electrical (duty cycle)",
AP-8533-68SB30-WR,64096,,"50°C, 50% electrical (duty cycle)",
AP-8533-68SB30-WR,141325,,"25°C, 100% electrical (duty cycle)",
AP-8533-68SB30-WR,282649,,"25°C, 50% electrical (duty cycle)",
AP-8533-68SB40-EU,31951,,"50°C, 100% electrical (duty cycle)",
AP-8533-68SB40-EU,63902,,"50°C, 50% electrical (duty cycle)",
AP-8533-68SB40-EU,140680,,"25°C, 100% electrical (duty cycle)",
AP-8533-68SB40-EU,281360,,"25°C, 50% electrical (duty cycle)",
AP-8533-68SB40-US,31951,,"50°C, 100% electrical (duty cycle)",
AP-8533-68SB40-US,63902,,"50°C, 50% electrical (duty cycle)",
AP-8533-68SB40-US,140680,,"25°C, 100% electrical (duty cycle)",
AP-8533-68SB40-US,281360,,"25°C, 50% electrical (duty cycle)",
AP-8533-68SB40-WR,31951,,"50°C, 100% electrical (duty cycle)",
AP-8533-68SB40-WR,63902,,"50°C, 50% electrical (duty cycle)",
AP-8533-68SB40-WR,140680,,"25°C, 100% electrical (duty cycle)",
AP-8533-68SB40-WR,281360,,"25°C, 50% electrical (duty cycle)",
AP-PSBIAS-2P2-AFR,147051,,802.3af GB POE Injector,
AP-PSBIAS-2P3-ATR,138622,,802.3at GB POE Injector,
AP-PSBIAS-7161-US,212138,,OUTDOOR POE INJECTOR US,
AP-PSBIAS-7161-WW,212138,,OUTDOOR POE INJECTOR ROW,
B5G124-24,394679,2,B5 STK 24X3SPD+4SFP,
B5G124-24P2,345093,2,B5 STK 24X3SPD-ATPOE+4SFP,
B5G124-48,308359,2,B5 STK 48X3SPD+4SFP,
B5G124-48P2,260806,2,B5 STK 48X3SPD-ATPOE+4SFP,
B5K125-24,374029,2,B5 STK 24X3SPD+2SFPPLUS,
B5K125-24P2,328905,2,B5 STK 24X3SPD-ATPOE+2SFPPLUS,
B5K125-48,297808,2,B5 STK 48X3SPD+2SFPPLUS,
B5K125-48P2,252940,2,B5 STK 48X3SPD+2SFPPLUS,
C5G124-24,395557,2,C5 STACK 24X10/100/1000+4XSFP,
C5G124-24P2,289425,2,C5 STACK 24X10/100/1000AT-POE+4XSFP,
C5G124-48,311897,2,C5 STACK 48X10/100/1000+4XSFP,
C5G124-48P2,229532,2,C5 STACK 48X10/100/1000AT-POE+4XSFP,
C5K125-24,365615,2,C5 STACK 24X10/100/1000+2XSFPP,
C5K125-24P2,273083,2,C5 STACK 24X10/100/1000AT-POE+2SFPP,
C5K125-48,284345,2,C5 STACK 48X10/100/1000+2XSFPP,
C5K125-48P2,213965,2,C5 STACK 48X10/100/1000AT-POE+2XSFPP,
C5K175-24,395839,2,C5 STACK 24XSFP+2XSFPP,
D2G124-12,196559,2,12 X 10/100/1000 FIXED CONFIG L2 SWITCH,
D2G124-12P,144035,2,12 X 10/100/1000 FIXED POE L2 SWITCH,
D2-PWR,60000,2,D2 EXTERNAL POWER BRICK,
D2-PWR-POE,100000,2,EXTERNAL POE POWER BRICK FOR D2 SWITCHES,
DRFONIC-SX-S,417746,2,DUAL PORT GIG FIBER FO NIC - SHIPPED,
DRFONIC-TX-S,425446,2,DUAL PORT FO COPPER NIC - SHIPPED,
DSEMS7-LE,36620,2,DRAGON ENTERPRISE MANAGEMENT SOFTWARE,
DSEMS7-ME,36620,2,DRAGON ENTERPRISE MANAGEMENT SOFTWARE,
DSEMS7-SE,36620,2,DRAGON ENTERPRISE MANAGEMENT SOFTWARE,
DSEMS7-U,36620,2,DRAGON ENTERPRISE MANAGEMENT SOFTWARE,
DSIMBA7-CON,71400,2,SIEM (DSIMBA7-LU) CONSOLE MGR,
DSIMBA7-CON-HA,71400,2,HIGH AVAILABILITY FOR SIEM CONSOLE MGR,
DSIMBA7-EVP,71400,2,DSCC EVENT PROCESSOR,
DSIMBA7-EVP-HA,71400,2,SIEM HIGH AVAILABILITY FOR DSIMBA7-EVP,
DSIMBA7-FAP,74604,2,DSCC FLOW PROCESSOR,
DSIMBA7-FAP-HA,71400,2,SIEM HIGH AVAILABILITY FOR DSIMBA7-FAP,
DSIMBA7-LU,71400,2,DSCC LARGE ENTERPRISE SCALABLE BASE,
DSIMBA7-LU-HA,71400,2,SIEM HIGH AVAILABILITY FOR DSIMBA7-LU,
DSIMBA7-SE,63500,2,DSCC WITH INTEGRATED FLOW SENSOR,
DSIMBA7-SE-HA,70500,2,SIEM HIGH AVAILABILITY FOR DSIMBA7-SE,
DSNBA7-1G-SX,77800,2,BEHAVIORAL FLOW SENSOR APPLIANCE 1G-SX,
DSNBA7-1G-SX-HA,77800,2,SIEM HIGH AVAILABILITY FOR DSNBA7-1G-SX,
G3G124-24,119152,2,24TX SWITCH - ORDER POWER SEPARATELY,
G3G124-24P,107645,2,24TX POE SWITCH -ORDER POWER SEPARATELY,
G3G170-24,134153,2,24SFP SWITCH - ORDER POWER SEPARATELY,
G3G-24SFP,394524,2,G3 I/O CARD - 24 SFP PORTS,
G3G-24TX,354050,2,G3 I/O CARD - 24 TX & 2 SFP COMBO PORTS,
G3K-2XFP,349617,2,G3 I/O CARD - DUAL 10GB XFP PORTS,
G3K-4XFP,246568,2,G3 I/O CARD - QUAD 10GB XFP PORTS,
G3-PWR,645085,2,G3 POWER SUPPLY - NON-POE,
G3-PWR-625W,967549,2,625W POE POWER SUPPLY FOR G3 SWITCH,
G3-PWR-POE,498155,2,G3 POWER SUPPLY - POE,
I3H-12TX,657722,2,INDUSTRIAL SWITCH 12 PT 10/100 I/O CARD,
I3H252-12TX,182146,2,FACTORY CONFIGURED I3H252-02 & I3H-12TX,
I3H252-16FXM,122556,2,16 PORT 100BASE-FX I-SERIES SWITCH,
I3H252-24TX,142643,2,FACTORY CONFIGURED 24 PT 10/100 I-SERIES,
I3H252-8FXM-12TX,131839,2,8 100BASE-FX & 12 TX I-SERIES SWITCH,
I3H-8FX-MM,477350,2,INDUSTRIAL SWITCH 8 PT MMF FX I/O CARD,
I3H-PWR,820000,2,24VDC POWER UNIT FOR I-SERIES SWITCH,
I-MGBIC-GLX,7407000,2,INDUSTRIAL 1000LX SFP,
I-MGBIC-GSX,5211000,2,INDUSTRIAL 1000SX SFP,
K10-CHASSIS,503723,2,K-SERIES 10 SLOT CHASSIS AND FAN TRAY,
K10-CHASSIS WO Fan,632104,,K10-CHASSIS WO Fan,
K10-FAN,2480159,2,K10 FAN TRAY,
K6-CHASSIS,805142,2,K-SERIES 6 SLOT CHASSIS AND FAN TRAY,
K6-CHASSIS WO Fan,962634,,K6-CHASSIS WO Fan,
K6-FAN,4921260,2,K6 FAN TRAY,
K-AC-PS,493312,2,K-SERIES POWER SUPPLY,
KG2001-0224,568399,2,K 24 PORT 1GB SFP IOM,
KK2008-0204,574024,2,K 4 PORT 10GB SFP+ IOM,
KK2008-0204-F1,107482,2,K6 MGMT/FABRIC W 4 10GB VIA SFP+,
KK2008-0204-F2,79938,2,K10 MGMT/FABRIC W 4 10GB VIA SFP+,
K-POE-4BAY,8012820,2,K EXTERNAL 4 BAY POWER SHELF,
KT2006-0224,423378,2,K 24 PORT 10/100/1000 802.3AT POE IOM,
KT2010-0224,231845,2,K 24 PORT MINI-RJ21 802.3AT POE IOM,
MGBIC-02,4068349,2,"1000BASE-T, RJ45 MINI GBIC",
MGBIC-08,581835,2,MINI GBIC 1000BASE-ELX (70KM) 1 LC PORT,
MGBIC-100BT,6666667,2,100BASE-T SFP,
MGBIC-BX10-D,3714240,2,1000BASE-BX10-D BIDIRECTIONAL SFP,
MGBIC-BX10-U,9802440,2,1000BASE-BX10-U BIDIRECTIONAL SFP,
MGBIC-BX120-D,2130000,2,1000BASE-BX120-D SFP,
MGBIC-BX120-U,2130000,2,1000BASE-BX120-U SFP,
MGBIC-BX40-D,2500000,2,1000BASE-BX40-D SFP,
MGBIC-BX40-U,2700000,2,1000BASE-BX40-U BIDIRECTIONAL SFP,
MGBIC-LC01,10000000,2,MINI GBIC 1000BASESX W/ 1 LC MM PORT,
MGBIC-LC03,10000000,2,MINI GBIC 1000BASE-FX W/ 1 LC MM PT -2KM,
MGBIC-LC04,77004,2,"100BASE-FX, MM, 1310NM 2 KM, LC SFP",
MGBIC-LC05,4860000,2,"100BASE-LX10, SM, 1310NM, 10 KM, LC SFP",
MGBIC-LC07,3435000,2,"1GB,802.3 SM,1550 NM,110 KM,LC SFP",
MGBIC-LC09,10000000,2,MINI GBIC 1000BASELX W/ 1 LC SM PORT,
MGBIC-MT01,10000000,2,MINI GBIC 1000BASESX W/ 1 MTRJ MM PORT,
NAC-A-20,81600,2,NAC APPLIANCE W/ OPT. ASSESSMENT,
NS-A-20,82325,2,"NETSIGHT APPLIANCE, REQUIRES LICENSE",
NX-7500-AC-PSU,100000,,"25°C, 50% electrical (duty cycle)",
NX-7500-DC-PSU,100000,,"25°C, 50% electrical (duty cycle)",
NX-7510-100R0-WR,529920,,"25°C, 50% electrical (duty cycle)",
NX7510E-100R0-APME,529920,,"25°C, 50% electrical (duty cycle)",
NX-7510E-100R0-WR,529920,,"25°C, 50% electrical (duty cycle)",
NX-7510E-100R0-WR,529920,,"25°C, 50% electrical (duty cycle)",
NX-7520-100R0-WR,529920,,"25°C, 50% electrical (duty cycle)",
NX-7530-100R0-WR,529920,,"25°C, 50% electrical (duty cycle)",
NX-9500-100AD-WR,13578,,"40°C, 100% electrical (duty cycle)",
S1-CHASSIS,441678,2,S-SERIES S1 CHASSIS WITH FANS,
S1-CHASSIS-A,429324,2,S-SERIES S1 CHASSIS A WITH FANS,
S1-FAN,1508750,2,S1 FAN TRAY,
S1-FAN-A,1508750,2,S1 A FAN TRAY,
S3-CHASSIS,448570,2,S-SERIES S3 CHASSIS/FANTRAY,
S3-CHASSIS(NO_FAN),894084,,S3-CHASSIS(NO_FAN),
S3-CHASSIS(W/FAN),425658,,S3-CHASSIS(W/FAN),
S3-CHASSIS-A,448570,2,S-SERIES S3 CHASSIS/FANTRAY,
S3-CHASSIS-POE4(NO_FAN),569683,,S3-CHASSIS-POE4(NO_FAN),
S3-CHASSIS-POE4(W/FAN),334873,,S3-CHASSIS-POE4(W/FAN),
S3-CHASSIS-POEA,334269,2,S3 CHASSIS-A AND 4 BAY POE SHELF,
S3-POE-4BAY-UGK,1570105,2,S3 4 BAY POE UPGRADE KIT,
S4-CHASSIS(NO_FAN),557306,,S4-CHASSIS(NO_FAN),
S4-CHASSIS(W/FAN),337493,,S4-CHASSIS(W/FAN),
S4-CHASSIS-POE4(NO_FAN),422104,,S4-CHASSIS-POE4(NO_FAN),
S4-CHASSIS-POE4(W/FAN),277783,,S4-CHASSIS-POE4(W/FAN),
S4-POE-4BAY-UGK,1570105,2,S4 4 BAY POE UPGRADE KIT,
S6-CHASSIS(NO FAN),386569,,S6-CHASSIS(NO FAN),
S6-CHASSIS(W/FAN),160029,,S6-CHASSIS(W/FAN),
S6-CHASSIS-POE4(NO FAN),308246,,S6-CHASSIS-POE4(NO FAN),
S6-CHASSIS-POE4(W/FAN),144798,,S6-CHASSIS-POE4(W/FAN),
S6-Fan,546149,2,S6-Fan,
S8-CHASSIS(NO_FAN),361838,,S8-CHASSIS(NO_FAN),
S8-CHASSIS(W/FAN),191375,,S8-CHASSIS(W/FAN),
S8-CHASSIS-POE4(NO_FAN),294069,,S8-CHASSIS-POE4(NO_FAN),
S8-CHASSIS-POE4(W/FAN),170583,,S8-CHASSIS-POE4(W/FAN),
S8-CHASSIS-POE8(NO_FAN),361839,,S8-CHASSIS-POE8(NO_FAN),
S8-CHASSIS-POE8(W/FAN),191375,,S8-CHASSIS-POE8(W/FAN),
S8-POE-4BAY-UGK,1570105,2,S8 4 BAY POE UPGRADE KIT,
S8-POE-8BAY-UGK,851934,2,S8 8 BAY POE UPGRADE KIT,
S-AC-PS,520412,2,S-SERIES AC POWER SUPPLY S3/S4/S8,
S-AC-PS-15A,520412,2,15 AMP S POWER SUPPLY,
S-FAN,812453,2,S-SERIES FAN TRAY S3/S4/S8,
SG1201-0848,86975,2,S-IOM 48 PORT SFP W2 OPTIONSLOTS,
SG1201-0848-F6,73750,2,S-I/OFAB 48 PORT SFP W2 OPSLOTS,
SG2201-0848,89563,2,S140 48PORT SFP I-O,
SG4101-0248,144519,2,S-IOM 48 PORT SFP W1 OPTION SLOT,
SG5201-0848-F6,73479,2,S155 CLASS I/O FABRIC 48 PORTS SFP +2 OM,
SG8201-0848-F8,81218,2,S180 48PORT SFP FABRIC,
SGL2001-0850,68629,2,"48 PORTS SFP, 2 PORTS QSFP+, S140 I/O",
SK1008-0816,55465,2,S-IOM 16 PORTS SFP PLUS,
SK1208-0808-F6,70762,2,S-I/OFAB 8 SFP+ PORTS W2 OPSLOTS,
SK2008-0832,70424,2,S140 32PORT SFPP I-O,
SK2009-0824,72637,2,S140 24PORT 10GB-T I-O,
SK5208-0808-F6,70513,2,155 CLASS I/O FABRIC 8 PORTS 10GB + 2OM,
SK8008-1224,56083,2,S180 24PORT SFPP I-O,
SK8008-1224-F8,50185,2,S180 24PORT SFPP FABRIC,
SK8009-1224,55954,2,S180 24PORT 10GB-T I-O,
SK8009-1224-F8,49239,2,S180 24PORT 10GB-T FABRIC,
SK8208-0808-F8,75338,2,8 PORTS SFP+ S180 FABRIC WITH 2 OP MOD,
SKL8008-0810-F8,59954,2,"8 PORTS SFP+, 2 PORTS QSFP+ S180 FABRIC",
SL8013-1206,57968,2,S180 6PORT QSFP I-O,
SL8013-1206-F8,50770,2,S180 6PORT QSFP FABRIC,
SOG1201-0112,390911,2,S-OPMOD 12 SFP PORTS,
SOG2201-0112,529176,2,12 PORTS SFP TYPE1 OM,
SOGK2218-0212,558382,2,10SFP 2SFP+ PORTS TYPE2 OM,
SOK1208-0102,467573,2,S-OPMOD 2 SFP PLUS PORTS 2X,
SOK1208-0104,426459,2,S-OPMOD 4 SFP PLUS PORTS 4X,
SOK1208-0204,334035,2,S-OPMOD 4 SFP PLUS PORTS 2X,
SOK2208-0102,471497,2,2 PORTS SFP+ TYPE1 OM,
SOK2208-0104,430572,2,4 PORTS SFP+ TYPE1 OM,
SOK2208-0204,340960,2,4 PORTS SFP+ TYPE2 OM,
SOK2209-0204,445683,2,10GBT TYPE2 OPTION MODULE,
SOT1206-0112,375311,2,S-OPMOD 12 PORTS TS RJ45 POE AT,
SOT2206-0112,381216,2,12 PORTS TRIPLE TYPE1 OM,
SOTK2268-0212,304481,2,10TS 2SFP+ PORTS TYPE2 OM,
SOV3008-0404,3194021,2,4 PORT VSB EXPANSION MODULE,
SOV3208-0202,3046867,2,2 VSB PORT TYPE2 OM,
S-POE-4BAY-PWR,1862544,2,S-SERIES POE CHASSIS 4 BAY,
S-POE-8BAY-PWR,931272,2,S-SERIES POE CHASSIS 8 BAY,
S-POE-PS,400000,2,S-SERIES POE POWER SUPPLY,
SSA-AC-PS-1000W,1304332,2,SSA AC POWER SUPPLY 1000W,
SSA-AC-PS-625W,1586866,2,SSA AC POWER SUPPLY 625W,
SSA-FB-AC-PS-A,500000,2,SSA FTB PS I/O SIDE EXHAUST,
SSA-FB-AC-PS-B,500000,2,SSA FTB PS I-O SIDE INTAKE,
SSA-FB-FAN,2264493,2,SSA FRONT TO BACK FAN TRAY,
SSA-G1018-0652,62651,2,SSA 48 SFP AND 4 SFPP PORTS 1X,
SSA-G8018-0652,112379,2,SSA180 FRONT TO BACK SFP,
SSA-T1068-0652,56349,2,SSA 48 TS RJ45 POE AT AND 4 SFPP PORT 1X,
SSA-T1068-0652A,84952,2,SSA 48TS RJ45 POEAT AND 4 SFPP PORT 1X-A,
SSA-T4068-0252,53471,2,SSA 48 TS RJ45 POE AT AND 4 SFPP PORT 4X,
SSA-T8028-0652,76688,2,SSA180 FRONT TO BACK TRIPLESPEED,
ST1206-0848,73733,2,S-IOM 48 PORTS TS RJ45 POE AT W2 OPSL,
ST1206-0848-F6,64003,2,S-I/OFAB W48 TS AF POE W2 OPTSLOTS,
ST2206-0848,77598,2,S140 48PORT TS I-O,
ST2206-0848A,76957,2,S140 48PORT TS I-O A,
ST4106-0248,112110,2,S-IOM 48 PORT TS RJ45 POE AT W1 OPSLOT,
ST4106-0348-F6,85984,2,S-I/OFAB W48 TS AF POE W1 OPTSLOTS,
ST5206-0848-F6,63799,2,S155 I/O FABRIC 48 PORTS TRIPLE+ 2 OM,
ST8206-0848-F8,67459,2,S180 48PORT TS FABRIC,
ST8206-0848-F8A,68823,2,S180 48PORT TS FABRIC A,
STL2006-0850,60975,2,"48 PORTS TRIPLE, 2 PORTS QSFP+, S140 I/O",
TW-0511-60010-EU,200000,,"TW-0511: WALL PLATE AP,802.11 ABGN, EU",
TW-0511-60010-US,200000,,"TW-0511: WALL PLATE AP,802.11 ABGN, US",
TW-0511-60010-WR,200000,,"TW-0511: WALL PLATE AP,802.11 ABGN, WR",
WS-AP3610,954380,2,DUAL 802.11A/B/G/N INDOOR INT ANTENNA,
WS-AP3705i,751937,2,DUAL BAND 2X2X2 MIMO INDOOR 11ABGN AP,
WS-AP3710e,245540,2,DUAL RADIO 3X3:3 MIMO EXTERNAL ANTENNA,
WS-AP3710i,245540,2,DUAL RADIO 3X3:3 MIMO INTEGRATED ANTENNA,
WS-AP3715e,601343,2,DUAL RADIO 3X3:3 MIMO EXT ANTENNA 2 ENET,
WS-AP3715i,601343,2,DUAL RADIO 3X3:3 MIMO INT ANTENNA 2 ENET,
WS-AP3765e,359160,2,DUAL-BAND 3X3X3 OUTDOOR 11AGN EXT ANT,
WS-AP3765i,359160,2,DUAL-BAND 3X3X3 OUTDOOR 11AGN INT ANT,
WS-AP3767e,332880,2,DUAL BAND 3X3X3 OUT SFP 11AGN INT ANT,
WS-AP3801I,932165,3,"AP3801I DUAL-BAND,SINGLE RADIO 11AC/BGN",
WS-AP3805e,1184321,3,AP3805E 11AC DUAL RADIO EXT ANT,
WS-AP3805i,932165,3,AP3805I 11AC DUAL RADIO INT ANT,
WS-AP3825e,235421,2,DUAL RADIO 11AC 3X3:3 MIMO EXT ANT 2 EN,
WS-AP3825i,235421,2,DUAL RADIO 11AC 3X3:3 MIMO INT ANT 2 EN,
WS-AP3865e,100020,3,DUAL RADIO 802.11AC/GN OUTDOOR EXT ANT,
WS-C25,147552,2,C25 WLAN CONTROLLER,
WS-C5210,86932,2,C5210 WLAN CONTROLLER,
WS-PS3X48-MR,100000,2,3600 MULTI-REGION PS,
37111,"373,024",3,AP-7632-680B30-US,
37112,"373,024",3,AP-7632-680B30-WR,
37113,"488,670",3,AP-7632-680B40-US,
37114,"488,670",3,AP-7632-680B40-WR,
37101,"218,772",3,AP-7612-680B30-US,
37102,"218,772",3,AP-7612-680B30-WR,
37103,"218,772",3,AP-7612-680B30-WR,
37121,"166,091",3,AP-7662-680B30-US,
37122,"166,091",3,AP-7662-680B30-WR,
37123,"163,356",3,AP-7662-680B30-WR,
37124,"163,356",3,AP-7662-680B30-WR,
31028,"373,024",3,WS-AP3915i-FCC,
31029,"373,024",3,WS-AP3915i-ROW,
31031,"488,670",3,WS-AP3915e-FCC,
31032,"488,670",3,WS-AP3915e-ROW,
31050,"166,091",3,WS-AP3917i-FCC,
31051,"166,091",3,WS-AP3917i-ROW,
31055,"163,356",3,WS-AP3917e-FCC,
31056,"163,356",3,WS-AP3917e-ROW,
37121,"163,356",3,AP-7662-680B30-US,
37125,"166,091",3,AP-7662k-680B40-US,
37126,"166,091",3,AP-7662k-680B40-WR,
37127,"163,356",3,AP-7662-680B30-JP,
37128,"166,091",3,AP-7662-680B40-JP,
37129,"166,091",3,AP-7662-680B40-EG,
37130,"163,356",3,AP-7662-680B30-IL,
18104,"514,395",3,"40C, V400-48P-10GE4",
18104,"366,716",3,"50C, V400-48P-10GE4",
31028,"373,024",3,"25C, AP3915i-FCC",
31029,"373,024",3,"25C, AP3915i-ROW",
31031,"488,670",3,"25C, AP3915e-FCC",
31032,"488,670",3,"25C, AP3915e-ROW",
37111,"373,024",3,"25C, AP-7632-680B30-US",
37112,"373,024",3,"25C, AP-7632-680B30-WR",
37113,"488,670",3,"25C, AP-7632-680B40-US",
37114,"488,670",3,"25C, AP-7632-680B40-WR",
37115,"373,024",3,"25C, AP-7632-680B30-EG",
37116,"488,670",3,"25C, AP-7632-680B40-EG",
37117,"373,024",3,"25C, AP-7632-680B30-IL",
31050,"166,091",3,"25C, AP3917i-FCC",
31051,"166,091",3,"25C, AP3917i-FCC",
31055,"163,356",3,"25C, AP3917e-FCC",
31056,"163,356",3,"25C, AP3917e-ROW",
37121,"166,091",3,"25C, AP-7662-680B30-US",
37122,"166,091",3,"25C, AP-7662-680B30-WR",
37123,"163,356",3,"25C, AP-7662-680B40-US",
37124,"163,356",3,"25C, AP-7662-680B40-WR",
37125,"163,356",3,"25C, AP-7662k-680B40-US",
37126,"163,356",3,"25C, AP-7662k-680B40-WR",
37127,"166,091",3,"25C, AP-7662-680B30-JP",
37128,"163,356",3,"25C, AP-7662-680B40-JP",
37129,"163,356",3,"25C, AP-7662-680B40-EG",
37130,"166,091",3,"25C, AP-7662-680B30-IL",
37101,"218,772",3,"25C, AP-7612-680B30-US",
37102,"218,772",3,"25C, AP-7612-680B30-WR",
37103,"218,772",3,"25C, AP-7612-680B30-EG",
33016,"395,961",3,"25C, AP505i-FCC",
33017,"395,961",3,"25C, AP505i-WR",
33010,"322,164",3,"25C, AP510i-FCC",
33011,"322,164",3,"25C, AP510i-WR",
33012,"323,158",3,"25C, AP510e-FCC",
33013,"323,158",3,"25C, AP510e-WR",
39505,"1,383,423",3,"25C, SA201",
AP560h-FCC,"313,544",3,"25C, AP560h-FCC",
AP560i-FCC,"319,436",3,"25C, AP560i-FCC",
AP560m-FCC,"319,436",3,"25C, AP560m-FCC = AP560i+bkts",
AP560t-FCC,"313,544",3,"25C, AP560t-FCC = AP560h+bkts",
AP560u-FCC,"319,436",3,"25C, AP560u-FCC = AP560i+EIO-03/02",
10965,"7,539,729",3,"25C, Remora",
X465-24W,"435,810",3,"25C, X465-24w without PSU and Fan",
X465-24W,"305,230",3,"25C, X465-24w (with 1x 1100w)",
X465-24W,"267,520",3,"25C, X465-24w (with 2x 1100w)",
X465-24W,"301,180",3,"25C, X465-24w (with 1x 2000w)",
X465-24W,"261,359",3,"25C, X465-24w (with 2x 2000w)",
X465-24W,"162,212",3,"50C, X465-24w without PSU and Fan",
X465-24W,"69,689",3,"50C, X465-24w (with 1x 1100w)",
X465-24W,"63,733",3,"50C, X465-24w (with 2x 1100w)",
X465-24W,"69,422",3,"50C, X465-24w (with 1x 2000w)",
X465-24W,"63,287",3,"50C, X465-24w (with 2x 2000w)",
X465-24W,"108,838",3,"60C, X465-24w without PSU and Fan",
X465-24W,"43,132",3,"60C, X465-24w (with 1x 1100w)",
X465-24W,"39,679",3,"60C, X465-24w (with 2x 1100w)",
X465-24W,"43,041",3,"60C, X465-24w (with 1x 2000w)",
X465-24W,"39,525",3,"60C, X465-24w (with 2x 2000w)",
X465-48T,"453,822",3,"25C, X465-48t without PSU and Fan",
X465-48T,"289,719",3,"25C, X465-48t (with 1x350w)",
X465-48T,"259,088",3,"25C, X465-48t (with 2x350w)",
X465-48T,"108,003",3,"50C, X465-48t without PSU and Fan",
X465-48T,"48,299",3,"50C, X465-48t (with 1x350w)",
X465-48T,"45,695",3,"50C, X465-48t (with 2x350w)",
X465-48T,"58,153",3,"60C, X465-48t without PSU and Fan",
X465-48T,"27,077",3,"60C, X465-48t (with 1x350w)",
X465-48T,"25,841",3,"60C, X465-48t (with 2x350w)",
X465-48P,"420,606",3,"25C, X465-48p without PSU and Fan",
X465-48P,"271,785",3,"25C, X465-48p (with 1x 1100w)",
X465-48P,"241,476",3,"25C, X465-48p (with 2x 1100w)",
X465-48P,"102,842",3,"50C, X465-48p without PSU and Fan",
X465-48P,"46,882",3,"50C, X465-48p (with 1x 1100w)",
X465-48P,"44,109",3,"50C, X465-48p (with 2x 1100w)",
X465-48P,"55,946",3,"60C, X465-48p without PSU and Fan",
X465-48P,"26,413",3,"60C, X465-48p (with 1x 1100w)",
X465-48P,"25,076",3,"60C, X465-48p (with 2x 1100w)",
X465-48W,"355,806",3,"25C, X465-48w without PSU and Fan",
X465-48W,"243,168",3,"25C, X465-48w (with 1x 1100w)",
X465-48W,"214,486",3,"25C, X465-48w (with 2x 1100w)",
X465-48W,"240,591",3,"25C, X465-48w (with 1x 2000w)",
X465-48W,"181,433",3,"25C, X465-48w (with 2x 2000w)",
X465-48W,"130,117",3,"50C, X465-48w without PSU and Fan",
X465-48W,"51,835",3,"50C, X465-48w (with 1x 1100w)",
X465-48W,"48,466",3,"50C, X465-48w (with 2x 1100w)",
X465-48W,"51,687",3,"50C, X465-48w (with 1x 2000w)",
X465-48W,"48,208",3,"50C, X465-48w (with 2x 2000w)",
X465-48W,"87,238",3,"60C, X465-48w without PSU and Fan",
X465-48W,"31,798",3,"60C, X465-48w (with 1x 1100w)",
X465-48W,"29,881",3,"60C, X465-48w (with 2x 1100w)",
X465-48W,"31,748",3,"60C, X465-48w (with 1x 2000w)",
X465-48W,"29,793",3,"60C, X465-48w (with 2x 2000w)",
X465-24MU,"374,742",3,"25C, X465-24mu without PSU and Fan",
X465-24MU,"283,877",3,"25C, X465-24mu (with 1x1100w)",
X465-24MU,"204,034",3,"25C, X465-24mu (with 2x1100w)",
X465-24MU,"270,699",3,"25C, X465-24mu (with 1x2000w)",
X465-24MU,"191,350",3,"25C, X465-24mu (with 2x2000w)",
X465-24MU,"137,157",3,"50C, X465-24mu without PSU and Fan",
X465-24MU,"64,618",3,"50C, X465-24mu (with 1x1100w)",
X465-24MU,"59,465",3,"50C, X465-24mu (with 2x1100w)",
X465-24MU,"64,388",3,"50C, X465-24mu (with 1x2000w)",
X465-24MU,"59,076",3,"50C, X465-24mu (with 2x2000w)",
X465-24MU,"92,301",3,"60C, X465-24mu without PSU and Fan",
X465-24MU,"47,550",3,"60C, X465-24mu (with 1x1100w)",
X465-24MU,"43,387",3,"60C, X465-24mu (with 2x1100w)",
X465-24MU,"47,439",3,"60C, X465-24mu (with 1x2000w)",
X465-24MU,"43,203",3,"60C, X465-24mu (with 2x2000w)",
X465-24MU-24W,"383,247",3,"25C, X465-24mu-24w without PSU and Fan",
X465-24MU-24W,"255,680",3,"25C, X465-24mu-24w (with 1x1100w)",
X465-24MU-24W,"228,678",3,"25C, X465-24mu-24w (with 2x1100w)",
X465-24MU-24W,"252,831",3,"25C, X465-24mu-24w (with 1x2000w)",
X465-24MU-24W,"224,161",3,"25C, X465-24mu-24w (with 2x2000w)",
X465-24MU-24W,"128,330",3,"50C, X465-24mu-24w without PSU and Fan",
X465-24MU-24W,"51,549",3,"50C, X465-24mu-24w (with 1x1100w)",
X465-24MU-24W,"48,216",3,"50C, X465-24mu-24w (with 2x1100w)",
X465-24MU-24W,"51,403",3,"50C, X465-24mu-24w (with 1x2000w)",
X465-24MU-24W,"47,960",3,"50C, X465-24mu-24w (with 2x2000w)",
X465-24MU-24W,"79,881",3,"60C, X465-24mu-24w without PSU and Fan",
X465-24MU-24W,"30,765",3,"60C, X465-24mu-24w (with 1x1100w)",
X465-24MU-24W,"28,967",3,"60C, X465-24mu-24w (with 2x1100w)",
X465-24MU-24W,"30,719",3,"60C, X465-24mu-24w (with 1x2000w)",
X465-24MU-24W,"28,885",3,"60C, X465-24mu-24w (with 2x2000w)",
X465-24S,"787,198",3,"25C, X465-24S without PSU and Fan",
X465-24S,"215,743",3,"25C, X465-24S (with 1x 350w)",
X465-24S,"182,955",3,"25C, X465-24S (with 2x 350w)",
X465-24S,"187,914",3,"50C, X465-24S without PSU and Fan",
X465-24S,"57,748",3,"50C, X465-24S (with 1x 350w)",
X465-24S,"52,503",3,"50C, X465-24S (with 2x 350w)",
X465-24S,"101,106",3,"60C, X465-24S without PSU and Fan",
X465-24S,"32,863",3,"60C, X465-24S (with 1x 350w)",
X465-24S,"30,302",3,"60C, X465-24S (with 2x 350w)",
X465-24XE,"751,088",3,"25C, X465-24XE without PSU and Fan",
X465-24XE,"204,039",3,"25C, X465-24XE (with 1x 350w)",
X465-24XE,"196,394",3,"25C, X465-24XE (with 2x 350w)",
X465-24XE,"184,351",3,"50C, X465-24XE without PSU and Fan",
X465-24XE,"57,407",3,"50C, X465-24XE (with 1x 350w)",
X465-24XE,"52,221",3,"50C, X465-24XE (with 2x 350w)",
X465-24XE,"99,741",3,"60C, X465-24XE without PSU and Fan",
X465-24XE,"32,717",3,"60C, X465-24XE (with 1x 350w)",
X465-24XE,"30,178",3,"60C, X465-24XE (with 2x 350w)",
X465-485i-48W,"355,806",3,"25C, X465-485i-48w without PSU and Fan",
X465-485i-48W,"243,168",3,"25C, X465-485i-48w (with 1x 1100w)",
X465-485i-48W,"214,486",3,"25C, X465-485i-48w (with 2x 1100w)",
X465-485i-48W,"240,591",3,"25C, X465-485i-48w (with 1x 2000w)",
X465-485i-48W,"181,433",3,"25C, X465-485i-48w (with 2x 2000w)",
X465-485i-48W,"130,117",3,"50C, X465-485i-48w without PSU and Fan",
X465-485i-48W,"51,835",3,"50C, X465-485i-48w (with 1x 1100w)",
X465-485i-48W,"48,466",3,"50C, X465-485i-48w (with 2x 1100w)",
X465-485i-48W,"51,687",3,"50C, X465-485i-48w (with 1x 2000w)",
X465-485i-48W,"48,208",3,"50C, X465-485i-48w (with 2x 2000w)",
X465-485i-48W,"87,238",3,"60C, X465-485i-48w without PSU and Fan",
X465-485i-48W,"31,798",3,"60C, X465-485i-48w (with 1x 1100w)",
X465-485i-48W,"29,881",3,"60C, X465-485i-48w (with 2x 1100w)",
X465-485i-48W,"31,748",3,"60C, X465-485i-48w (with 1x 2000w)",
X465-485i-48W,"29,793",3,"60C, X465-485i-48w (with 2x 2000w)",
VSP4900-48P,"420,606",3,"25C, VSP4900-48p without PSU and Fan",
VSP4900-48P,"271,785",3,"25C, VSP4900-48p (with 1x 1100w)",
VSP4900-48P,"241,476",3,"25C, VSP4900-48p (with 2x 1100w)",
VSP4900-48P,"102,842",3,"50C, VSP4900-48p without PSU and Fan",
VSP4900-48P,"46,882",3,"50C, VSP4900-48p (with 1x 1100w)",
VSP4900-48P,"44,109",3,"50C, VSP4900-48p (with 2x 1100w)",
VSP4900-48P,"55,946",3,"60C, VSP4900-48p without PSU and Fan",
VSP4900-48P,"26,413",3,"60C, VSP4900-48P (with 1x 1100w)",
VSP4900-48P,"25,076",3,"60C, VSP4900-48P (with 2x 1100w)",
VSP4900-24S,"787,198",3,"25C, VSP4900-24S without PSU and Fan",
VSP4900-24S,"215,743",3,"25C, VSP4900-24S (with 1x 350w)",
VSP4900-24S,"182,955",3,"25C, VSP4900-24S (with 2x 350w)",
VSP4900-24S,"187,914",3,"50C, VSP4900-24S without PSU and Fan",
VSP4900-24S,"57,748",3,"50C, VSP4900-24S (with 1x 350w)",
VSP4900-24S,"52,503",3,"50C, VSP4900-24S (with 2x 350w)",
VSP4900-24S,"101,106",3,"60C, VSP4900-24S without PSU and Fan",
VSP4900-24S,"32,863",3,"60C, VSP4900-24S (with 1x 350w)",
VSP4900-24S,"30,302",3,"60C, VSP4900-24S (with 2x 350w)",
VSP4900-24XE,"751,088",3,"25C, VSP4900-24XE without PSU and Fan",
VSP4900-24XE,"204,039",3,"25C, VSP4900-24XE (with 1x 350w)",
VSP4900-24XE,"196,394",3,"25C, VSP4900-24XE (with 2x 350w)",
VSP4900-24XE,"184,351",3,"50C, VSP4900-24XE without PSU and Fan",
VSP4900-24XE,"57,407",3,"50C, VSP4900-24XE (with 1x 350w)",
VSP4900-24XE,"52,221",3,"50C, VSP4900-24XE (with 2x 350w)",
VSP4900-24XE,"99,741",3,"60C, VSP4900-24XE without PSU and Fan",
VSP4900-24XE,"32,717",3,"60C, VSP4900-24XE (with 1x 350w)",
VSP4900-24XE,"30,178",3,"60C, VSP4900-24XE (with 2x 350w)",
VSP4900-12MXU-12XE,"674,462",3,"25C, VSP4900-12MXU-12XE without PSU and Fan",
VSP4900-12MXU-12XE,"329,166",3,"25C, VSP4900-12MXU-12XE (with 1x 1100w)",
VSP4900-12MXU-12XE,"245,490",3,"25C, VSP4900-12MXU-12XE (with 2x 1100w)",
VSP4900-12MXU-12XE,"193,131",3,"50C, VSP4900-12MXU-12XE without PSU and Fan",
VSP4900-12MXU-12XE,"71,526",3,"50C, VSP4900-12MXU-12XE (with 1x 1100w)",
VSP4900-12MXU-12XE,"62,733",3,"50C, VSP4900-12MXU-12XE (with 2x 1100w)",
VSP4900-12MXU-12XE,"109,815",3,"60C, VSP4900-12MXU-12XE without PSU and Fan",
VSP4900-12MXU-12XE,"41,906",3,"60C, VSP4900-12MXU-12XE (with 1x 1100w)",
VSP4900-12MXU-12XE,"37,537",3,"60C, VSP4900-12MXU-12XE (with 2x 1100w)",
X690-48x-2q-4c,"334,943",3,"25C, X690-48x",
X690-48t-2q-4c,"251,297",3,"25C, X690-48t",
X590-24x-1q-2c,"435,074",3,"25C, X590-24x",
X590-24t-1q-2c,"337,871",3,"25C, X590-24t",
SLX 9030-48s,"334,943",3,"25C, SLX 9030-48s",
SLX 9030-48t,"251,297",3,"25C, SLX 9030-48t",
V400-48P-10GE4,"514,395",3,"40C, V400-48P-10GE4",
V400-48P-10GE4,"366,716",3,"50C, V400-48P-10GE4",
V400-48T-10GE4,"1,176,401",3,"40C, V400-48T-10GE4",
V400-48T-10GE4,"820,195",3,"50C, V400-48T-10GE4",
V400-24P-10GE4,"704,652",3,"40C, V400-24P-10GE4",
V400-24P-10GE4,"502,461",3,"50C, V400-24P-10GE4",
V400-24T-10GE4,"1,640,824",3,"40C, V400-24T-10GE4",
V400-24T-10GE4,"1,125,090",3,"50C, V400-24T-10GE4",
VSP7400-32C-AC-F,"409,156",3,"25C, VSP 7432CQ,6 fans and 2x750W",
VSP7400-32C-AC-R,"494,862",3,"25C, VSP 7432CQ, 6 fans and 2x750W",
VSP7400-48Y-8C-AC-F,"456,377",3,"25C, VSP 7400-48Y, F-B, 6 fans and 2x750W",
VSP7400-48Y-8C-AC-B,"533,672",3,"25C, VSP 7400-48Y, B-F, 6 fans and 2x750W",
SLX9150-48XT-6C-AC-F,"417,272",3,"25C, SLX 9150-48XT, F-B, 6 fans and 2x750W",
SLX9150-48XT-6C-AC-B,"446,063",3,"25C, SLX 9150-48XT, B-F, 6 fans and 2x750W",
SLX9150-48Y-8C-AC-F,"457,799",3,"25C, SLX 9150-48Y, F-B, 6 fans and 2x750W",
SLX9150-48Y-8C-AC-B,"532,939",3,"25C, SLX 9150-48Y, B-F, 6 fans and 2x750W",
V300-8P-2T-W,"486,859",3,"25C, V300-8P-2T-W",
V300-8P-2T-W,"203,219",3,"40C, V300-8P-2T-W",
V300-8P-2T-W,"110,091",3,"60C, V300-8P-2T-W",
V300-8P-2X,"2,163,425",3,"25C, V300-8P-2X",
V300-8P-2X,"1,180,420",3,"40C, V300-8P-2X",
V300-8P-2X,"460,115",3,"60C, V300-8P-2X",
V300(HT)-8P-2X,"1,041,898",3,"25C, V300(HT)-8P-2X",
V300(HT)-8P-2X,"623,631",3,"40C, V300(HT)-8P-2X",
V300(HT)-8P-2X,"182,647",3,"70C, V300(HT)-8P-2X",
V300-8T-2X,"5,749,884",3,"25C, V300-8T-2X",
V300-8T-2X,"2,770,652",3,"40C, V300-8T-2X",
V300-8T-2X,"896,855",3,"60C, V300-8T-2X",
V300(HT)-8T-2X,"3,456,952",3,"25C, V300(HT)-8T-2X",
V300(HT)-8T-2X,"1,900,094",3,"40C, V300(HT)-8T-2X",
V300(HT)-8T-2X,"408,644",3,"70C, V300(HT)-8T-2X",
XA1440,"324,083",3,"25C, Titanium XA1440",
XA1440,"166,879",3,"40C, Titanium XA1440",
XA1480,"324,083",3,"25C, Titanium XA1480",
XA1480,"166,879",3,"40C, Titanium XA1480",
AP130,"863,999",2,"25C, AP130",
AP1130,"451,248",2,"25C, AP1130",
AP245X,"649,117",2,"25C, AP245X",
AP250,"488,686",2,"25C, AP250",
AP230,"546,515",2,"25C, AP230",
AP150W,"1,588,310",3,"25C, AP150W",
AP550,"1,070,440",2,"25C, AP550",
AP122,"1,982,764",2,"25C, AP122",
AP630,"545,896",2,"25C, AP630",
AP30,"6,622,000",3,"25C, AP30",
AP305C,"523,582",3,"25C, AP305C",
AP305CX,"523,582",3,"25C, AP305CX",
AP410C,"898,558",3,"25C, AP410C",
AP460C,"610,139",3,"25C, AP460C",
AP460C,"417,483",3,"60C, AP460C",
AP460C,"389,105",3,"65C, AP460C",
AP460S6C,"610,139",3,"25C, AP460S6C",
AP460S6C,"417,483",3,"60C, AP460S6C",
AP460S6C,"389,105",3,"65C, AP460S6C",
AP460S12C,"610,139",3,"25C, AP460S12C",
AP460S12C,"417,483",3,"60C, AP460S12C",
AP460S12C,"389,105",3,"65C, AP460S12C",
X435-24P-4S,"329,576",3,"25C, X435-24P-4S with open frame PSU",
X435-24P-4S,"225,134",3,"45C, X435-24P-4S with open frame PSU",
X435-24T-4S,"860,883",3,"25C, X435-24T-4S with open frame PSU",
X435-24T-4S,"500,650",3,"45C, X435-24T-4S with open frame PSU",
X435-8P-4S,"954,834",3,"25C, X435-8P-4S",
X435-8P-4S,"685,407",3,"40C, X435-8P-4S with open frame PSU",
X435-8T-4S,"1,794,146",3,"25C, X435-8T-4S",
X435-8T-4S,"902,130",3,"40C, X435-8T-4S with open frame PSU",
X435-8P-2T-W,"995,541",3,"25C, X435-8P-2T-W",
X435-8P-2T-W,"564,629",3,"40C, X435-8P-2T-W with open frame PSU",
AP360i,"1,886,532",3,"0C, AP360i",
AP360i,"684,044",3,"25C, AP360i",
AP360i,"196,638",3,"50C, AP360i",
AP360i,"112,566",3,"60C, AP360i",
AP360e,"1,841,363",3,"0C, AP360e",
AP360e,"658,244",3,"25C, AP360e",
AP360e,"190,160",3,"50C, AP360e",
AP360e,"108,342",3,"60C, AP360e",
AP310i,"1,396,524",3,"0C, AP310i",
AP310i,"637,238",3,"25C, AP310i",
AP310i,"240,189",3,"50C, AP310i",
AP310e,"1,356,533",3,"0C, AP310e",
AP310e,"623,190",3,"25C, AP310e",
AP310e,"228,588",3,"50C, AP310e",
AP460i,"457,053",3,"0C, AP460i",
AP460i,"183,008",3,"25C, AP460i",
AP460i,"66,102",3,"50C, AP460i",
AP460i,"42,221",3,"60C, AP460i",
AP460e,"445,223",3,"0C, AP460e",
AP460e,"177,709",3,"25C, AP460e",
AP460e,"64,331",3,"50C, AP460e",
AP460e,"41,196",3,"60C, AP460e",
AP410i,"1,323,680",3,"0C, AP410i",
AP410i,"603,772",3,"25C, AP410i",
AP410i,"205,127",3,"50C, AP410i",
AP410e,"1,244,707",3,"0C, AP410e",
AP410e,"564,667",3,"25C, AP410e",
AP410e,"194,044",3,"50C, AP410e",
XR600P,"747,248",2,"25C, XR600P",
XR600P,"345,188",2,"40C, XR600P",
XR200P,"392,731",2,"25C, XR200P",
XR200P,"183,009",2,"40C, XR200P",
AP510C,"347,530",2,"25C, AP510C",
AP510C,"160,909",2,"40C, AP510C",
AP510CX,"347,530",2,"25C, AP510CX",
AP510CX,"67,669",2,"55C, AP510CX",
SLX9740-40C-AC-F,"189,747",3,"25C, SLX9740-40C-AC-F (with 2x 1,600w and 6x fans)",
SLX9740-40C-AC-F,"106,232",3,"45C, SLX9740-40C-AC-F (with 2x 1,600w and 6x fans)",
SLX9740-80C-AC-F,"131,836",3,"25C, SLX9740-80C-AC-F (with 4x 1,600w and 4x fans)",
SLX9740-80C-AC-F,"64,300",3,"45C, SLX9740-80C-AC-F (with 4x 1,600w and 4x fans)",
X670-G2-48X-4Q,"395,306",3,"25C, X670-G2-48X-4Q",
X460-G2-24X,"283,640",3,"25C, X460-G2-24X",
ERS-4926GTS-PWR+,"300,014",2,"25C, ERS-4926GTS-PWR+",
ERS-4926GTS,"350,697",2,"25C, ERS-4926GTS",
ISW-8,"521,279",1,"25C, ISW-8",
AP302W,"769,921",3,"25C, AP302W",
AP302W,"386,884",3,"40C, AP302W",
AP302W,"247,254",3,"50C, AP302W",
VX-RPS-1000,"1,478,163",2,"25C, VX-RPS-1000",
VX-RPS-1000,"437,694",2,"50C, VX-RPS-1000",
SLX9250-32C-AC-F,"409,156",3,"25C, SLX9250-32C-AC-F, 6 fans and 1x750W",
SLX9250-32C-AC-R,"409,156",3,"25C, SLX9250-32C-AC-B, 6 fans and 1x750W",
SLX9250-32C-DC-F,"494,862",3,"25C, SLX9250-32C-DC-F, 6 fans and 1x750W",
SLX9250-32C-DC-R,"494,862",3,"25C, SLX9250-32C-DC-B, 6 fans and 1x750W",
VSP7400-32C-DC-F,"409,156",3,"25C, VSP 7432CQ,6 fans and 2x750W",
VSP7400-32C-DC-R,"494,862",3,"25C, VSP 7432CQ, 6 fans and 2x750W",
VSP7400-48Y-8C-DC-F,"456,377",3,"25C, VSP 7400-48Y, F-B, 6 fans and 2x750W",
VSP7400-48Y-8C-DC-B,"533,672",3,"25C, VSP 7400-48Y, B-F, 6 fans and 2x750W",
SLX9150-48Y-8C-DC-F,"457,799",3,"25C, SLX 9150-48Y, F-B, 6 fans and 2x750W",
SLX9150-48Y-8C-DC-B,"532,939",3,"25C, SLX 9150-48Y, B-F, 6 fans and 2x750W",
SLX9150-48XT-6C-DC-F,"417,272",3,"25C, SLX 9150-48XT, F-B, 6 fans and 2x750W",
SLX9150-48XT-6C-DC-B,"446,063",3,"25C, SLX 9150-48XT, B-F, 6 fans and 2x750W",
8720-32C-AC-F,"428,807",3,"25C, 8720-32C with 2x AC 750W, F-B 6x fans",
8720-32C-AC-B,"476,714",3,"25C, 8720-32C with 2x AC 750W, B-F 6x fans",
8720-32C-DC-F,"428,888",3,"25C, 8720-32C with 2x DC 750W, F-B 6x fans",
8720-32C-DC-B,"476,813",3,"25C, 8720-32C with 2x DC 750W, B-F 6x fans",
5520-12MW-36W,"392,662",3,"25C, 5520-12MW-36W without PSU and Fan",
5520-12MW-36W,"237,386",3,"25C, 5520-12MW-36W with 1x AC 2,000w, F-B 3x Fans.",
5520-12MW-36W,"243,763",3,"25C, 5520-12MW-36W with 1x AC 1,100w, F-B 3x Fans.",
5520-12MW-36W,"247,814",3,"25C, 5520-12MW-36W with 1x AC 715w, F-B 3x Fans.",
5520-12MW-36W,"261,118",3,"25C, 5520-12MW-36W with 2x AC 2,000w, F-B 3x Fans.",
5520-12MW-36W,"266,225",3,"25C, 5520-12MW-36W with 2x AC 1,100w, F-B 3x Fans.",
5520-12MW-36W,"269,432",3,"25C, 5520-12MW-36W with 2x AC 715w, F-B 3x Fans.",
5520-12MW-36W,"145,332",3,"50C, 5520-12MW-36W without PSU and Fan",
5520-12MW-36W,"94,810",3,"50C, 5520-12MW-36W with 1x AC 2,000w, F-B 3x Fans.",
5520-12MW-36W,"97,649",3,"50C, 5520-12MW-36W with 1x AC 1,100w, F-B 3x Fans.",
5520-12MW-36W,"98,756",3,"50C, 5520-12MW-36W with 1x AC 715w, F-B 3x Fans.",
5520-12MW-36W,"103,333",3,"50C, 5520-12MW-36W with 2x AC 2,000w, F-B 3x Fans.",
5520-12MW-36W,"105,562",3,"50C, 5520-12MW-36W with 2x AC 1,100w, F-B 3x Fans.",
5520-12MW-36W,"106,422",3,"50C, 5520-12MW-36W with 2x AC 715w, F-B 3x Fans.",
5520-48W,"417,304",3,"25C, 5520-48W without PSU and Fan",
5520-48W,"245,989",3,"25C, 5520-48W with 1x AC 2,000w, F-B 3x Fans.",
5520-48W,"252,844",3,"25C, 5520-48W with 1x AC 1,100w, F-B 3x Fans.",
5520-48W,"257,204",3,"25C, 5520-48W with 1x AC 715w, F-B 3x Fans.",
5520-48W,"271,565",3,"25C, 5520-48W with 2x AC 2,000w, F-B 3x Fans.",
5520-48W,"277,094",3,"25C, 5520-48W with 2x AC 1,100w, F-B 3x Fans.",
5520-48W,"280,569",3,"25C, 5520-48W with 2x AC 715w, F-B 3x Fans.",
5520-48W,"146,624",3,"50C, 5520-48W without PSU and Fan",
5520-48W,"101,122",3,"50C, 5520-48W with 1x AC 2,000w, F-B 3x Fans.",
5520-48W,"104,356",3,"50C, 5520-48W with 1x AC 1,100w, F-B 3x Fans.",
5520-48W,"105,622",3,"50C, 5520-48W with 1x AC 715w, F-B 3x Fans.",
5520-48W,"110,875",3,"50C, 5520-48W with 2x AC 2,000w, F-B 3x Fans.",
5520-48W,"113,445",3,"50C, 5520-48W with 2x AC 1,100w, F-B 3x Fans.",
5520-48W,"114,439",3,"50C, 5520-48W with 2x AC 715w, F-B 3x Fans.",
5520-48T,"506,767",3,"25C, 5520-48T without PSU and Fan",
5520-48T,"294,574",3,"25C, 5520-48T with 1x AC 350w, F-B 3x Fans.",
5520-48T,"322,724",3,"25C, 5520-48T with 2x AC 350w, F-B 3x Fans.",
5520-48T,"181,412",3,"50C, 5520-48T without PSU and Fan",
5520-48T,"115,932",3,"50C, 5520-48T with 1x AC 350w, F-B 3x Fans.",
5520-48T,"125,898",3,"50C, 5520-48T with 2x AC 350w, F-B 3x Fans.",
5520-24W,"480,404",3,"25C, 5520-24W without PSU and Fan",
5520-24W,"257,334",3,"25C, 5520-24W with 1x AC 2,000w, F-B 3x Fans.",
5520-24W,"264,845",3,"25C, 5520-24W with 1x AC 1,100w, F-B 3x Fans.",
5520-24W,"269,633",3,"25C, 5520-24W with 1x AC 715w, F-B 3x Fans.",
5520-24W,"283,918",3,"25C, 5520-24W with 2x AC 2,000w, F-B 3x Fans.",
5520-24W,"289,967",3,"25C, 5520-24W with 2x AC 1,100w, F-B 3x Fans.",
5520-24W,"293,775",3,"25C, 5520-24W with 2x AC 715w, F-B 3x Fans.",
5520-24W,"176,460",3,"50C, 5520-24W without PSU and Fan",
5520-24W,"110,308",3,"50C, 5520-24W with 1x AC 2,000w, F-B 3x Fans.",
5520-24W,"114,168",3,"50C, 5520-24W with 1x AC 1,100w, F-B 3x Fans.",
5520-24W,"115,685",3,"50C, 5520-24W with 1x AC 715w, F-B 3x Fans.",
5520-24W,"121,788",3,"50C, 5520-24W with 2x AC 2,000w, F-B 3x Fans.",
5520-24W,"124,896",3,"50C, 5520-24W with 2x AC 1,100w, F-B 3x Fans.",
5520-24W,"126,102",3,"50C, 5520-24W with 2x AC 715w, F-B 3x Fans.",
5520-24T,"545,928",3,"25C, 5520-24T without PSU and Fan",
5520-24T,"350,548",3,"25C, 5520-24T with 1x AC 350w, F-B 2x Fans.",
5520-24T,"391,149",3,"25C, 5520-24T with 2x AC 350w, F-B 2x Fans.",
5520-24T,"409,290",3,"25C, 5520-24T with 1x AC 350w, B-F 2x Fans.",
5520-24T,"437,901",3,"25C, 5520-24T with 2x AC 350w, B-F 2x Fans.",
5520-24T,"194,619",3,"50C, 5520-24T without PSU and Fan",
5520-24T,"136,785",3,"50C, 5520-24T with 1x AC 350w, F-B 2x Fans.",
5520-24T,"150,877",3,"50C, 5520-24T with 2x AC 350w, F-B 2x Fans.",
5520-24T,"237,093",3,"45C, 5520-24T-BASE without PSU and Fan",
5520-24T,"183,091",3,"45C, 5520-24T with 1x AC 350w, B-F 2x Fans.",
5520-24T,"196,511",3,"45C, 5520-24T with 2x AC 350w, B-F 2x Fans.",
5520-24X,"633,004",3,"25C, 5520-24X without PSU and Fan",
5520-24X,"383,858",3,"25C, 5520-24X with 1x AC 350w, F-B 2x Fans.",
5520-24X,"433,083",3,"25C, 5520-24X with 2x AC 350w, F-B 2x Fans.",
5520-24X,"455,433",3,"25C, 5520-24X with 1x AC 350w, B-F 2x Fans.",
5520-24X,"491,140",3,"25C, 5520-24X with 2x AC 350w, B-F 2x Fans.",
5520-24X,"203,729",3,"50C, 5520-24X without PSU and Fan",
5520-24X,"141,215",3,"50C, 5520-24X with 1x AC 350w, F-B 2x Fans.",
5520-24X,"156,285",3,"50C, 5520-24X with 2x AC 350w, F-B 2x Fans.",
5520-24X,"255,243",3,"45C, 5520-24X-BASE without PSU and Fan",
5520-24X,"193,700",3,"45C, 5520-24X with 1x AC 350w, B-F 2x Fans.",
5520-24X,"208,784",3,"45C, 5520-24X with 2x AC 350w, B-F 2x Fans.",
5520-48SE,"531,218",3,"25C, 5520-48SE without PSU and Fan",
5520-48SE,"300,997",3,"25C, 5520-48SE with 1x AC 350w, F-B 3x Fans.",
5520-48SE,"330,449",3,"25C, 5520-48SE with 2x AC 350w, F-B 3x Fans.",
5520-48SE,"343,304",3,"25C, 5520-48SE with 1x AC 350w, B-F 3x Fans.",
5520-48SE,"363,209",3,"25C, 5520-48SE with 2x AC 350w, B-F 3x Fans.",
5520-48SE,"195,969",3,"50C, 5520-48SE without PSU and Fan",
5520-48SE,"121,420",3,"50C, 5520-48SE with 1x AC 350w, F-B 3x Fans.",
5520-48SE,"132,396",3,"50C, 5520-48SE with 2x AC 350w, F-B 3x Fans.",
5520-48SE,"237,901",3,"45C, 5520-48SE-BASE without PSU and Fan",
5520-48SE,"159,526",3,"45C, 5520-48SE with 1x AC 350w, B-F 3x Fans.",
5520-48SE,"169,618",3,"45C, 5520-48SE with 2x AC 350w, B-F 3x Fans.",
C35,"124,077",3,"25C, C35",
C5215,"50,859",3,"25C, C5215",
E1120,"113,002",3,"25C, E1120",
E2120,"50,859",3,"25C, E2120",
E2122,"33,299",3,"40C, E2122",
E3120,"32,313",3,"40C, E3120",
4120C,"33,509",3,"40C, 4120C",
SLX9540,"306,419",3,"25C, SLX9540 with DC Power Supply",
SLX9540,"327,539",3,"25C, SLX9540 with AC Power Supply",
SLX9640,"338,792",3,"25C, SLX9640",
AP4000,"512,198",3,"25C, AP4000",
AP4000,"242,021",3,"40C, AP4000",
AP4000,"150,635",3,"50C, AP4000",
5420M-48W-4YE,"547,531",3,"25C, 5420M-48W-4YE without PSU",
5420M-48W-4YE,"219,609",3,"25C, 5420M-48W-4YE with CRPS 920w x1",
5420M-48W-4YE,"274,975",3,"25C, 5420M-48W-4YE with CRPS 920w x2",
5420M-48W-4YE,"288,273",3,"25C, 5420M-48W-4YE with CRPS 2,000w x1",
5420M-48W-4YE,"342,300",3,"25C, 5420M-48W-4YE with CRPS 2,000w x2",
5420M-48W-4YE,"304,604",3,"25C, 5420M-48W-4YE with CRPS 920w x1 and CRPS 2,000w x1",
5420M-48W-4YE,"195,251",3,"50C, 5420M-48W-4YE without PSU",
5420M-48W-4YE,"72,376",3,"50C, 5420M-48W-4YE with CRPS 920w x1",
5420M-48W-4YE,"91,589",3,"50C, 5420M-48W-4YE with CRPS 920w x2",
5420M-48W-4YE,"81,745",3,"50C, 5420M-48W-4YE with CRPS 2,000w x1",
5420M-48W-4YE,"101,392",3,"50C, 5420M-48W-4YE with CRPS 2,000w x2",
5420M-48W-4YE,"96,242",3,"50C, 5420M-48W-4YE with CRPS 920w x1 and CRPS 2,000w x1",
5420M-48W-4YE,"128,108",3,"60C, 5420M-48W-4YE without PSU",
5420M-48W-4YE,"50,146",3,"60C, 5420M-48W-4YE with CRPS 920w x1",
5420M-48W-4YE,"62,907",3,"60C, 5420M-48W-4YE with CRPS 920w x2",
5420M-48W-4YE,"56,906",3,"60C, 5420M-48W-4YE with CRPS 2,000w x1",
5420M-48W-4YE,"69,846",3,"60C, 5420M-48W-4YE with CRPS 2,000w x2",
5420M-48W-4YE,"66,195",3,"60C, 5420M-48W-4YE with CRPS 920w x1 and CRPS 2,000w x1",
5420M-48T-4YE,"818,774",3,"25C, 5420M-48T-4YE without PSU",
5420M-48T-4YE,"337,509",3,"25C, 5420M-48T-4YE with CRPS 150w x1",
5420M-48T-4YE,"419,750",3,"25C, 5420M-48T-4YE with CRPS 150w x2",
5420M-48T-4YE,"306,491",3,"50C, 5420M-48T-4YE without PSU",
5420M-48T-4YE,"248,755",3,"50C, 5420M-48T-4YE with CRPS 150w x1",
5420M-48T-4YE,"265,422",3,"50C, 5420M-48T-4YE with CRPS 150w x2",
5420M-48T-4YE,"206,412",3,"60C, 5420M-48T-4YE without PSU",
5420M-48T-4YE,"166,256",3,"60C, 5420M-48T-4YE with CRPS 150w x1",
5420M-48T-4YE,"177,785",3,"60C, 5420M-48T-4YE with CRPS 150w x2",
5420M-24W-4YE,"652,991",3,"25C, 5420M-24W-4YE without PSU",
5420M-24W-4YE,"236,680",3,"25C, 5420M-24W-4YE with CRPS 920w x1",
5420M-24W-4YE,"301,563",3,"25C, 5420M-24W-4YE with CRPS 920w x2",
5420M-24W-4YE,"231,591",3,"50C, 5420M-24W-4YE without PSU",
5420M-24W-4YE,"77,412",3,"50C, 5420M-24W-4YE with CRPS 920w x1",
5420M-24W-4YE,"99,806",3,"50C, 5420M-24W-4YE with CRPS 920w x2",
5420M-24W-4YE,"152,119",3,"60C, 5420M-24W-4YE without PSU",
5420M-24W-4YE,"53,850",3,"60C, 5420M-24W-4YE with CRPS 920w x1",
5420M-24W-4YE,"68,848",3,"60C, 5420M-24W-4YE with CRPS 920w x2",
5420M-24T-4YE,"842,727",3,"25C, 5420M-24T-4YE without PSU",
5420M-24T-4YE,"341,393",3,"25C, 5420M-24T-4YE with CRPS 150w x1",
5420M-24T-4YE,"425,775",3,"25C, 5420M-24T-4YE with CRPS 150w x2",
5420M-24T-4YE,"311,237",3,"50C, 5420M-24T-4YE without PSU",
5420M-24T-4YE,"251,809",3,"50C, 5420M-24T-4YE with CRPS 150w x1",
5420M-24T-4YE,"268,901",3,"50C, 5420M-24T-4YE with CRPS 150w x2",
5420M-24T-4YE,"210,420",3,"60C, 5420M-24T-4YE without PSU",
5420M-24T-4YE,"168,818",3,"60C, 5420M-24T-4YE with CRPS 150w x1",
5420M-24T-4YE,"180,718",3,"60C, 5420M-24T-4YE with CRPS 150w x2",
5420M-16MW-32P-4YE,"576,512",3,"25C, 5420M-16MW-32P-4YE without PSU",
5420M-16MW-32P-4YE,"224,128",3,"25C, 5420M-16MW-32P-4YE with CRPS 920w x1",
5420M-16MW-32P-4YE,"281,986",3,"25C, 5420M-16MW-32P-4YE with CRPS 920w x2",
5420M-16MW-32P-4YE,"296,110",3,"25C, 5420M-16MW-32P-4YE with CRPS 2000w x1",
5420M-16MW-32P-4YE,"313,368",3,"25C, 5420M-16MW-32P-4YE with CRPS 920w x1 and CRPS 2000w x1",
5420M-16MW-32P-4YE,"353,406",3,"25C, 5420M-16MW-32P-4YE with CRPS 2000w x2",
5420M-16MW-32P-4YE,"206,938",3,"50C, 5420M-16MW-32P-4YE without PSU",
5420M-16MW-32P-4YE,"73,923",3,"50C, 5420M-16MW-32P-4YE with CRPS 920w x1",
5420M-16MW-32P-4YE,"94,081",3,"50C, 5420M-16MW-32P-4YE with CRPS 920w x2",
5420M-16MW-32P-4YE,"83,724",3,"50C, 5420M-16MW-32P-4YE with CRPS 2000w x1",
5420M-16MW-32P-4YE,"98,997",3,"50C, 5420M-16MW-32P-4YE with CRPS 920w x1 and CRPS 2000w x1",
5420M-16MW-32P-4YE,"104,217",3,"50C, 5420M-16MW-32P-4YE with CRPS 2000w x2",
5420M-16MW-32P-4YE,"135,675",3,"60C, 5420M-16MW-32P-4YE without PSU",
5420M-16MW-32P-4YE,"51,265",3,"60C, 5420M-16MW-32P-4YE with CRPS 920w x1",
5420M-16MW-32P-4YE,"64,678",3,"60C, 5420M-16MW-32P-4YE with CRPS 920w x2",
5420M-16MW-32P-4YE,"58,351",3,"60C, 5420M-16MW-32P-4YE with CRPS 2000w x1",
5420M-16MW-32P-4YE,"68,159",3,"60C, 5420M-16MW-32P-4YE with CRPS 920w x1 and CRPS 2000w x1",
5420M-16MW-32P-4YE,"71,847",3,"60C, 5420M-16MW-32P-4YE with CRPS 2000w x2",
5420F-48P-4XE,"406,882",3,"25C, 5420F-48P-4XE without PSU",
5420F-48P-4XE,"270,052",3,"25C, 5420F-48P-4XE with OFPS 860w x1",
5420F-48P-4XE,"264,420",3,"25C, 5420F-48P-4XE with OFPS 860w x1 + CRPS 920w x1",
5420F-48P-4XE,"149,345",3,"50C, 5420F-48P-4XE without PSU",
5420F-48P-4XE,"80,331",3,"50C, 5420F-48P-4XE with OFPS 860w x1",
5420F-48P-4XE,"86,867",3,"50C, 5420F-48P-4XE with OFPS 860w x1 + CRPS 920w x1",
5420F-48P-4XE,"100,493",3,"60C, 5420F-48P-4XE without PSU",
5420F-48P-4XE,"55,129",3,"60C, 5420F-48P-4XE with OFPS 860w x1",
5420F-48P-4XE,"59,788",3,"60C, 5420F-48P-4XE with OFPS 860w x1 + CRPS 920w x1",
5420F-48P-4XL,"414,751",3,"25C, 5420F-48P-4XL without PSU",
5420F-48P-4XL,"273,496",3,"25C, 5420F-48P-4XL with OFPS 860w x1",
5420F-48P-4XL,"267,721",3,"25C, 5420F-48P-4XL with OFPS 860w x1 + CRPS 920w x1",
5420F-48P-4XL,"154,022",3,"50C, 5420F-48P-4XL without PSU",
5420F-48P-4XL,"81,664",3,"50C, 5420F-48P-4XL with OFPS 860w x1",
5420F-48P-4XL,"88,429",3,"50C, 5420F-48P-4XL with OFPS 860w x1 + CRPS 920w x1",
5420F-48P-4XL,"104,292",3,"60C, 5420F-48P-4XL without PSU",
5420F-48P-4XL,"56,253",3,"60C, 5420F-48P-4XL with OFPS 860w x1",
5420F-48P-4XL,"61,113",3,"60C, 5420F-48P-4XL with OFPS 860w x1 + CRPS 920w x1",
5420F-48T-4XE,"623,178",3,"25C, 5420F-48T-4XE without PSU",
5420F-48T-4XE,"541,636",3,"25C, 5420F-48T-4XE with OFPS 120w x1",
5420F-48T-4XE,"441,361",3,"25C, 5420F-48T-4XE with OFPS 120w x1 +CRPS 150w x1",
5420F-48T-4XE,"234,788",3,"50C, 5420F-48T-4XE without PSU",
5420F-48T-4XE,"207,327",3,"50C, 5420F-48T-4XE with OFPS 120w x1",
5420F-48T-4XE,"212,783",3,"50C, 5420F-48T-4XE with OFPS 120w x1 +CRPS 150w x1",
5420F-48T-4XE,"160,197",3,"60C, 5420F-48T-4XE without PSU",
5420F-48T-4XE,"140,815",3,"60C, 5420F-48T-4XE with OFPS 120w x1",
5420F-48T-4XE,"144,535",3,"60C, 5420F-48T-4XE with OFPS 120w x1 +CRPS 150w x1",
5420F-16MW-32P-4XE,"377,035",3,"25C, 5420F-16MW-32P-4XE without PSU",
5420F-16MW-32P-4XE,"219,064",3,"25C, 5420F-16MW-32P-4XE with OFPS 1200w x1",
5420F-16MW-32P-4XE,"263,301",3,"25C, 5420F-16MW-32P-4XE with OFPS 1,200w x1 + CRPS 1,200wx1",
5420F-16MW-32P-4XE,"139,020",3,"50C, 5420F-16MW-32P-4XE without PSU",
5420F-16MW-32P-4XE,"76,902",3,"50C, 5420F-16MW-32P-4XE with OFPS 1200w x1",
5420F-16MW-32P-4XE,"88,606",3,"50C, 5420F-16MW-32P-4XE with OFPS 1,200w x1 + CRPS 1,200wx1",
5420F-16MW-32P-4XE,"93,914",3,"60C, 5420F-16MW-32P-4XE without PSU",
5420F-16MW-32P-4XE,"52,872",3,"60C, 5420F-16MW-32P-4XE with OFPS 1200w x1",
5420F-16MW-32P-4XE,"61,067",3,"60C, 5420F-16MW-32P-4XE with OFPS 1,200w x1 + CRPS 1,200wx1",
5420F-16W-32P-4XE,"383,424",3,"25C, 5420F-16W-32P-4XE without PSU",
5420F-16W-32P-4XE,"221,205",3,"25C, 5420F-16W-32P-4XE with OFPS 1,200w x1",
5420F-16W-32P-4XE,"266,401",3,"25C, 5420F-16W-32P-4XE with CRPS 1,200w x1 + CRPS 1,200w x1",
5420F-16W-32P-4XE,"139,882",3,"50C, 5420F-16W-32P-4XE without PSU",
5420F-16W-32P-4XE,"77,165",3,"50C, 5420F-16W-32P-4XE with OFPS 1,200w x1",
5420F-16W-32P-4XE,"88,955",3,"50C, 5420F-16W-32P-4XE with CRPS 1,200w x1 + CRPS 1,200w x1",
5420F-16W-32P-4XE,"94,479",3,"60C, 5420F-16W-32P-4XE without PSU",
5420F-16W-32P-4XE,"53,051",3,"60C, 5420F-16W-32P-4XE with OFPS 1,200w x1",
5420F-16W-32P-4XE,"61,306",3,"60C, 5420F-16W-32P-4XE with CRPS 1,200w x1 + CRPS 1,200w x1",
5420F-8W-16P-4XE,"541,183",3,"25C, 5420F-8W-16P-4XE without PSU",
5420F-8W-16P-4XE,"271,147",3,"25C, 5420F-8W-16P-4XE with OFPS 660w x1",
5420F-8W-16P-4XE,"326,619",3,"25C, 5420F-8W-16P-4XE with OFPS 660w x1 + CRPS 600w x1",
5420F-8W-16P-4XE,"196,218",3,"50C, 5420F-8W-16P-4XE without PSU",
5420F-8W-16P-4XE,"95,665",3,"50C, 5420F-8W-16P-4XE with OFPS 660w x1",
5420F-8W-16P-4XE,"119,179",3,"50C, 5420F-8W-16P-4XE with OFPS 660w x1 + CRPS 600w x1",
5420F-8W-16P-4XE,"130,813",3,"60C, 5420F-8W-16P-4XE without PSU",
5420F-8W-16P-4XE,"65,276",3,"60C, 5420F-8W-16P-4XE with OFPS 660w x1",
5420F-8W-16P-4XE,"81,201",3,"60C, 5420F-8W-16P-4XE with OFPS 660w x1 + CRPS 600w x1",
5420F-24P-4XE,"548,157",3,"25C, 5420F-24P-4XE without PSU",
5420F-24P-4XE,"272,887",3,"25C, 5420F-24P-4XE with OFPS 660w x1",
5420F-24P-4XE,"329,146",3,"25C, 5420F-24P-4XE with OFPS 660w x1 + CRPS 600w x1",
5420F-24P-4XE,"197,850",3,"50C, 5420F-24P-4XE without PSU",
5420F-24P-4XE,"96,052",3,"50C, 5420F-24P-4XE with OFPS 660w x1",
5420F-24P-4XE,"119,780",3,"50C, 5420F-24P-4XE with OFPS 660w x1 + CRPS 600w x1",
5420F-24P-4XE,"132,536",3,"60C, 5420F-24P-4XE without PSU",
5420F-24P-4XE,"65,703",3,"60C, 5420F-24P-4XE with OFPS 660w x1",
5420F-24P-4XE,"81,862",3,"60C, 5420F-24P-4XE with OFPS 660w x1 + CRPS 600w x1",
5420F-24S-4XE,"590,144",3,"25C, 5420F-24S-4XE without PSU",
5420F-24S-4XE,"291,032",3,"25C, 5420F-24S-4XE with OFPS 150w x1",
5420F-24S-4XE,"350,197",3,"25C, 5420F-24S-4XE with OFPS 150w x1 + CRPS 150w x1",
5420F-24S-4XE,"222,006",3,"50C, 5420F-24S-4XE without PSU",
5420F-24S-4XE,"190,054",3,"50C, 5420F-24S-4XE with OFPS 150w x1",
5420F-24S-4XE,"157,011",3,"50C, 5420F-24S-4XE with OFPS 150w x1 + CRPS 150w x1",
5420F-24S-4XE,"152,351",3,"60C, 5420F-24S-4XE without PSU",
5420F-24S-4XE,"129,300",3,"60C, 5420F-24S-4XE with OFPS 150w x1",
5420F-24S-4XE,"108,109",3,"60C, 5420F-24S-4XE with OFPS 150w x1 + CRPS 150w x1",
5420F-24T-4XE,"637,131",3,"25C, 5420F-24T-4XE without PSU",
5420F-24T-4XE,"552,146",3,"25C, 5420F-24T-4XE with OFPS 120w x1",
5420F-24T-4XE,"448,314",3,"25C, 5420F-24T-4XE with OFPS 120w x1 and CRPS 150w x1",
5420F-24T-4XE,"237,453",3,"50C, 5420F-24T-4XE without PSU",
5420F-24T-4XE,"209,074",3,"50C, 5420F-24T-4XE with OFPS 120w x1",
5420F-24T-4XE,"214,969",3,"50C, 5420F-24T-4XE with OFPS 120w x1 and CRPS 150w x1",
5420F-24T-4XE,"162,378",3,"60C, 5420F-24T-4XE without PSU",
5420F-24T-4XE,"142,498",3,"60C, 5420F-24T-4XE with OFPS 120w x1",
5420F-24T-4XE,"146,308",3,"60C, 5420F-24T-4XE with OFPS 120w x1 and CRPS 150w x1",
SLX9740-40C-AC-F,"189,747",3,"25C, SLX9740-40C-DC-F (with 2x 1,600w and 6x fans)",
SLX9740-80C-AC-F,"131,836",3,"25C, SLX9740-80C-DC-F (with 4x 1,600w and 4x fans)",
SLX9740-40C-AC-R,"179,789",3,"25C, SLX9740-40C-AC-R (with 2x 1,600w and 6x fans)",
SLX9740-80C-AC-R,"117,151",3,"25C, SLX9740-80C-AC-R (with 4x 1,600w and 4x fans)",
SLX9740-40C-DC-F,"189,747",3,"25C, SLX9740-40C-DC-F (with 2x 1,600w and 6x fans)",
SLX9740-80C-DC-F,"131,836",3,"25C, SLX9740-80C-DC-F (with 4x 1,600w and 4x fans)",
SLX9740-40C-DC-R,"179,789",3,"25C, SLX9740-40C-DC-R (with 2x 1,600w and 6x fans)",
SLX9740-80C-DC-R,"117,151",3,"25C, SLX9740-80C-DC-R (with 4x 1,600w and 4x fans)",
8520-48Y-8C-AC-F,"471,550",3,"25C, 8520-48Y-8C-AC-F (with 2x 800w and 6x fans)",
8520-48Y-8C-AC-R,"520,479",3,"25C, 8520-48Y-8C-AC-R (with 2x 800w and 6x fans)",
8520-48Y-8C-DC-F,"471,560",3,"25C, 8520-48Y-8C-DC-F (with 2x 800w and 6x fans)",
8520-48Y-8C-DC-R,"520,491",3,"25C, 8520-48Y-8C-DC-R (with 2x 800w and 6x fans)",
8520-48Y-8C-AC-F,"178,775",3,"50C, 8520-48Y-8C-AC-F (with 2x 800w and 6x fans)",
8520-48Y-8C-AC-R,"255,358",3,"45C, 8520-48Y-8C-AC-R (with 2x 800w and 6x fans)",
8520-48Y-8C-DC-F,"178,776",3,"50C, 8520-48Y-8C-DC-F (with 2x 800w and 6x fans)",
8520-48Y-8C-DC-R,"255,361",3,"45C, 8520-48Y-8C-DC-R (with 2x 800w and 6x fans)",
8520-48XT-6C-AC-F,"439,148",3,"25C, 8520-48XT-6C-AC-F (with 2x 800w and 6x fans)",
8520-48XT-6C-AC-R,"421,453",3,"25C, 8520-48XT-6C-AC-R (with 2x 800w and 6x fans)",
8520-48XT-6C-DC-F,"439,156",3,"25C, 8520-48XT-6C-DC-F (with 2x 800w and 6x fans)",
8520-48XT-6C-DC-R,"421,461",3,"25C, 8520-48XT-6C-DC-R (with 2x 800w and 6x fans)",
8520-48XT-6C-AC-F,"187,306",3,"50C, 8520-48XT-6C-AC-F (with 2x 800w and 6x fans)",
8520-48XT-6C-AC-R,"176,924",3,"45C, 8520-48XT-6C-AC-R (with 2x 800w and 6x fans)",
8520-48XT-6C-DC-F,"187,308",3,"50C, 8520-48XT-6C-DC-F (with 2x 800w and 6x fans)",
8520-48XT-6C-DC-R,"176,926",3,"45C, 8520-48XT-6C-DC-R (with 2x 800w and 6x fans)",
9920-NPB-8,"456,013",3,"25C, 9920-NPB-8 (Chassis)",
9920-NPB-8,"129,093",3,"55C, 9920-NPB-8 (Chassis)",
9920-16C,"370,228",3,"25C, 9920-16C",
9920-16C,"47,860",3,"55C, 9920-16C",
XR600,"276,738",3,"25C, XR600",
XR600,"248,998",3,"40C, XR600",
X695-48Y-8C,"456,377",3,"25C, X695-48Y-8C, F-B, 6 fans and 2x750W AC PSU",
X695-48Y-8C,"533,672",3,"25C, X695-48Y-8C, B-F, 6 fans and 2x750W AC PSU",
X695-48Y-8C,"456,377",3,"25C, X695-48Y-8C, F-B, 6 fans and 2x750W DC PSU",
X695-48Y-8C,"533,672",3,"25C, X695-48Y-8C, B-F, 6 fans and 2x750W DC PSU",
AP5050D,"554,715",3,"25C, AP5050D",
AP5050D,"279,494",3,"40C, AP5050D",
AP5050D,"179,182",3,"50C, AP5050D",
AP5050D,"140,831",3,"60C, AP5050D",
AP5050D,"106,795",3,"70C, AP5050D",
AP5050U,"592,475",3,"25C, AP5050U",
AP5050U,"299,668",3,"40C, AP5050U",
AP5050U,"192,606",3,"50C, AP5050U",
AP5050U,"154,284",3,"60C, AP5050U",
AP5050U,"119,139",3,"70C, AP5050U",
AP5010,"575,452",3,"25C, AP5010",
AP5010,"292,773",3,"40C, AP5010",
AP5010,"188,748",3,"50C, AP5010",
AP5010U,"575,452",3,"25C, AP5010U",
AP5010U,"292,773",3,"40C, AP5010U",
AP5010U,"188,748",3,"50C, AP5010U",
5320-48P-8XE,"826,592",3,"25C, 5320-48P-8XE with OFPS AC 950W, L-R, 4x internal fans",
5320-48P-8XE,"346,564",3,"50C, 5320-48P-8XE with OFPS AC 950W, L-R, 4x internal fans",
5320-48T-8XE,"1,236,931",3,"25C, 5320-48T-8XE with OFPS AC 90W, L-R, 2x internal fans",
5320-48T-8XE,"556,964",3,"50C, 5320-48T-8XE with OFPS AC 90W, L-R, 2x internal fans",
5320-24P-8XE,"1,196,258",3,"25C, 5320-24P-8XE with OFPS AC 550W, L-R, 3x internal fans",
5320-24P-8XE,"491,595",3,"50C, 5320-24P-8XE with OFPS AC 550W, L-R, 3x internal fans",
5320-24T-8XE,"1,292,504",3,"25C, 5320-24T-8XE with OFPS AC 90W, L-R, 2x internal fans",
5320-24T-8XE,"541,031",3,"50C, 5320-24T-8XE with OFPS AC 90W, L-R, 2x internal fans",
5320-16P-4XE,"788,963",3,"25C, 5320-16P-4XE with OFPS AC 250W, fan-less",
5320-16P-4XE,"260,187",3,"50C, 5320-16P-4XE-DC with OFPS DC 250W, L-R, 2x internal fans",
5320-16P-4XE-DC,"1,265,083",3,"25C, 5320-16P-4XE with OFPS AC 250W, fan-less",
5320-16P-4XE-DC,"491,249",3,"50C, 5320-16P-4XE-DC with OFPS DC 250W, L-R, 2x internal fans",
5720-48MXW,"325,908",3,"25C, 5720-48MXW",
5720-48MXW,"366,597",3,"25C, 5720-48MXW, without PSU",
5720-48MXW,"112,844",3,"50C, 5720-48MXW",
5720-48MXW,"129,350",3,"50C, 5720-48MXW, without PSU",
5720-48MW,"417,583",3,"25C, 5720-48MW",
5720-48MW,"486,814",3,"25C, 5720-48MW, without PSU",
5720-48MW,"122,368",3,"50C, 5720-48MW",
5720-48MW,"142,021",3,"50C, 5720-48MW, without PSU",
5720-24MXW,"351,532",3,"25C, 5720-24MXW",
5720-24MXW,"394,555",3,"25C, 5720-24MXW, without PSU",
5720-24MXW,"124,351",3,"50C, 5720-24MXW",
5720-24MXW,"142,452",3,"50C, 5720-24MXW, without PSU",
5720-24MW,"460,603",3,"25C, 5720-24MW",
5720-24MW,"537,381",3,"25C, 5720-24MW, without PSU",
5720-24MW,"136,016",3,"50C, 5720-24MW",
5720-24MW,"157,974",3,"50C, 5720-24MW, without PSU",
NX-5500-100R0-WR,"71,065",3,NX-5500 Series Controllers at 25C w/o Liquid Crystal Display,
NX-5500-100R0-WR,"58,694",3,NX-5500 Series Controllers at 40C w/o Liquid Crystal Display,
AP3000,"1,773,883",3,"0C, AP3000",
AP3000,"800,087",3,"25C, AP3000",
AP3000,"348,017",3,"50C, AP3000",
100G-SR4-QSFP100M,"14,529,110",,100G SR4 QSFP28 100m,
40G-SR4-QSFP150M,"29,500,000",,40G SR4 QSFP+ 150m 10G-SR interoperable,
8820-40C-AC-F,"225,486",3,"25C, 8820-40C-DC-F (with 2x 1,600w and 6x fans)",
8820-80C-AC-F,"153,251",3,"25C, 8820-80C-DC-F (with 4x 1,600w and 4x fans)",
8820-40C-AC-R,"198,718",3,"25C, 8820-40C-AC-R (with 2x 1,600w and 6x fans)",
8820-80C-AC-R,"129,304",3,"25C, 8820-80C-AC-R (with 4x 1,600w and 4x fans)",
8820-40C-DC-F,"225,486",3,"25C, 8820-40C-DC-F (with 2x 1,600w and 6x fans)",
8820-80C-DC-F,"153,251",3,"25C, 8820-80C-DC-F (with 4x 1,600w and 4x fans)",
8820-40C-DC-R,"198,718",3,"25C, 8820-40C-DC-R (with 2x 1,600w and 6x fans)",
8820-80C-DC-R,"129,304",3,"25C, 8820-80C-DC-R (with 4x 1,600w and 4x fans)",
37215,"40,000",,"25C, Wall PWR 12VDC, 2A, 2.5mm x 5.5mm x 11mm barrel connector",
37219,"40,000",,"25C, Wall PWR 12VDC, 2A, 2.5mm x 5.5mm x 11mm barrel connector",
PD9150GO-ENT,"189,574",,"25C, SINGLE PORT 802.3AT PLUS OUTDOOR MIDSPAN",
PD9150GO-ENT,"139,755",,"40C, SINGLE PORT 802.3AT PLUS OUTDOOR MIDSPAN",
7520-48Y-8C-AC-F,"471,550",3,"25C, 7520-48Y-8C-AC-F (with 2x 800w and 6x fans)",
7520-48Y-8C-AC-R,"520,479",3,"25C, 7520-48Y-8C-AC-R (with 2x 800w and 6x fans)",
7520-48Y-8C-DC-F,"471,560",3,"25C, 7520-48Y-8C-DC-F (with 2x 800w and 6x fans)",
7520-48Y-8C-DC-R,"520,491",3,"25C, 7520-48Y-8C-DC-R (with 2x 800w and 6x fans)",
7520-48Y-8C-AC-F,"178,775",3,"50C, 7520-48Y-8C-AC-F (with 2x 800w and 6x fans)",
7520-48Y-8C-AC-R,"255,358",3,"45C, 7520-48Y-8C-AC-R (with 2x 800w and 6x fans)",
7520-48Y-8C-DC-F,"178,776",3,"50C, 7520-48Y-8C-DC-F (with 2x 800w and 6x fans)",
7520-48Y-8C-DC-R,"255,361",3,"45C, 7520-48Y-8C-DC-R (with 2x 800w and 6x fans)",
7520-48XT-6C-AC-F,"439,148",3,"25C, 7520-48XT-6C-AC-F (with 2x 800w and 6x fans)",
7520-48XT-6C-AC-R,"421,453",3,"25C, 7520-48XT-6C-AC-R (with 2x 800w and 6x fans)",
7520-48XT-6C-DC-F,"439,156",3,"25C, 7520-48XT-6C-DC-F (with 2x 800w and 6x fans)",
7520-48XT-6C-DC-R,"421,461",3,"25C, 7520-48XT-6C-DC-R (with 2x 800w and 6x fans)",
7520-48XT-6C-AC-F,"187,306",3,"50C, 7520-48XT-6C-AC-F (with 2x 800w and 6x fans)",
7520-48XT-6C-AC-R,"176,924",3,"45C, 7520-48XT-6C-AC-R (with 2x 800w and 6x fans)",
7520-48XT-6C-DC-F,"187,308",3,"50C, 7520-48XT-6C-DC-F (with 2x 800w and 6x fans)",
7520-48XT-6C-DC-R,"176,926",3,"45C, 7520-48XT-6C-DC-R (with 2x 800w and 6x fans)",
7720-32C-AC-F,"428,807",3,"25C, 7720-32C with 2x AC 800W, F-B 6x fans",
7720-32C-AC-B,"476,714",3,"25C, 7720-32C with 2x AC 800W, B-F 6x fans",
7720-32C-DC-F,"428,888",3,"25C, 7720-32C with 2x DC 800W, F-B 6x fans",
7720-32C-DC-B,"476,813",3,"25C, 7720-32C with 2x DC 800W, B-F 6x fans",
ISW-24W-4X,"333,280",3,"25C, ISW-24W-4X",
ISW-24W-4X,"122,698",3,"50C, ISW-24W-4X",
ISW-24W-4X,"45,353",3,"75C, ISW-24W-4X",
ISW-4W-4WS-4X,"442,055",3,"25C, ISW-4W-4WS-4X",
ISW-4W-4WS-4X,"133,323",3,"50C, ISW-4W-4WS-4X",
ISW-4W-4WS-4X,"37,380",3,"75C, ISW-4W-4WS-4X",
7520-48YE-8CE-AC-F,"348,187",3,"25C,7520-48YE-8CE with 2x AC 800W, F-B 6x fans",
7520-48YE-8CE-AC-B,"335,332",3,"25C,7520-48YE-8CE with 2x AC 800W, B-F 6x fans",
7520-48YE-8CE-DC-F,"348,187",3,"25C,7520-48YE-8CE with 2x DC 800W, F-B 6x fans",
7520-48YE-8CE-DC-B,"335,332",3,"25C,7520-48YE-8CE with 2x DC 800W, B-F 6x fans",
7520-48YE-8CE-AC-F,"116,838",3,"50C,7520-48YE-8CE with 2x AC 800W, F-B 6x fans",
7520-48YE-8CE-AC-B,"141,298",3,"45C,7520-48YE-8CE with 2x AC 800W, B-F 6x fans",
7520-48YE-8CE-DC-F,"116,838",3,"50C,7520-48YE-8CE with 2x DC 800W, F-B 6x fans",
7520-48YE-8CE-DC-B,"141,298",3,"45C,7520-48YE-8CE with 2x DC 800W, B-F 6x fans",
5520-24T-ACDC,"697,627",3,"25C, 5520-24T without PSU and Fan",
5520-24T-ACDC,"331,806",3,"25C, 5520-24T with 1x AC 550w, F-B 3x Fans.",
5520-24T-ACDC,"374,545",3,"25C, 5520-24T with 2x AC 550w, F-B 3x Fans.",
5520-24T-ACDC,"317,273",3,"25C, 5520-24T with 1x DC 550w, F-B 3x Fans.",
5520-24T-ACDC,"362,064",3,"25C, 5520-24T with 2x DC 550w, F-B 3x Fans.",
5520-24T-ACDC,"310,520",3,"25C, 5520-24T with 1x AC 550w, B-F 3x Fans.",
5520-24T-ACDC,"356,168",3,"25C, 5520-24T with 2x AC 550w, B-F 3x Fans.",
5520-24T-ACDC,"331,749",3,"25C, 5520-24T with 1x DC 550w, B-F 3x Fans.",
5520-24T-ACDC,"374,492",3,"25C, 5520-24T with 2x DC 550w, B-F 3x Fans.",
5520-24T-ACDC,"280,284",3,"50C, 5520-24T without PSU and Fan",
5520-24T-ACDC,"159,730",3,"50C, 5520-24T with 1x AC 550w, F-B 3x Fans.",
5520-24T-ACDC,"173,944",3,"50C, 5520-24T with 2x AC 550w, F-B 3x Fans.",
5520-24T-ACDC,"166,247",3,"50C, 5520-24T with 1x DC 550w, F-B 3x Fans.",
5520-24T-ACDC,"179,040",3,"50C, 5520-24T with 2x DC 550w, F-B 3x Fans.",
5520-24T-ACDC,"338,383",3,"45C, 5520-24T-BASE without PSU and Fan",
5520-24T-ACDC,"174,963",3,"45C, 5520-24T with 1x AC 550w, B-F 3x Fans.",
5520-24T-ACDC,"195,010",3,"45C, 5520-24T with 2x AC 550w, B-F 3x Fans.",
5520-24T-ACDC,"191,484",3,"45C, 5520-24T with 1x DC 550w, B-F 3x Fans.",
5520-24T-ACDC,"208,368",3,"45C, 5520-24T with 2x DC 550w, B-F 3x Fans.",
5520-48T-ACDC,"634,091",3,"25C, 5520-48T without PSU and Fan",
5520-48T-ACDC,"317,110",3,"25C, 5520-48T with 1x AC 550w, F-B 3x Fans.",
5520-48T-ACDC,"355,926",3,"25C, 5520-48T with 2x AC 550w, F-B 3x Fans.",
5520-48T-ACDC,"303,810",3,"25C, 5520-48T with 1x DC 550w, F-B 3x Fans.",
5520-48T-ACDC,"344,636",3,"25C, 5520-48T with 2x DC 550w, F-B 3x Fans.",
5520-48T-ACDC,"297,612",3,"25C, 5520-48T with 1x AC 550w, B-F 3x Fans.",
5520-48T-ACDC,"339,289",3,"25C, 5520-48T with 2x AC 550w, B-F 3x Fans.",
5520-48T-ACDC,"317,057",3,"25C, 5520-48T with 1x DC 550w, B-F 3x Fans.",
5520-48T-ACDC,"355,877",3,"25C, 5520-48T with 2x DC 550w, B-F 3x Fans.",
5520-48T-ACDC,"251,134",3,"50C, 5520-48T without PSU and Fan",
5520-48T-ACDC,"150,401",3,"50C, 5520-48T with 1x AC 550w, F-B 3x Fans.",
5520-48T-ACDC,"162,939",3,"50C, 5520-48T with 2x AC 550w, F-B 3x Fans.",
5520-48T-ACDC,"156,166",3,"50C, 5520-48T with 1x DC 550w, F-B 3x Fans.",
5520-48T-ACDC,"167,402",3,"50C, 5520-48T with 2x DC 550w, F-B 3x Fans.",
5520-48T-ACDC,"304,684",3,"45C, 5520-48T-BASE without PSU and Fan",
5520-48T-ACDC,"166,000",3,"45C, 5520-48T with 1x AC 550w, B-F 3x Fans.",
5520-48T-ACDC,"183,941",3,"45C, 5520-48T with 2x AC 550w, B-F 3x Fans.",
5520-48T-ACDC,"180,800",3,"45C, 5520-48T with 1x DC 550w, B-F 3x Fans.",
5520-48T-ACDC,"195,780",3,"45C, 5520-48T with 2x DC 550w, B-F 3x Fans.",
5520-48SE-ACDC,"618,066",3,"25C, 5520-48SE without PSU and Fan",
5520-48SE-ACDC,"313,314",3,"25C, 5520-48SE with 1x AC 550w, F-B 3x Fans.",
5520-48SE-ACDC,"351,150",3,"25C, 5520-48SE with 2x AC 550w, F-B 3x Fans.",
5520-48SE-ACDC,"300,323",3,"25C, 5520-48SE with 1x DC 550w, F-B 3x Fans.",
5520-48SE-ACDC,"340,156",3,"25C, 5520-48SE with 2x DC 550w, F-B 3x Fans.",
5520-48SE-ACDC,"294,266",3,"25C, 5520-48SE with 1x AC 550w, B-F 3x Fans.",
5520-48SE-ACDC,"334,947",3,"25C, 5520-48SE with 2x AC 550w, B-F 3x Fans.",
5520-48SE-ACDC,"313,262",3,"25C, 5520-48SE with 1x DC 550w, B-F 3x Fans.",
5520-48SE-ACDC,"351,103",3,"25C, 5520-48SE with 2x DC 550w, B-F 3x Fans.",
5520-48SE-ACDC,"245,671",3,"50C, 5520-48SE without PSU and Fan",
5520-48SE-ACDC,"148,367",3,"50C, 5520-48SE with 1x AC 550w, F-B 3x Fans.",
5520-48SE-ACDC,"160,554",3,"50C, 5520-48SE with 2x AC 550w, F-B 3x Fans.",
5520-48SE-ACDC,"153,974",3,"50C, 5520-48SE with 1x DC 550w, F-B 3x Fans.",
5520-48SE-ACDC,"164,886",3,"50C, 5520-48SE with 2x DC 550w, F-B 3x Fans.",
5520-48SE-ACDC,"297,083",3,"45C, 5520-48SE-BASE without PSU and Fan",
5520-48SE-ACDC,"163,759",3,"45C, 5520-48SE with 1x AC 550w, B-F 3x Fans.",
5520-48SE-ACDC,"181,165",3,"45C, 5520-48SE with 2x AC 550w, B-F 3x Fans.",
5520-48SE-ACDC,"178,118",3,"45C, 5520-48SE with 1x DC 550w, B-F 3x Fans.",
5520-48SE-ACDC,"192,638",3,"45C, 5520-48SE with 2x DC 550w, B-F 3x Fans.",
5520-24X-ACDC,"717,424",3,"25C, 5520-24X without PSU and Fan",
5520-24X-ACDC,"335,188",3,"25C, 5520-24X with 1x AC 550w, F-B 3x Fans.",
5520-24X-ACDC,"378,860",3,"25C, 5520-24X with 2x AC 550w, F-B 3x Fans.",
5520-24X-ACDC,"320,363",3,"25C, 5520-24X with 1x DC 550w, F-B 3x Fans.",
5520-24X-ACDC,"366,094",3,"25C, 5520-24X with 2x DC 550w, F-B 3x Fans.",
5520-24X-ACDC,"313,480",3,"25C, 5520-24X with 1x AC 550w, B-F 3x Fans.",
5520-24X-ACDC,"360,067",3,"25C, 5520-24X with 2x AC 550w, B-F 3x Fans.",
5520-24X-ACDC,"335,128",3,"25C, 5520-24X with 1x DC 550w, B-F 3x Fans.",
5520-24X-ACDC,"378,805",3,"25C, 5520-24X with 2x DC 550w, B-F 3x Fans.",
5520-24X-ACDC,"286,740",3,"50C, 5520-24X without PSU and Fan",
5520-24X-ACDC,"161,726",3,"50C, 5520-24X with 1x AC 550w, F-B 3x Fans.",
5520-24X-ACDC,"176,315",3,"50C, 5520-24X with 2x AC 550w, F-B 3x Fans.",
5520-24X-ACDC,"168,411",3,"50C, 5520-24X with 1x DC 550w, F-B 3x Fans.",
5520-24X-ACDC,"181,552",3,"50C, 5520-24X with 2x DC 550w, F-B 3x Fans.",
5520-24X-ACDC,"345,970",3,"45C, 5520-24X-BASE without PSU and Fan",
5520-24X-ACDC,"176,916",3,"45C, 5520-24X with 1x AC 550w, B-F 3x Fans.",
5520-24X-ACDC,"197,439",3,"45C, 5520-24X with 2x AC 550w, B-F 3x Fans.",
5520-24X-ACDC,"193,826",3,"45C, 5520-24X with 1x DC 550w, B-F 3x Fans.",
5520-24X-ACDC,"211,144",3,"45C, 5520-24X with 2x DC 550w, B-F 3x Fans.",
AP5020,"954,124",3,"0C, AP5020",
AP5020,"599,672",3,"25C, AP5020",
AP5020,"453,476",3,"40C, AP5020",
AP5020,"374,629",3,"50C, AP5020",
4220-12P-4X,"945,707",3,"25C, 4220-12P-4X without OFPS",
4220-12P-4X,"504,047",3,"25C, 4220-12P-4X with OFPS 370W",
4220-12P-4X,"637,090",3,"35C, 4220-12P-4X without OFPS",
4220-12P-4X,"329,286",3,"35C, 4220-12P-4X with OFPS 370W",
4220-12P-4X,"355,044",3,"50C, 4220-12P-4X without OFPS",
4220-12P-4X,"256,703",3,"50C, 4220-12P-4X with OFPS 370W",
4220-12T-4X,"997,427",3,"25C, 4220-12T-4X without OFPS",
4220-12T-4X,"797,257",3,"25C, 4220-12T-4X with OFPS 65W",
4220-12T-4X,"672,547",3,"35C, 4220-12T-4X without OFPS",
4220-12T-4X,"534,735",3,"35C, 4220-12T-4X with OFPS 65W",
4220-12T-4X,"374,957",3,"50C, 4220-12T-4X without OFPS",
4220-12T-4X,"295,747",3,"50C, 4220-12T-4X with OFPS 65W",
4220-24P-4X,"832,252",3,"25C, 4220-24P-4X without OFPS",
4220-24P-4X,"649,524",3,"25C, 4220-24P-4X with OFPS 370W",
4220-24P-4X,"298,793",3,"50C, 4220-24P-4X without OFPS",
4220-24P-4X,"225,928",3,"50C, 4220-24P-4X with OFPS 370W",
4220-24T-4X,"948,717",3,"25C, 4220-24T-4X without OFPS",
4220-24T-4X,"765,828",3,"25C, 4220-24T-4X with OFPS 65W",
4220-24T-4X,"355,690",3,"50C, 4220-24T-4X without OFPS",
4220-24T-4X,"283,629",3,"50C, 4220-24T-4X with OFPS 65W",
4220-48P-4X,"408,338",3,"25C, 4220-48P-4X without OFPS",
4220-48P-4X,"358,650",3,"25C, 4220-48P-4X with OFPS 550W",
4220-48P-4X,"153,226",3,"50C, 4220-48P-4X without OFPS",
4220-48P-4X,"131,285",3,"50C, 4220-48P-4X with OFPS 550W",
4220-48T-4X,"595,976",3,"25C, 4220-48T-4X without OFPS",
4220-48T-4X,"538,051",3,"25C, 4220-48T-4X with OFPS 150W",
4220-48T-4X,"228,696",3,"50C, 4220-48T-4X without OFPS",
4220-48T-4X,"202,686",3,"50C, 4220-48T-4X with OFPS 150W",
4220-4MW-20P-4X,"408,016",3,"25C, 4220-4MW-20P-4X without OFPS",
4220-4MW-20P-4X,"358,402",3,"25C, 4220-4MW-20P-4X with OFPS 550W",
4220-4MW-20P-4X,"362,924",3,"25C, 4220-4MW-20P-4X with OFPS 550W and RPS-550W",
4220-4MW-20P-4X,"151,627",3,"50C, 4220-4MW-20P-4X without OFPS",
4220-4MW-20P-4X,"130,120",3,"50C, 4220-4MW-20P-4X with OFPS 550W",
4220-4MW-20P-4X,"132,343",3,"50C, 4220-4MW-20P-4X with OFPS 550W and RPS-550W",
4220-4MW-8P-4X,"641,888",3,"25C, 4220-4MW-8P-4X without OFPS",
4220-4MW-8P-4X,"402,506",3,"25C, 4220-4MW-8P-4X with OFPS 370W",
4220-4MW-8P-4X,"427,990",3,"35C, 4220-4MW-8P-4X without OFPS",
4220-4MW-8P-4X,"262,899",3,"35C, 4220-4MW-8P-4X with OFPS 370W",
4220-4MW-8P-4X,"235,034",3,"50C, 4220-4MW-8P-4X without OFPS",
4220-4MW-8P-4X,"187,473",3,"50C, 4220-4MW-8P-4X with OFPS 370W",
4220-8MW-40P-4X,"389,792",3,"25C, 4220-8MW-40P-4X without OFPS",
4220-8MW-40P-4X,"343,085",3,"25C, 4220-8MW-40P-4X with OFPS 950W",
4220-8MW-40P-4X,"347,496",3,"25C, 4220-8MW-40P-4X with OFPS 950W and RPS-950W",
4220-8MW-40P-4X,"144,122",3,"50C, 4220-8MW-40P-4X without OFPS",
4220-8MW-40P-4X,"124,068",3,"50C, 4220-8MW-40P-4X with OFPS 950W",
4220-8MW-40P-4X,"126,185",3,"50C, 4220-8MW-40P-4X with OFPS 950W and RPS-950W",
4220-8X,"1,055,806",3,"25C, 4220-8X without OFPS",
4220-8X,"834,123",3,"25C, 4220-8X with OFPS 65W",
4220-8X,"713,220",3,"35C, 4220-8X without OFPS",
4220-8X,"560,133",3,"35C, 4220-8X with OFPS 65W",
4220-8X,"399,122",3,"50C, 4220-8X without OFPS",
4220-8X,"310,578",3,"50C, 4220-8X with OFPS 65W",
5320-24T-24S-4XE-XT,"635,890",3,"25C, 5320-24T-24S-4XE-XT without OFPS",
5320-24T-24S-4XE-XT,"570,373",3,"25C, 5320-24T-24S-4XE-XT with OFPS 150W",
5320-24T-24S-4XE-XT,"576,719",3,"25C, 5320-24T-24S-4XE-XT with OFPS 150W and RPS-150W",
5320-24T-24S-4XE-XT,"166,030",3,"60C, 5320-24T-24S-4XE-XT without OFPS",
5320-24T-24S-4XE-XT,"144,943",3,"60C, 5320-24T-24S-4XE-XT with OFPS 150W",
5320-24T-24S-4XE-XT,"147,892",3,"60C, 5320-24T-24S-4XE-XT with OFPS 150W and RPS-150W",
5320-24T-XT,"406,440",3,"25C, 5320-24T-XT without OFPS",
5320-24T-XT,"368,717",3,"25C, 5320-24T-XT with OFPS 65W",
5320-24T-XT,"373,715",3,"25C, 5320-24T-XT with OFPS 65W and RPS-150W",
5320-24T-XT,"96,128",3,"60C, 5320-24T-XT without OFPS",
5320-24T-XT,"87,125",3,"60C, 5320-24T-XT with OFPS 65W",
5320-24T-XT,"88,376",3,"60C, 5320-24T-XT with OFPS 65W and RPS-150W",
RPS-150W-XT,"1,793,312",3,"25C, RPS-150W-XT without OFPS",
RPS-150W-XT,"1,354,523",3,"25C, RPS-150W-XT with OFPS 150W",
RPS-150W-XT,"345,311",3,"60C, RPS-150W-XT without OFPS",
RPS-150W-XT,"250,878",3,"60C, RPS-150W-XT with OFPS 150W",
RPS-550W,"897,743",3,"25C, RPS-550W without OFPS",
RPS-550W,"688,002",3,"25C, RPS-550W with OFPS 550W",
RPS-550W,"345,311",3,"50C, RPS-550W without OFPS",
RPS-550W,"250,878",3,"50C, RPS-550W with OFPS 550W",
RPS-950W,"911,277",3,"25C, RPS-950W without OFPS",
RPS-950W,"691,266",3,"25C, RPS-950W with OFPS 950W",
RPS-950W,"344,974",3,"50C, RPS-950W without OFPS",
RPS-950W,"248,738",3,"50C, RPS-950W with OFPS 950W",
4120-24MW-4Y,"401,806",3,"25C, 4120-24MW-4Y without OFPS",
4120-24MW-4Y,"258,621",3,"25C, 4120-24MW-4Y with OFPS 860W",
4120-24MW-4Y,"211,046",3,"25C, 4120-24MW-4Y with OFPS 860W and CRPS 920W",
4120-24MW-4Y,"193,304",3,"25C, 4120-24MW-4Y with OFPS 860W and CRPS 1200W",
4120-24MW-4Y,"148,848",3,"50C, 4120-24MW-4Y without OFPS",
4120-24MW-4Y,"115,137",3,"50C, 4120-24MW-4Y with OFPS 860W",
4120-24MW-4Y,"99,502",3,"50C, 4120-24MW-4Y with OFPS 860W and CRPS 920W",
4120-24MW-4Y,"92,088",3,"50C, 4120-24MW-4Y with OFPS 860W and CRPS 1200W",
4120-48MW-4Y,"382,301",3,"25C, 4120-48MW-4Y without OFPS",
4120-48MW-4Y,"242,696",3,"25C, 4120-48MW-4Y with OFPS 1200W",
4120-48MW-4Y,"184,267",3,"25C, 4120-48MW-4Y with OFPS 1200W and CRPS 1200W",
4120-48MW-4Y,"172,304",3,"25C, 4120-48MW-4Y with OFPS 1200W and CRPS 2000W",
4120-48MW-4Y,"144,411",3,"50C, 4120-48MW-4Y without OFPS",
4120-48MW-4Y,"113,492",3,"50C, 4120-48MW-4Y with OFPS 1200W",
4120-48MW-4Y,"91,032",3,"50C, 4120-48MW-4Y with OFPS 1200W and CRPS 1200W",
4120-48MW-4Y,"85,752",3,"50C, 4120-48MW-4Y with OFPS 1200W and CRPS 2000W",
ipe-30so,"228,000",,"25C, ipe-30so",
ipe-30ax,"200,000",,"25C, ipe-30ax",
ipe-40ax-V2,"138,000",,"25C, ipe-40ax-V2",
ipe-420ax,"245,000",,"25C, ipe-420ax",
ipe-2200ax-T,"109,000",,"25C, ipe-2200ax-T",
ipe-2200ax-F,"102,000",,"25C, ipe-2200ax-F",
1130C,"183,130",3,"25C, 1130C Appliance/Controller",
AP4020-WW,"1,304,646",3,"0C, AP4020-WW",
AP4020-WW,"790,357",3,"25C, AP4020-WW",
AP4020-WW,"468,478",3,"50C, AP4020-WW",
AP4020-WW,"375,911",3,"60C, AP4020-WW",
AP4020X,"1,304,646",3,"0C, AP4020X",
AP4020X,"790,357",3,"25C, AP4020X",
AP4020X,"468,478",3,"50C, AP4020X",
AP4020X,"375,911",3,"60C, AP4020X",
AP4020FX,"1,304,646",3,"0C, AP4020FX",
AP4020FX,"790,357",3,"25C, AP4020FX",
AP4020FX,"468,478",3,"50C, AP4020FX",
AP4020FX,"375,911",3,"60C, AP4020FX",
2130C,"136,889",,"25C, 2130C Appliance/Controller",
3150C,"135,337",,"25C, 3150C Appliance/Controller",
3160C,"132,434",,"25C, 3160C Appliance/Controller",
8730-32D,"314,753",3,"25C, 8730-32D without PSU, Fan, SSD, GNSS",
8730-32D,"151,807",3,"25C, 8730-32D with 7x F-B(or B-F) Fans, SSD, GNSS",
8730-32D-AC-F,"114,319",3,"25C, 8730-32D with 1x AC 1600W PSUs and 7x F-B Fans",
8730-32D-AC-F,"124,573",3,"25C, 8730-32D with 2x AC 1600W PSUs and 7x F-B Fans",
8730-32D-DC-F,"114,467",3,"25C, 8730-32D with 1x DC 1600W PSUs and 7x F-B Fans",
8730-32D-DC-F,"124,691",3,"25C, 8730-32D with 2x DC 1600W PSUs and 7x F-B Fans",
8730-32D-AC-R,"114,752",3,"25C, 8730-32D with 1x AC 1600W PSUs and 7x B-F Fans",
8730-32D-AC-R,"124,916",3,"25C, 8730-32D with 2x AC 1600W PSUs and 7x B-F Fans",
8730-32D-DC-R,"114,512",3,"25C, 8730-32D with 1x DC 1600W PSUs and 7x B-F Fans",
8730-32D-DC-R,"124,726",3,"25C, 8730-32D with 2x DC 1600W PSUs and 7x B-F Fans",
8730-32D,"170,466",3,"40C, 8730-32D without PSU, Fan, SSD, GNSS",
8730-32D,"83,057",3,"40C, 8730-32D with 7x F-B(or B-F) Fans, SSD, GNSS",
8730-32D-AC-F,"63,298",3,"40C, 8730-32D with 1x AC 1600W PSUs and 7x F-B Fans",
8730-32D-AC-F,"68,749",3,"40C, 8730-32D with 2x AC 1600W PSUs and 7x F-B Fans",
8730-32D-DC-F,"60,462",3,"40C, 8730-32D with 1x DC 1600W PSUs and 7x F-B Fans",
8730-32D-DC-F,"66,491",3,"40C, 8730-32D with 2x DC 1600W PSUs and 7x F-B Fans",
8730-32D-AC-R,"63,852",3,"40C, 8730-32D with 1x AC 1600W PSUs and 7x B-F Fans",
8730-32D-AC-R,"69,184",3,"40C, 8730-32D with 2x AC 1600W PSUs and 7x B-F Fans",
8730-32D-DC-R,"61,722",3,"40C, 8730-32D with 1x DC 1600W PSUs and 7x B-F Fans",
8730-32D-DC-R,"67,501",3,"40C, 8730-32D with 2x DC 1600W PSUs and 7x B-F Fans",
7830-32CE-8DE,"221,896",3,"25C, 7830-32CE-8DE without PSU, Fan, SSD, GNSS",
7830-32CE-8DE,"207,159",3,"25C, 7830-32CE-8DE without PSU, Fan, with SSD, GNSS",
7830-32CE-8DE,"155,709",3,"25C, 7830-32CE-8DE with 4x F-B(or B-F) Fans, SSD, GNSS",
7830-32CE-8DE,"129,044",3,"25C, 7830-32CE-8DE with 1x AC 2400W PSUs and 4x F-B Fans",
7830-32CE-8DE,"136,856",3,"25C, 7830-32CE-8DE with 2x AC 2400W PSUs and 4x F-B Fans",
7830-32CE-8DE,"123,930",3,"25C, 7830-32CE-8DE with 2x AC 2400W PSUs, 4x F-B Fans and 7830-VIM-16CE",
7830-32CE-8DE,"112,816",3,"25C, 7830-32CE-8DE with 2x AC 2400W PSUs, 4x F-B Fans and 2x 7830-VIM-16CE",
7830-32CE-8DE,"124,777",3,"25C, 7830-32CE-8DE with 2x AC 2400W PSUs, 4x F-B Fans and 7830-VIM-24CE",
7830-32CE-8DE,"114,385",3,"25C, 7830-32CE-8DE with 2x AC 2400W PSUs, 4x F-B Fans and 2x 7830-VIM-24CE",
7830-32CE-8DE,"127,422",3,"25C, 7830-32CE-8DE with 2x AC 2400W PSUs, 4x F-B Fans and 7830-VIM-24YE",
7830-32CE-8DE,"119,054",3,"25C, 7830-32CE-8DE with 2x AC 2400W PSUs, 4x F-B Fans and 2x 7830-VIM-24YE",
7830-32CE-8DE,"124,340",3,"25C, 7830-32CE-8DE with 2x AC 2400W PSUs, 4x F-B Fans and 7830-VIM-8DE",
7830-32CE-8DE,"113,501",3,"25C, 7830-32CE-8DE with 2x AC 2400W PSUs, 4x F-B Fans and 2x 7830-VIM-8DE",
7830-32CE-8DE,"120,186",3,"25C, 7830-32CE-8DE with 1x DC 2400W PSUs and 4x F-B Fans",
7830-32CE-8DE,"130,077",3,"25C, 7830-32CE-8DE with 2x DC 2400W PSUs and 4x F-B Fans",
7830-32CE-8DE,"118,346",3,"25C, 7830-32CE-8DE with 2x DC 2400W PSUs, 4x F-B Fans and 7830-VIM-16CE",
7830-32CE-8DE,"108,169",3,"25C, 7830-32CE-8DE with 2x DC 2400W PSUs, 4x F-B Fans and 2x 7830-VIM-16CE",
7830-32CE-8DE,"119,117",3,"25C, 7830-32CE-8DE with 2x DC 2400W PSUs, 4x F-B Fans and 7830-VIM-24CE",
7830-32CE-8DE,"109,611",3,"25C, 7830-32CE-8DE with 2x DC 2400W PSUs, 4x F-B Fans and 2x 7830-VIM-24CE",
7830-32CE-8DE,"121,526",3,"25C, 7830-32CE-8DE with 2x DC 2400W PSUs, 4x F-B Fans and7830-VIM-24YE",
7830-32CE-8DE,"113,891",3,"25C, 7830-32CE-8DE with 2x DC 2400W PSUs, 4x F-B Fans and 2x 7830-VIM-24YE",
7830-32CE-8DE,"118,719",3,"25C, 7830-32CE-8DE with 2x DC 2400W PSUs, 4x F-B Fans and 7830-VIM-8DE",
7830-32CE-8DE,"108,799",3,"25C, 7830-32CE-8DE with 2x DC 2400W PSUs, 4x F-B Fans and 2x 7830-VIM-8DE",
7830-32CE-8DE,"126,859",3,"25C, 7830-32CE-8DE with 1x AC 2400W PSUs and 4x B-F Fans",
7830-32CE-8DE,"135,209",3,"25C, 7830-32CE-8DE with 2x AC 2400W PSUs and 4x B-F Fans",
7830-32CE-8DE,"122,578",3,"25C, 7830-32CE-8DE with 2x AC 2400W PSUs, 4x B-F Fans and 7830-VIM-16CE",
7830-32CE-8DE,"111,695",3,"25C, 7830-32CE-8DE with 2x AC 2400W PSUs, 4x B-F Fans and 2x 7830-VIM-16CE",
7830-32CE-8DE,"123,406",3,"25C, 7830-32CE-8DE with 2x AC 2400W PSUs, 4x B-F Fans and 7830-VIM-24CE",
7830-32CE-8DE,"113,232",3,"25C, 7830-32CE-8DE with 2x AC 2400W PSUs, 4x B-F Fans and 2x 7830-VIM-24CE",
7830-32CE-8DE,"125,993",3,"25C, 7830-32CE-8DE with 2x AC 2400W PSUs, 4x B-F Fans and 7830-VIM-24YE",
7830-32CE-8DE,"117,806",3,"25C, 7830-32CE-8DE with 2x AC 2400W PSUs, 4x B-F Fans and 2x 7830-VIM-24YE",
7830-32CE-8DE,"122,980",3,"25C, 7830-32CE-8DE with 2x AC 2400W PSUs, 4x B-F Fans and 7830-VIM-8DE",
7830-32CE-8DE,"112,366",3,"25C, 7830-32CE-8DE with 2x AC 2400W PSUs, 4x B-F Fans and 2x 7830-VIM-8DE",
7830-32CE-8DE,"118,476",3,"25C, 7830-32CE-8DE with 1x DC 2400W PSUs and 4x B-F Fans",
7830-32CE-8DE,"128,737",3,"25C, 7830-32CE-8DE with 2x DC 2400W PSUs and 4x B-F Fans",
7830-32CE-8DE,"117,235",3,"25C, 7830-32CE-8DE with 2x DC 2400W PSUs, 4x B-F Fans and 7830-VIM-16CE",
7830-32CE-8DE,"107,241",3,"25C, 7830-32CE-8DE with 2x DC 2400W PSUs, 4x B-F Fans and 2x 7830-VIM-16CE",
7830-32CE-8DE,"117,992",3,"25C, 7830-32CE-8DE with 2x DC 2400W PSUs, 4x B-F Fans and 7830-VIM-24CE",
7830-32CE-8DE,"108,658",3,"25C, 7830-32CE-8DE with 2x DC 2400W PSUs, 4x B-F Fans and 2x 7830-VIM-24CE",
7830-32CE-8DE,"120,355",3,"25C, 7830-32CE-8DE with 2x DC 2400W PSUs, 4x B-F Fans and7830-VIM-24YE",
7830-32CE-8DE,"112,862",3,"25C, 7830-32CE-8DE with 2x DC 2400W PSUs, 4x B-F Fans and 2x 7830-VIM-24YE",
7830-32CE-8DE,"117,602",3,"25C, 7830-32CE-8DE with 2x DC 2400W PSUs, 4x B-F Fans and 7830-VIM-8DE",
7830-32CE-8DE,"107,859",3,"25C, 7830-32CE-8DE with 2x DC 2400W PSUs, 4x B-F Fans and 2x 7830-VIM-8DE",
7830-32CE-8DE,"122,745",3,"40C, 7830-32CE-8DE without PSU, Fan, SSD, GNSS",
7830-32CE-8DE,"114,396",3,"40C, 7830-32CE-8DE without PSU, Fan, with SSD, GNSS",
7830-32CE-8DE,"86,199",3,"40C, 7830-32CE-8DE with 7x F-B(or B-F) Fans, SSD, GNSS",
7830-32CE-8DE,"70,974",3,"40C, 7830-32CE-8DE with 1x AC 2400W PSUs and 4x F-B Fans",
7830-32CE-8DE,"75,414",3,"40C, 7830-32CE-8DE with 2x AC 2400W PSUs and 4x F-B Fans",
7830-32CE-8DE,"68,213",3,"40C, 7830-32CE-8DE with 2x AC 2400W PSUs, 4x F-B Fans and 7830-VIM-16CE",
7830-32CE-8DE,"62,001",3,"40C, 7830-32CE-8DE with 2x AC 2400W PSUs, 4x F-B Fans and 2x 7830-VIM-16CE",
7830-32CE-8DE,"68,657",3,"40C, 7830-32CE-8DE with 2x AC 2400W PSUs, 4x F-B Fans and 7830-VIM-24CE",
7830-32CE-8DE,"62,833",3,"40C, 7830-32CE-8DE with 2x AC 2400W PSUs, 4x F-B Fans and 2x 7830-VIM-24CE",
7830-32CE-8DE,"70,073",3,"40C, 7830-32CE-8DE with 2x AC 2400W PSUs, 4x F-B Fans and 7830-VIM-24YE",
7830-32CE-8DE,"65,333",3,"40C, 7830-32CE-8DE with 2x AC 2400W PSUs, 4x F-B Fans and 2x 7830-VIM-24YE",
7830-32CE-8DE,"68,430",3,"40C, 7830-32CE-8DE with 2x AC 2400W PSUs, 4x F-B Fans and 7830-VIM-8DE",
7830-32CE-8DE,"62,365",3,"40C, 7830-32CE-8DE with 2x AC 2400W PSUs, 4x F-B Fans and 2x 7830-VIM-8DE",
7830-32CE-8DE,"66,586",3,"40C, 7830-32CE-8DE with 1x DC 2400W PSUs and 4x F-B Fans",
7830-32CE-8DE,"72,051",3,"40C, 7830-32CE-8DE with 2x DC 2400W PSUs and 4x F-B Fans",
7830-32CE-8DE,"65,450",3,"40C, 7830-32CE-8DE with 2x DC 2400W PSUs, 4x F-B Fans and 7830-VIM-16CE",
7830-32CE-8DE,"59,710",3,"40C, 7830-32CE-8DE with 2x DC 2400W PSUs, 4x F-B Fans and 2x 7830-VIM-16CE",
7830-32CE-8DE,"65,859",3,"40C, 7830-32CE-8DE with 2x DC 2400W PSUs, 4x F-B Fans and 7830-VIM-24CE",
7830-32CE-8DE,"60,481",3,"40C, 7830-32CE-8DE with 2x DC 2400W PSUs, 4x F-B Fans and 2x 7830-VIM-24CE",
7830-32CE-8DE,"67,160",3,"40C, 7830-32CE-8DE with 2x DC 2400W PSUs, 4x F-B Fans and7830-VIM-24YE",
7830-32CE-8DE,"62,794",3,"40C, 7830-32CE-8DE with 2x DC 2400W PSUs, 4x F-B Fans and 2x 7830-VIM-24YE",
7830-32CE-8DE,"65,650",3,"40C, 7830-32CE-8DE with 2x DC 2400W PSUs, 4x F-B Fans and 7830-VIM-8DE",
7830-32CE-8DE,"60,048",3,"40C, 7830-32CE-8DE with 2x DC 2400W PSUs, 4x F-B Fans and 2x 7830-VIM-8DE",
7830-32CE-8DE,"71,010",3,"40C, 7830-32CE-8DE with 1x AC 2400W PSUs and 4x B-F Fans",
7830-32CE-8DE,"75,455",3,"40C, 7830-32CE-8DE with 2x AC 2400W PSUs and 4x B-F Fans",
7830-32CE-8DE,"68,246",3,"40C, 7830-32CE-8DE with 2x AC 2400W PSUs, 4x B-F Fans and 7830-VIM-16CE",
7830-32CE-8DE,"62,028",3,"40C, 7830-32CE-8DE with 2x AC 2400W PSUs, 4x B-F Fans and 2x 7830-VIM-16CE",
7830-32CE-8DE,"68,691",3,"40C, 7830-32CE-8DE with 2x AC 2400W PSUs, 4x B-F Fans and 7830-VIM-24CE",
7830-32CE-8DE,"62,861",3,"40C, 7830-32CE-8DE with 2x AC 2400W PSUs, 4x B-F Fans and 2x 7830-VIM-24CE",
7830-32CE-8DE,"70,108",3,"40C, 7830-32CE-8DE with 2x AC 2400W PSUs, 4x B-F Fans and 7830-VIM-24YE",
7830-32CE-8DE,"65,364",3,"40C, 7830-32CE-8DE with 2x AC 2400W PSUs, 4x B-F Fans and 2x 7830-VIM-24YE",
7830-32CE-8DE,"68,464",3,"40C, 7830-32CE-8DE with 2x AC 2400W PSUs, 4x B-F Fans and 7830-VIM-8DE",
7830-32CE-8DE,"62,393",3,"40C, 7830-32CE-8DE with 2x AC 2400W PSUs, 4x B-F Fans and 2x 7830-VIM-8DE",
7830-32CE-8DE,"66,618",3,"40C, 7830-32CE-8DE with 1x DC 2400W PSUs and 4x B-F Fans",
7830-32CE-8DE,"72,088",3,"40C, 7830-32CE-8DE with 2x DC 2400W PSUs and 4x B-F Fans",
7830-32CE-8DE,"65,480",3,"40C, 7830-32CE-8DE with 2x DC 2400W PSUs, 4x B-F Fans and 7830-VIM-16CE",
7830-32CE-8DE,"59,735",3,"40C, 7830-32CE-8DE with 2x DC 2400W PSUs, 4x B-F Fans and 2x 7830-VIM-16CE",
7830-32CE-8DE,"65,890",3,"40C, 7830-32CE-8DE with 2x DC 2400W PSUs, 4x B-F Fans and 7830-VIM-24CE",
7830-32CE-8DE,"60,507",3,"40C, 7830-32CE-8DE with 2x DC 2400W PSUs, 4x B-F Fans and 2x 7830-VIM-24CE",
7830-32CE-8DE,"67,192",3,"40C, 7830-32CE-8DE with 2x DC 2400W PSUs, 4x B-F Fans and7830-VIM-24YE",
7830-32CE-8DE,"62,822",3,"40C, 7830-32CE-8DE with 2x DC 2400W PSUs, 4x B-F Fans and 2x 7830-VIM-24YE",
7830-32CE-8DE,"65,681",3,"40C, 7830-32CE-8DE with 2x DC 2400W PSUs, 4x B-F Fans and 7830-VIM-8DE",
7830-32CE-8DE,"60,073",3,"40C, 7830-32CE-8DE with 2x DC 2400W PSUs, 4x B-F Fans and 2x 7830-VIM-8DE",
5120-24X-4Y,"1,057,852",3,"25C, 5120-24X-4Y with 1x AC 550w, F-B 4x Fans.",
5120-24X-4Y,"1,432,829",3,"25C, 5120-24X-4Y with 2x AC 550w, F-B 4x Fans.",
5120-24X-4Y,"923,749",3,"25C, 5120-24X-4Y with 1x AC 550w, B-F 4x Fans.",
5120-24X-4Y,"1,382,666",3,"25C, 5120-24X-4Y with 2x AC 550w, B-F 4x Fans.",
5120-24X-4Y,"344,430",3,"50C, 5120-24X-4Y with 1x AC 550w, F-B 4x Fans.",
5120-24X-4Y,"448,076",3,"50C, 5120-24X-4Y with 2x AC 550w, F-B 4x Fans.",
5120-24X-4Y,"324,689",3,"50C, 5120-24X-4Y with 1x AC 550w, B-F 4x Fans.",
5120-24X-4Y,"430,015",3,"50C, 5120-24X-4Y with 2x AC 550w, B-F 4x Fans.",
5120-24XT-4Y,"958,112",3,"25C, 5120-24XT-4Y with 1x AC 550w, F-B 4x Fans.",
5120-24XT-4Y,"1,255,764",3,"25C, 5120-24XT-4Y with 2x AC 550w, F-B 4x Fans.",
5120-24XT-4Y,"861,174",3,"25C, 5120-24XT-4Y with 1x AC 550w, B-F 4x Fans.",
5120-24XT-4Y,"1,246,792",3,"25C, 5120-24XT-4Y with 2x AC 550w, B-F 4x Fans.",
5120-24XT-4Y,"306,966",3,"50C, 5120-24XT-4Y with 1x AC 550w, F-B 4x Fans.",
5120-24XT-4Y,"386,681",3,"50C, 5120-24XT-4Y with 2x AC 550w, F-B 4x Fans.",
5120-24XT-4Y,"300,718",3,"50C, 5120-24XT-4Y with 1x AC 550w, B-F 4x Fans.",
5120-24XT-4Y,"388,954",3,"50C, 5120-24XT-4Y with 2x AC 550w, B-F 4x Fans.",
5120-44X-4Y-2C,"830,919",3,"25C, 5120-44X-4Y-2C with 1x AC 550w, F-B 6x Fans.",
5120-44X-4Y-2C,"1,045,921",3,"25C, 5120-44X-4Y-2C with 2x AC 550w, F-B 6x Fans.",
5120-44X-4Y-2C,"747,519",3,"25C, 5120-44X-4Y-2C with 1x AC 550w, B-F 6x Fans.",
5120-44X-4Y-2C,"1,021,857",3,"25C, 5120-44X-4Y-2C with 2x AC 550w, B-F 6x Fans.",
5120-44X-4Y-2C,"267,850",3,"50C, 5120-44X-4Y-2C with 1x AC 550w, F-B 6x Fans.",
5120-44X-4Y-2C,"326,600",3,"50C, 5120-44X-4Y-2C with 2x AC 550w, F-B 6x Fans.",
5120-44X-4Y-2C,"253,355",3,"50C, 5120-44X-4Y-2C with 1x AC 550w, B-F 6x Fans.",
5120-44X-4Y-2C,"313,219",3,"50C, 5120-44X-4Y-2C with 2x AC 550w, B-F 6x Fans.",
5320-16P-2MXT-2X,"585,640",3,"25C, 5320-16P-2MXT-2X with internal 305W PSU",
5320-16P-2MXT-2X,"294,599",3,"50C, 5320-16P-2MXT-2X with internal 305W PSU",
AP4060,"1,411,471",4,"0C, AP4060",
AP4060,"841,920",4,"25C, AP4060",
AP4060,"487,223",4,"50C, AP4060",
AP4060,"386,071",4,"60C, AP4060",
AP4060X,"1,409,935",4,"0C, AP4060X",
AP4060X,"840,964",4,"25C, AP4060X",
AP4060X,"486,765",4,"50C, AP4060X",
AP4060X,"385,763",4,"60C, AP4060X",
5420M-24W-24S-4YE,"785,844",3,"25C, 5420M-24W-24S-4YE without one system fan module and PSU",
5420M-24W-24S-4YE,"155,425",3,"25C, 5420M-24W-24S-4YE with one system fan module and one AC 920W",
5420M-24W-24S-4YE,"482,691",3,"25C, 5420M-24W-24S-4YE with one system fan module and one AC 1200W",
5420M-24W-24S-4YE,"206,535",3,"25C, 5420M-24W-24S-4YE with one system fan module and two AC 920W",
5420M-24W-24S-4YE,"517,161",3,"25C, 5420M-24W-24S-4YE with one system fan module and two AC 1200W",
5420M-24W-24S-4YE,"269,705",3,"50C, 5420M-24W-24S-4YE without one system fan module and PSU",
5420M-24W-24S-4YE,"74,839",3,"50C, 5420M-24W-24S-4YE with one system fan module and one AC 920W",
5420M-24W-24S-4YE,"171,388",3,"50C, 5420M-24W-24S-4YE with one system fan module and one AC 1200W",
5420M-24W-24S-4YE,"95,569",3,"50C, 5420M-24W-24S-4YE with one system fan module and two AC 920W",
5420M-24W-24S-4YE,"183,641",3,"50C, 5420M-24W-24S-4YE with one system fan module and two AC 1200W",
AP5060D,"2,932,389",3,"0C, AP5060D",
AP5060D,"962,075",3,"25C, AP5060D",
AP5060D,"264,737",3,"50C, AP5060D",
AP5060D,"158,228",3,"60C, AP5060D",
AP5060U,"3,253,663",3,"0C, AP5060U",
AP5060U,"1,100,498",3,"25C, AP5060U",
AP5060U,"305,705",3,"50C, AP5060U",
AP5060U,"182,702",3,"60C, AP5060U",
XSE-50,"952,764",3,"30C, XSE-50",
XSE-600,"148,331",3,"30C, XSE-600",
